Date,Returns,Volatility,Momentum
2018-01-31,0.011359232053877344,0.06486629270394466,-0.08647194767693045
2018-02-01,-0.1027834196380305,0.06401408428181853,-0.2008174601188838
2018-02-02,-0.037052347802326024,0.06390747915961154,-0.23921380302066853
2018-02-03,0.03897292486481896,0.06423947636828023,-0.28872255509422107
2018-02-04,-0.09786476110758924,0.06082123562782277,-0.28647080246313883
2018-02-05,-0.15968807377551097,0.06548134155668112,-0.3637347667279449
2018-02-06,0.11483809805022926,0.07016574715718875,-0.2865555443937692
2018-02-07,-0.01711377293171268,0.06933727200603468,-0.3290755196042374
2018-02-08,0.08453807822469184,0.07182268281230376,-0.26589431435156696
2018-02-09,0.057030488314931294,0.0726717471168968,-0.21791537647490966
2018-02-10,-0.013171607575021227,0.07067705214832881,-0.24638350420566235
2018-02-11,-0.05705588715872301,0.07035086677959608,-0.3102186140207973
2018-02-12,0.09798315081177211,0.07296908380709144,-0.20978630326274084
2018-02-13,-0.03677344497335466,0.072917882287,-0.149212893296077
2018-02-14,0.10424378247495736,0.07595723046668874,-0.07107549621140241
2018-02-15,0.07075267978887334,0.07109595477326826,0.10859342495867952
2018-02-16,0.006639518158486624,0.07095577654755034,0.15889368294029382
2018-02-17,0.0858714440383399,0.07255551004973532,0.2112053421844644
2018-02-18,-0.050473816513253555,0.07314098835983807,0.2748323492996061
2018-02-19,0.06382797366007709,0.07112377337010617,0.6139272484268021
2018-02-20,0.01589270609507487,0.06869568902273977,0.47068612268667787
2018-02-21,-0.06254985596523333,0.06884756408770515,0.40270041391756317
2018-02-22,-0.06411363144322124,0.06987888480731272,0.2104399309826932
2018-02-23,0.02959516335582202,0.06958606162380869,0.1790228496240165
2018-02-24,-0.04737642731178393,0.0700920906938762,0.13815630753171493
2018-02-25,-0.015116557715992629,0.07012506039513972,0.1887780906139207
2018-02-26,0.07263210586495439,0.07130738844970784,0.16133070511928493
2018-02-27,0.03462041028492213,0.07137804491759027,0.24740793776574677
2018-02-28,-0.030552997565149287,0.07118839726658463,0.09513488350374044
2018-03-01,0.05319339372337972,0.06896913764569579,0.0771757533864712
2018-03-02,0.012364203326180156,0.06897257177706372,0.08330157295462359
2018-03-03,0.036377885560451295,0.06609003323485259,0.03392514810748004
2018-03-04,0.0019930384320943073,0.06551995139992772,0.09105553767810082
2018-03-05,0.005272501204946822,0.06531209752689371,0.03100139916572031
2018-03-06,-0.06855429544313296,0.06384786399441009,-0.05470152617164681
2018-03-07,-0.0755415215926486,0.057645252215142564,-0.06780195798472088
2018-03-08,-0.0572531755818666,0.055759557814065344,-0.060968539167916
2018-03-09,-0.006116008644050375,0.05562538344322144,-0.09353853872168916
2018-03-10,-0.050500379066334866,0.05469707191727432,-0.09651111042113003
2018-03-11,0.08037783474086391,0.0556389741296834,-0.008908741554241817
2018-03-12,-0.03899407015352063,0.05612023776045172,-0.11204916282330901
2018-03-13,-0.001115738597840088,0.054949444365037674,-0.14271929362923508
2018-03-14,-0.10060415105858134,0.055390605397394786,-0.20466543632512946
2018-03-15,0.0037547153880626016,0.054982419227605994,-0.2419997852650443
2018-03-16,0.0045163099033997955,0.051376856833803344,-0.24787583746062758
2018-03-17,-0.05054594090041897,0.05012708900065139,-0.31095853257838857
2018-03-18,0.038752615832098325,0.05076899164516369,-0.2856800404312463
2018-03-19,0.04948766471821564,0.04889846241988515,-0.2542619187027927
2018-03-20,0.03276917997335538,0.048721171442778786,-0.1731398803727061
2018-03-21,0.0017737814072429359,0.04700964355824212,-0.1039870279940388
2018-03-22,-0.022488995834565095,0.046900836135936735,-0.0709461784171076
2018-03-23,0.017316940467241304,0.045942749660722794,-0.049041739758123315
2018-03-24,-0.023818586517076135,0.04473211289630011,-0.022318958133600297
2018-03-25,-0.019882032253830673,0.044369301633204045,-0.11304848633080822
2018-03-26,-0.033708485106174635,0.04399242969432256,-0.10817020461290061
2018-03-27,-0.04584504758621555,0.044590094743938116,-0.14810569266124907
2018-03-28,0.015503551724572073,0.04227553755544963,-0.03813021172527853
2018-03-29,-0.09916170347942321,0.04462469769652633,-0.13675210859755338
2018-03-30,-0.03840241264367461,0.044757773067015956,-0.17363503063195163
2018-03-31,0.012046952245941878,0.04327689393856498,-0.11915680313708654
2018-04-01,-0.01854151465198095,0.042994405382303424,-0.1677411766326471
2018-04-02,0.03500318149775872,0.042938413118123714,-0.1792275803012202
2018-04-03,0.052557958843978625,0.044592425029712064,-0.16350084848981516
2018-04-04,-0.08077536819799569,0.04609224484194236,-0.23243087529254125
2018-04-05,-0.006181881962836755,0.045047231411728755,-0.219626070980682
2018-04-06,-0.025714036045156208,0.0436024736954214,-0.2526347144768717
2018-04-07,0.041403974915207975,0.04383261054081346,-0.20270026830311094
2018-04-08,0.016268081926749334,0.044077413897229495,-0.1732931180564249
2018-04-09,-0.03599192973886778,0.04367838879632001,-0.17524671007631543
2018-04-10,0.009456851084145068,0.04053587492013007,-0.12744480667265679
2018-04-11,0.019541295257440083,0.04051944080153488,-0.1239754400880253
2018-04-12,0.13215957347142848,0.0479692195713622,0.10097405486777355
2018-04-13,0.0008505194964667506,0.044362922771388064,0.1459164095824872
2018-04-14,0.011433729892771805,0.044411021565824056,0.1452220726689073
2018-04-15,0.04293260747550409,0.04510432647434255,0.21695360549413523
2018-04-16,-0.03246930563679795,0.04450962489325508,0.13761965951415056
2018-04-17,-0.01943001508226172,0.044098055304363656,0.05981403019087028
2018-04-18,0.03307100821331388,0.04355621226156415,0.1910724656513827
2018-04-19,0.016033678248838168,0.0432153747991682,0.21769739992950488
2018-04-20,0.06649384172813311,0.04496456865473661,0.33294209930070107
2018-04-21,0.0056241188854653235,0.0447580622624542,0.28714577284357845
2018-04-22,-0.010468133204319163,0.04470890838001234,0.25328324493406607
2018-04-23,0.014589094689994253,0.044533159778041884,0.31904239403654366
2018-04-24,0.08583925965266448,0.04686804254990481,0.41885016189932145
2018-04-25,-0.0878329224671307,0.04940148409154974,0.26942225063080194
2018-04-26,0.049263206888732425,0.049165743340263364,0.17647555415597171
2018-04-27,-0.031725437819185576,0.04963258729482768,0.1381833050253276
2018-04-28,0.040216831097785066,0.04590404903007408,0.17057341056578035
2018-04-29,0.0075519876851644074,0.044994057778072694,0.13086268287441127
2018-04-30,-0.01895410931393615,0.045334353528403,0.14665942323860737
2018-05-01,-0.013152901248456694,0.045226247570775174,0.15399975777768438
2018-05-02,0.012820488107240013,0.04499402421141347,0.131378761629803
2018-05-03,0.05499619247287524,0.045075962437710365,0.1747644899146663
2018-05-04,-0.004423358338729533,0.04181565305558637,0.09664776283846677
2018-05-05,0.016224566817716557,0.041670808707762824,0.10820770585462358
2018-05-06,-0.020627661161558675,0.04151699789490524,0.09682973254435812
2018-05-07,-0.02918652325920712,0.0418733831763056,0.04950574731873614
2018-05-08,-0.014743338221176572,0.04212183475535435,-0.047711233565351896
2018-05-09,0.009784638135047707,0.041217620283303585,0.05420003757988212
2018-05-10,-0.030159124782280555,0.04191500662178084,-0.025595979742149444
2018-05-11,-0.06661368459868511,0.04414563791814518,-0.06070507921608992
2018-05-12,0.007510452811321011,0.03733244499222138,-0.09023828237460052
2018-05-13,0.025755864015265972,0.037555070724241565,-0.0738012250317206
2018-05-14,-0.0008196285477451992,0.037538196853400436,-0.05668058467249537
2018-05-15,-0.023679606291423294,0.037099139660270446,-0.06674297960583286
2018-05-16,-0.016632607079429262,0.03671148592201491,-0.09388234751757907
2018-05-17,-0.03280150885412081,0.037059048317511604,-0.16929024717387642
2018-05-18,0.019353065575076878,0.03673887046620734,-0.1494511846587403
2018-05-19,-0.0004593446816679725,0.03662950792541494,-0.16341510722508523
2018-05-20,0.03226197592169289,0.03499833147018053,-0.11823650699968591
2018-05-21,-0.011072124702669384,0.03502731792985059,-0.10178369116276975
2018-05-22,-0.04480471395234409,0.03588964820694679,-0.12918936015775884
2018-05-23,-0.060180703011888936,0.037241039627021105,-0.18952555580782204
2018-05-24,0.0039058908809461723,0.03313711907753474,-0.16105818003357086
2018-05-25,-0.014128760440268784,0.029518736639197636,-0.11388393174246536
2018-05-26,-0.016612022186092146,0.027727218162874077,-0.1350999028936365
2018-05-27,0.0016776146739541087,0.027383024282528194,-0.15540227787780903
2018-05-28,-0.03151778498705937,0.026297544982478636,-0.18135113930741376
2018-05-29,0.047169292322396306,0.028072685438555366,-0.12194403227033535
2018-05-30,-0.008841623265862797,0.027988555391167014,-0.11498740560034781
2018-05-31,0.011834154516914053,0.02816931708931128,-0.07414457488423687
2018-06-01,0.006308940673935393,0.028043038056340588,-0.08599225966928836
2018-06-02,0.013525250098900043,0.025851185812079482,-0.07320435773971978
2018-06-03,0.010047792910929054,0.02604932665115443,-0.09314891492673183
2018-06-04,-0.026654549419546036,0.025892741852378456,-0.10743806494014763
2018-06-05,0.015874645500039364,0.026168129680042968,-0.05073752706886914
2018-06-06,0.002648788469189478,0.025900958806867786,0.012723266561853963
2018-06-07,0.0031696259943396754,0.025908510072973723,0.011980535009233684
2018-06-08,-0.006944340222814094,0.025740889795403295,0.019355223633518603
2018-06-09,-0.012188972783781837,0.025374517191244464,0.023940045305486768
2018-06-10,-0.09903902597615177,0.028547988486951746,-0.079015037327416
2018-06-11,0.017816025003725366,0.028787675585222383,-0.03210070431382295
2018-06-12,-0.04699056341537011,0.029039618334428904,-0.11913272360496674
2018-06-13,-0.03531559589050193,0.029388437360255825,-0.1426608062087399
2018-06-14,0.05125280718084646,0.03131358826724034,-0.10926090984788961
2018-06-15,-0.03277281585696323,0.03161175825525047,-0.14385431039003838
2018-06-16,0.014493753193281167,0.03151740365448698,-0.1430361958442513
2018-06-17,-0.007769296552266991,0.031135756691938337,-0.1581529070261649
2018-06-18,0.036242501693211526,0.03212497907148277,-0.1037532079220852
2018-06-19,0.005214707758210091,0.03137861787402995,-0.11315784760591385
2018-06-20,0.0009763547887364776,0.03140340745112802,-0.11463711402698418
2018-06-21,-0.006907581536569007,0.030569744606396238,-0.12353090956357748
2018-06-22,-0.09599929127557916,0.03335350737525035,-0.20213064481466125
2018-06-23,0.012951028047344604,0.033492818586949025,-0.18182469995290262
2018-06-24,0.0017444275736506754,0.033491063020801,-0.09030183189834284
2018-06-25,0.012303153382069887,0.03358571649494312,-0.09522909683817438
2018-06-26,-0.02488490482462502,0.03375721710016556,-0.07424236163876985
2018-06-27,0.010414079159373646,0.033520421266437395,-0.0303579619357619
2018-06-28,-0.041202629509963784,0.03271061872807731,-0.11563590597608087
2018-06-29,0.053334982045442514,0.03452816988185099,-0.0369050287542777
2018-06-30,0.029863499854496434,0.034989019545951336,-0.022313982065085503
2018-07-01,-0.00283887816696593,0.03493033618558279,-0.017455836574194583
2018-07-02,0.03576053785551925,0.035565371453828584,-0.01791282492868984
2018-07-03,-0.012789239147277698,0.03549467115389727,-0.03550254503532935
2018-07-04,0.010407998444580624,0.03535759257393425,-0.02641462177053311
2018-07-05,0.006303905732049309,0.035217730716172194,-0.013462644099317744
2018-07-06,0.005175348399594437,0.03523725569212416,0.09694939490249799
2018-07-07,0.02748635285551071,0.035683305313507274,0.11269005295164902
2018-07-08,-0.012111876720297454,0.035714811132354675,0.0972991293446257
2018-07-09,-0.004743202325453666,0.035676776788777474,0.07882151104039359
2018-07-10,-0.06108203429191239,0.03270466141558148,0.03877470825738416
2018-07-11,0.010230691178732654,0.03257693881221191,0.038586172883602776
2018-07-12,-0.025943303661489003,0.03179274072477702,0.05511534298932741
2018-07-13,0.0014833886419449716,0.031139881943661612,0.003176109325753629
2018-07-14,0.006102918971790272,0.02962598434320163,-0.019968751219940684
2018-07-15,0.013307587804530119,0.029145702578375638,-0.004099659592760707
2018-07-16,0.06008356684760452,0.031057729813189335,0.01928732221203533
2018-07-17,0.08592576690955611,0.0346080692478929,0.12120978717676434
2018-07-18,0.006794081964906162,0.03409224698663576,0.11719956701492085
2018-07-19,0.013035266406750123,0.03413506086520109,0.1246727301303181
2018-07-20,-0.015097374603627811,0.034307263364976116,0.10198994273057616
2018-07-21,0.008860348850009636,0.03426619055046255,0.08201335712408309
2018-07-22,-0.00010780070374505346,0.02864421934033302,0.09516117243207733
2018-07-23,0.03944463356578143,0.02923550881931217,0.14378460537416093
2018-07-24,0.09248469813206439,0.03302421987273901,0.33085873842868474
2018-07-25,-0.028830914494162863,0.03380996422594886,0.27939972050261885
2018-07-26,-0.02808936559110453,0.0339274032982436,0.2765809204848657
2018-07-27,0.026841166837664243,0.03407564701165368,0.3089042282877432
2018-07-28,0.0033240162325662848,0.0327107735183236,0.3052889743442522
2018-07-29,0.0032115585112559852,0.03176603755347455,0.2922838060421775
2018-07-30,-0.004621301393359478,0.03163928001845411,0.2134060118617198
2018-07-31,-0.04890178082675012,0.033291463965053725,0.0627506337750583
2018-08-01,-0.01998984457531061,0.033194136381657795,0.034478084883981186
2018-08-02,-0.007575204523413981,0.03310984532043415,0.013431354129957995
2018-08-03,-0.017544223034868245,0.03335779552538867,0.010913630189457013
2018-08-04,-0.05401116052267385,0.03502236196366463,-0.052085838317635136
2018-08-05,0.005066208196926381,0.035022080650459524,-0.0471807932407069
2018-08-06,-0.01650710988835713,0.0348604966068611,-0.09846962007498183
2018-08-07,-0.02857960428694062,0.03520261830781822,-0.19837321299649036
2018-08-08,-0.06623905761153515,0.03724860670949381,-0.22925081198773867
2018-08-09,0.04161727043509522,0.0362971382528044,-0.1739717243698371
2018-08-10,-0.058390163053316124,0.0378790836055231,-0.24253489726670474
2018-08-11,0.01795072367701156,0.037706884465356194,-0.23149238230861713
2018-08-12,0.004282261313801161,0.037711494540991215,-0.23067217319812738
2018-08-13,-0.0039730110791915685,0.03771053038729408,-0.23017110985486544
2018-08-14,-0.015539305797755087,0.037748164640271364,-0.20316717208449353
2018-08-15,0.017550830487124358,0.03617300265150516,-0.17264336362569843
2018-08-16,0.0041546925200131035,0.032215709018177566,-0.16286447840729124
2018-08-17,0.03881774015655104,0.033114426734695765,-0.11483931273521608
2018-08-18,-0.023838161388960444,0.033173570583635605,-0.0866064715689353
2018-08-19,0.012813377460690445,0.03325664843268225,-0.07956592616857117
2018-08-20,-0.030362422230262642,0.03352210711326083,-0.09253287459421689
2018-08-21,0.028569252521058797,0.03406648808426253,-0.0391464015114541
2018-08-22,-0.017268292976586608,0.033139464062321246,0.011245227956220294
2018-08-23,0.024804314896540447,0.028146452389137648,-0.005077486287084931
2018-08-24,0.028321879123101024,0.02862102105371676,0.08654407456139857
2018-08-25,0.0064330711373343785,0.02840111950835032,0.07425031924617187
2018-08-26,-0.008269792252739938,0.027760553040767875,0.06082376769739506
2018-08-27,0.026446026737003914,0.02834760938844197,0.09322172344041135
2018-08-28,0.03074084399978072,0.029071834027269396,0.14461480131615279
2018-08-29,-0.006921884479385465,0.029075286225984726,0.11708612074336155
2018-08-30,-0.009781269937524706,0.027869558857790525,0.10158286177690923
2018-08-31,0.008505036065358018,0.027764416660624843,0.06943867128980719
2018-09-01,0.022119808250405715,0.028096869432590155,0.11978814003797544
2018-09-02,0.011047887233691212,0.028011693714857358,0.11783617626899034
2018-09-03,-0.0017407731737240084,0.02612049433480346,0.1508323342906961
2018-09-04,0.01399438804035591,0.026214465547617888,0.13452499740386403
2018-09-05,-0.07726926617796492,0.02977464092981871,0.06525624024560805
2018-09-06,-0.03881447838641905,0.030165520693584504,-0.0008737667776446134
2018-09-07,-0.009511178051622271,0.027581178562697754,-0.03763268504407413
2018-09-08,-0.03727961044229555,0.02735660366714779,-0.07943144663859603
2018-09-09,0.012027003467310005,0.02523828637405797,-0.060591048586871143
2018-09-10,0.0045772057555697465,0.025044715215494725,-0.0806055117458524
2018-09-11,-0.0013428756082783933,0.02503638356542866,-0.10922336961192458
2018-09-12,0.004840791057003857,0.025036221206894117,-0.0986724206836419
2018-09-13,0.026057221416850407,0.02526273101205086,-0.06605112229964638
2018-09-14,-0.000705827652036306,0.025094057885617554,-0.07458105078178234
2018-09-15,0.004681650888474609,0.02509625709395076,-0.09036941642338303
2018-09-16,-0.0039766503781880624,0.024091590734798177,-0.10388685618902671
2018-09-17,-0.036208908470212964,0.024613252723340914,-0.13482806690043447
2018-09-18,0.014344330155602991,0.02464326743577845,-0.13452948527129316
2018-09-19,0.004275459515334479,0.0239938325034413,-0.05804503197161304
2018-09-20,0.018930862676956428,0.02367093213639212,-0.0014550088470162148
2018-09-21,0.033020118505568075,0.02414977713228423,0.041422217228976876
2018-09-22,-0.0019258070910126435,0.02377383404298702,0.07966617328613013
2018-09-23,-0.001688505126350992,0.023219060006805084,0.06503398399942473
2018-09-24,-0.01716973347876105,0.023400454008874833,0.04197828534347847
2018-09-25,-0.022582362260686772,0.023706817404138488,0.019817442204115743
2018-09-26,0.00752811748738158,0.02319649541649914,0.022544821895492007
2018-09-27,0.027983063895304028,0.02306871957254307,0.02446407182914556
2018-09-28,-0.004885628065675718,0.023056019052359083,0.020178991950085656
2018-09-29,-0.006346944237813346,0.023023004216758087,0.00898027935429746
2018-09-30,0.003574710812529469,0.02296603023276434,0.01662987364002233
2018-10-01,-0.005424438249508223,0.022525281824659,0.049102068439908386
2018-10-02,-0.005086790882500303,0.02237868621322257,0.029005116480751436
2018-10-03,-0.008161903129785819,0.02239490831247376,0.016261491535926265
2018-10-04,0.011395474639611658,0.022330161467060634,0.00874584453116789
2018-10-05,0.0069624749639192185,0.017510903102727942,-0.016699487239271504
2018-10-06,-0.005159686699812593,0.0159973551250324,-0.019885498359618503
2018-10-07,0.002222138391870798,0.01588912591740206,-0.016046137155588447
2018-10-08,0.007463298025666587,0.014200122043582371,0.008615055451085984
2018-10-09,-0.0014415983479458827,0.014094746295669515,0.03043059462576836
2018-10-10,-0.008597538085317824,0.014211870771329833,0.013938381086412654
2018-10-11,-0.05000198336714945,0.01703436834967128,-0.06298120577002286
2018-10-12,0.002931448132255543,0.017018433771006678,-0.055620496770160566
2018-10-13,0.001818473285531752,0.016285187027578713,-0.04785998831135463
2018-10-14,0.0007858652689651802,0.016288628164450314,-0.050505901365797023
2018-10-15,0.04857943972383971,0.018623342014941733,0.0010501245522409608
2018-10-16,-6.521233536105342e-05,0.018605048344016707,0.006102677663402778
2018-10-17,-0.007834873671174969,0.017349813251770974,0.006434410448240779
2018-10-18,-0.010347763368972918,0.017305831166732528,-0.015202173336359537
2018-10-19,-0.001744682833668909,0.01729774373070645,-0.02371767444854278
2018-10-20,0.003678001021058641,0.016957878536386382,-0.01504484705576481
2018-10-21,-0.0010540366073054086,0.015768162155700944,-0.01826457781581714
2018-10-22,0.0007420238835125215,0.01577117741844183,-0.02481420887482877
2018-10-23,-0.0017603884596555375,0.01577128098343348,-0.025125537272623233
2018-10-24,0.0031038319400622516,0.015489318818317228,-0.013619244667059438
2018-10-25,-0.003009588468581126,0.014924266617364242,0.03517285085672284
2018-10-26,-0.00023779649354971344,0.014861096746704558,0.03190172400107705
2018-10-27,0.000869513542993916,0.013893755197998776,0.030924268283854195
2018-10-28,0.0009274539479067201,0.01387679503044337,0.03107012086860861
2018-10-29,-0.02370505792364075,0.014469281583739542,-0.04000736062954402
2018-10-30,0.0002589977227631657,0.014443513517216755,-0.039696101062171696
2018-10-31,-0.002630161991615365,0.014425641383589939,-0.03465852739011355
2018-11-01,0.009524159164166601,0.01453969526049665,-0.015274757767125613
2018-11-02,0.0016714525444749828,0.014479102323713028,-0.011904923737799389
2018-11-03,-0.004254587353178851,0.014317190959139168,-0.019714352166662952
2018-11-04,0.0023376057157507013,0.014253139895850442,-0.016386065739052658
2018-11-05,0.006827068180471185,0.014305194561175525,-0.010405169345937604
2018-11-06,0.006441090083988854,0.014356218194215535,-0.0022747158188660688
2018-11-07,0.01069962337180641,0.014431050277647052,0.0052803476984968345
2018-11-08,-0.011702646539741735,0.014574623121083048,-0.003484992809558829
2018-11-09,-0.01055206847976109,0.014614724944159403,-0.013765764363488975
2018-11-10,0.003695819234960096,0.011311635911810853,-0.01098078650566181
2018-11-11,0.0003198212292272462,0.011305243289078898,-0.011581190092506688
2018-11-12,-0.006239013468180898,0.011375201801330649,0.0061017519472634785
2018-11-13,-0.0018488912132336166,0.011383173196615862,0.003981550323239436
2018-11-14,-0.09767137204823373,0.018890063381799868,-0.09168970198551374
2018-11-15,-0.015739770310788437,0.018981096507568494,-0.11442069569388902
2018-11-16,-0.012832790057027754,0.01902894043476338,-0.1272439193565954
2018-11-17,-0.0038058536477711957,0.019004685572839644,-0.1268506109215174
2018-11-18,0.01246054158899823,0.01926183093804318,-0.11803238917367131
2018-11-19,-0.1337324531280254,0.030387239399238875,-0.2411607287914993
2018-11-20,-0.08613793664749825,0.03343489219118946,-0.31096372259439664
2018-11-21,0.033761048892067214,0.03439396245195232,-0.29524178263845224
2018-11-22,-0.051330130021037146,0.03512926649373216,-0.3235002764197219
2018-11-23,-0.004312949417012546,0.03504225549478865,-0.3192345013477089
2018-11-24,-0.10727813839138145,0.0389990537359831,-0.3945035621060754
2018-11-25,0.03329501453641903,0.03993976389621487,-0.3745435836445541
2018-11-26,-0.05756653779882259,0.04055814614473763,-0.40684826239862615
2018-11-27,0.01100520203864308,0.04075276801622824,-0.39920971180190534
2018-11-28,0.11429781677810569,0.047205121025558947,-0.2580759539900006
2018-11-29,0.005032803483256965,0.047256010311087095,-0.24241782666712197
2018-11-30,-0.061132857655723294,0.048061564501846475,-0.2794847691414962
2018-12-01,0.04913869153262418,0.0492546123608193,-0.24119168005536218
2018-12-02,-0.017746089738599147,0.049189433900826196,-0.26383062965127235
2018-12-03,-0.059360946019741734,0.049869915954994536,-0.20062841717374247
2018-12-04,0.016117316474361765,0.05009794439227118,-0.11118390818465296
2018-12-05,-0.05127732410744523,0.05036625393621297,-0.18429894228732968
2018-12-06,-0.06203872788383058,0.05084179118336588,-0.1935065864633736
2018-12-07,-0.02873093603554966,0.05056313995642214,-0.2132848344260695
2018-12-08,0.016426468099122626,0.050982605963798854,-0.10426959220709786
2018-12-09,0.03973390954986766,0.05208886927476462,-0.09868792000797333
2018-12-10,-0.030871924054627797,0.05198721135159408,-0.07315807752745662
2018-12-11,-0.02228819243544189,0.05186718463323584,-0.10367989252680043
2018-12-12,0.018210090700773618,0.05227089953619558,-0.18097104366044758
2018-12-13,-0.04969183369802088,0.05247351618709813,-0.22556766013037888
2018-12-14,-0.021484404643338006,0.05039402261449994,-0.19286330521821926
2018-12-15,-0.00176504895861207,0.05047629434554479,-0.23202521696899592
2018-12-16,0.004967122690864523,0.05063292350781458,-0.21426690192923958
2018-12-17,0.09008303968836118,0.05422144416796771,-0.08943359272141815
2018-12-18,0.04235760433416402,0.054982682794381184,-0.06591905925656227
2018-12-19,0.013498594166162725,0.050137575439370356,-0.002142834427100837
2018-12-20,0.10370951341077017,0.05182293337700487,0.17418968075636054
2018-12-21,-0.05754047081632285,0.05237846338779205,0.13936116649389718
2018-12-22,0.03019058043163869,0.05196301542275298,0.1547900200067902
2018-12-23,-0.003787170148421448,0.05196212288397122,0.1064529329560635
2018-12-24,0.019909800002112288,0.04807597329397527,0.1644303963252216
2018-12-25,-0.06450950206818629,0.04923585333261589,0.11414586878996413
2018-12-26,0.010957144913857908,0.048073071670566486,0.10620955028472512
2018-12-27,-0.05248858966405945,0.04904087783511394,0.1029539767043286
2018-12-28,0.0736244771111243,0.04624496614687447,0.21015790870987883
2018-12-29,-0.02637924423222937,0.04644264649282345,0.18031817704568254
2018-12-30,0.011921223353655419,0.04517316894484007,0.18848565957518026
2018-12-31,-0.03188145558095512,0.044532675204645156,0.05551133713608691
2019-01-01,0.02693765683605087,0.044769247182738385,0.03989680203352153
2019-01-02,0.025989042281366226,0.04366478281259795,0.05271258404420287
2019-01-03,-0.02704974336321264,0.043871447336715,-0.07200493756241633
2019-01-04,0.005467222626216461,0.04279944079337612,-0.009964259316101898
2019-01-05,-0.003246206888826486,0.04108816719867921,-0.04209774522609411
2019-01-06,0.06018888861446059,0.041864739864329134,0.01941803644642559
2019-01-07,-0.01260458883210791,0.04196770985137705,-0.013080675127448704
2019-01-08,0.0013911214837352137,0.04147769824467922,0.05644285188680764
2019-01-09,0.0011036105648376537,0.04094588185853423,0.046145980272402465
2019-01-10,-0.08831366819666353,0.044142160300242005,0.006591562783605065
2019-01-11,0.0022943982214995717,0.044052651666163845,-0.06028494489083158
2019-01-12,-0.007068584135981104,0.042975660512473056,-0.041646765795902096
2019-01-13,-0.029592732102399433,0.04316793127978349,-0.08096310046478228
2019-01-14,0.04309066731460187,0.04373639975160623,-0.009791912003710879
2019-01-15,-0.020338880328643172,0.04398915272056803,-0.05537755117207854
2019-01-16,0.006701657682214313,0.04092935886746439,-0.07313533972606212
2019-01-17,0.006445166852939055,0.04022184295708591,-0.04122697815605336
2019-01-18,-0.005633885824214646,0.04016224830093179,-0.05181254778510336
2019-01-19,0.019336279435154813,0.03530909339242406,-0.030330382058521344
2019-01-20,-0.034210097604695955,0.03430519185815552,-0.11666955226131304
2019-01-21,-0.006937269182559769,0.0337674008495495,-0.11159953072091278
2019-01-22,0.007982219951364833,0.03382973023714574,-0.10575213019370333
2019-01-23,-0.005397055122244532,0.0335558281649541,-0.11155892819307944
2019-01-24,0.00439104360848841,0.03155118903799029,-0.021217907773473432
2019-01-25,-0.0003053736335224544,0.03146543158331649,-0.023756692924907452
2019-01-26,0.0007485431486600191,0.029975211086533247,-0.016070947393788004
2019-01-27,-0.005133888120898322,0.026554336386401155,0.008728709392274991
2019-01-28,-0.03167312037855241,0.026734304333790395,-0.06357217626625578
2019-01-29,-0.006435330653293936,0.026594351443643423,-0.05028220231176328
2019-01-30,0.01103927096757329,0.026163569810651766,-0.04619011752660562
2019-01-31,-0.008143269325041613,0.025602275573716127,-0.06001560455229227
2019-02-01,0.008720183739189036,0.025112895043324014,-0.046446556685094786
2019-02-02,0.009494265405179059,0.02482959125734068,-0.055653416635804476
2019-02-03,-0.01620175471744556,0.02490325496516592,-0.03804491085680628
2019-02-04,-0.0014028164443861124,0.024905607508751357,-0.03268382458109198
2019-02-05,0.0020824077305636735,0.02188039208708913,-0.038345614719999865
2019-02-06,-0.015171430181290635,0.021915528656718,-0.047796190638069724
2019-02-07,-0.004187789950119369,0.021880980823462032,-0.055929275900399644
2019-02-08,0.07863239318839477,0.026721448499042955,0.018616323042385474
2019-02-09,0.0012063280354683847,0.021294702843316783,0.019082281410586432
2019-02-10,0.005171224791767015,0.02131118970872517,0.029638232459514136
2019-02-11,-0.011315836951756086,0.021375429359466593,0.05128447379223244
2019-02-12,0.0013972858086190865,0.020626775915920777,0.05957211558307085
2019-02-13,-0.005873228423961097,0.019070695843156637,0.04184776671288715
2019-02-14,-0.004182104127314679,0.0187159721905793,0.04600858045463019
2019-02-15,0.0010865526937218206,0.018675067732662486,0.038092764252772415
2019-02-16,0.00247922555437019,0.018640784398012412,0.0308789916147012
2019-02-17,0.01213530621263259,0.018746844550238066,0.06057215374118341
2019-02-18,0.06583804009467542,0.02201224251200069,0.13198611445867114
2019-02-19,0.008013895832135631,0.020950615109656175,0.13868652364384215
2019-02-20,0.013358199164869689,0.020937369729020393,0.1716732844432438
2019-02-21,-0.011426110729454764,0.021107483766477857,0.16315667157609215
2019-02-22,0.013001242029855531,0.021113412743279363,0.09238250253077207
2019-02-23,0.03420280463327119,0.021826290279920803,0.1283838467804952
2019-02-24,-0.08016830712779921,0.026789708113587166,0.03258350258560849
2019-02-25,0.018966060635805304,0.02696058903431544,0.0642099704148269
2019-02-26,-0.007298633937987575,0.026985580420401372,0.054968598756031994
2019-02-27,-0.0008589100836423613,0.02620417951212887,0.06028979977832849
2019-02-28,0.0009706546704713048,0.026139181861314257,0.06577616191005387
2019-03-01,0.0012447748305945971,0.02611005368813768,0.06594460826597759
2019-03-02,0.0012517668104363722,0.0260189706061805,0.064639441039952
2019-03-03,-0.0044610264783262465,0.02604846928774941,0.04718217989022211
2019-03-04,-0.022254936403225956,0.02644269140971089,-0.03936886416324048
2019-03-05,0.035840973956695166,0.026874266323491786,-0.012849827296445793
2019-03-06,0.0019422224383240927,0.026856826366791986,-0.023970557761227695
2019-03-07,0.0019318286070102442,0.026857286077860656,-0.010782123167178637
2019-03-08,-0.0026467658337827604,0.02663930739115878,-0.026062745217072858
2019-03-09,0.01593951074016675,0.026658592989240847,-0.04326179190100776
2019-03-10,-0.0029555740506511663,0.0228233377853622,0.037048956749093476
2019-03-11,-0.01173513521428382,0.022975341087805214,0.005802927703319138
2019-03-12,0.0010060759032475275,0.022970100421716835,0.014217242176538969
2019-03-13,-0.0006239108103570645,0.02283602140520604,0.014455787380284857
2019-03-14,0.004518334494236109,0.02283775754754031,0.01805126174529037
2019-03-15,0.009311558336655423,0.022810793934708945,0.026253450993130034
2019-03-16,0.02217032756381765,0.023025195498337096,0.04769435714139503
2019-03-17,-0.0058035113164038865,0.023089799012234385,0.0462815407406203
2019-03-18,0.0018081754616785517,0.023091443946138237,0.07203139179526019
2019-03-19,0.009592756619634768,0.023064347425269235,0.04486610902361177
2019-03-20,0.004000337019458566,0.019859086524064398,0.0470123946338552
2019-03-21,-0.014226238767748978,0.020026881949118402,0.03012731689536019
2019-03-22,-0.0013299101079167208,0.01989054993857684,0.03148744589394781
2019-03-23,0.002946880672416219,0.019768674943141353,0.018295976655523516
2019-03-24,-0.0033842394882989124,0.01964810878175078,0.01785817440807347
2019-03-25,-0.014692984758966188,0.018748811808696267,0.014811752902056607
2019-03-26,0.00555383851780511,0.011410567438982553,0.0194222373554076
2019-03-27,0.025591790081793686,0.011816056451080612,0.04616379015660255
2019-03-28,-0.00439410170099408,0.011750836969529587,0.0368818609878081
2019-03-29,0.007192568960710188,0.011778153160990014,0.03470498940698086
2019-03-30,0.0020216904305738748,0.011776107079619125,0.014309273732856509
2019-03-31,-0.0003058103975535076,0.011783747233261086,0.019918194192416028
2019-04-01,0.01285593446519373,0.011943404507939997,0.031165667200455216
2019-04-02,0.1735601357404375,0.03336762749281918,0.19863669032499298
2019-04-03,0.01908737151027773,0.03290641586859729,0.21664851006459496
2019-04-04,-0.010099119772122078,0.032722447088872966,0.2217422276845611
2019-04-05,0.023133653881632465,0.0328092075785378,0.2516701983609686
2019-04-06,0.004593546775932822,0.03279302704583826,0.25372522533013475
2019-04-07,0.027487076967675605,0.0328825256457515,0.29256080240362237
2019-04-08,0.017479481496835758,0.032893165875322435,0.33476578841879845
2019-04-09,-0.016033302776742198,0.03315836486909832,0.3061111539616359
2019-04-10,0.02297679449480783,0.03298945832418674,0.30278090606305397
2019-04-11,-0.04884241466188555,0.0347135691336132,0.24461892296201193
2019-04-12,0.004946456691243162,0.03467405827654155,0.24184333275232617
2019-04-13,0.0013846761356397508,0.03469395631024012,0.24105385687312442
2019-04-14,0.013957526910101548,0.03470444147278836,0.2587608416307201
2019-04-15,-0.019469655345422332,0.03500913265936268,0.2185871256543157
2019-04-16,0.03324404347200138,0.03520154057999524,0.07288740533060367
2019-04-17,0.003128303240330199,0.035192605789493826,0.05608582008255669
2019-04-18,0.008843926567657423,0.0351927288699246,0.07629540169642768
2019-04-19,0.0010242285247921146,0.03521258672550678,0.053037176580444045
2019-04-20,0.00642438443454596,0.0349381172511801,0.054956301110947514
2019-04-21,-0.004375323763073036,0.034976463103220105,0.022242079031750794
2019-04-22,0.015962646635110156,0.03496846255047789,0.020718144199849187
2019-04-23,0.032040260809014454,0.03508851142130364,0.07058726959484529
2019-04-24,-0.019290850018550354,0.035216563143032516,0.026352442006103427
2019-04-25,-0.04654296037177108,0.03676142310309194,0.02883368229932093
2019-04-26,0.013210308630683842,0.036644850667087434,0.037293963107538186
2019-04-27,-0.00209441177273062,0.036617885966005584,0.033690116383620294
2019-04-28,0.0031980284462800324,0.036632884875956555,0.02272122772297802
2019-04-29,-0.007149598137096702,0.03673227105062836,0.03557140018567195
2019-04-30,0.019700224573813152,0.036742647792740786,0.02199707416959562
2019-05-01,0.009712831055362026,0.03673716455502926,0.02870545647723599
2019-05-02,0.018988001869725712,0.019894253474031988,0.03904924240818475
2019-05-03,0.047773352676729886,0.021274912059091863,0.08757418381235205
2019-05-04,0.010900619522295596,0.02109970746321812,0.09241134574662557
2019-05-05,-0.006080940822531411,0.020949435106147364,0.0905399222356158
2019-05-06,-0.008437513242851802,0.021090695500248467,0.06434865571220572
2019-05-07,0.014389613933892154,0.02073026352060683,0.04614544893104733
2019-05-08,0.026238273651690402,0.020986278322131752,0.0947124328552229
2019-05-09,0.03210575059420551,0.021215177196465745,0.18501301079847554
2019-05-10,0.03309083475578345,0.0215727790163327,0.20826453313207738
2019-05-11,0.12947827227172803,0.029113651280564302,0.367572797897207
2019-05-12,-0.03225638770747363,0.030205562863719476,0.3192408696813045
2019-05-13,0.1208402976115901,0.036180994261731055,0.48930627033089036
2019-05-14,0.02296902470023965,0.03620985119512484,0.49408046220358504
2019-05-15,0.026362395040874453,0.03565701440558497,0.5187169603145998
2019-05-16,-0.03903135076359554,0.03692535058297339,0.43224393540261086
2019-05-17,-0.06861381146516154,0.03988321018715898,0.27314959541478845
2019-05-18,-0.009897676229553398,0.04008031069910679,0.24695578238270555
2019-05-19,0.12741781617539316,0.0452647178248143,0.41444129887660175
2019-05-20,-0.026761244415049346,0.045896952779669105,0.38830291378679105
2019-05-21,-0.0018777719888342093,0.0458638598862617,0.36603922046225845
2019-05-22,-0.03557071156568237,0.04676513109374509,0.2837644698982775
2019-05-23,0.02627324592835456,0.04669523009094226,0.27650982350547837
2019-05-24,0.013388347506898546,0.04630432118740752,0.25216499566017236
2019-05-25,0.008159425489589589,0.04490515567113825,0.11766819569171139
2019-05-26,0.077077738316635,0.04628333117642035,0.24394056143888787
2019-05-27,0.015284123299404317,0.04613586595279461,0.12679130563764485
2019-05-28,-0.00974546520800379,0.04634160013315765,0.09075658522391494
2019-05-29,-0.006935191916087824,0.04633763217869842,0.055369900734245636
2019-05-30,-0.039264986075266295,0.04749182044636909,0.05511331413708476
2019-05-31,0.030654502684543283,0.047552128002599385,0.16756862131322126
2019-06-01,-0.001222852548150466,0.047659648198810724,0.17779832351941383
2019-06-02,0.020894565549692157,0.04729082763378537,0.06651490737791255
2019-06-03,-0.061073482241120636,0.04928912668148299,0.028914151204771033
2019-06-04,-0.06105791439007158,0.05099978097233012,-0.032091689841647786
2019-06-05,0.015109484866347334,0.05087514173404478,0.018771327152220962
2019-06-06,-0.00028220123956368415,0.05091738068897951,-0.007590003284594693
2019-06-07,0.02837216433167966,0.050940802685608064,0.007083630611480984
2019-06-08,-0.011166557363197271,0.05093900891012333,-0.012221729715897967
2019-06-09,-0.033448139582594405,0.05133192741850302,-0.11358401454369726
2019-06-10,0.04061515452790565,0.046373020239498866,-0.09146820430521196
2019-06-11,-0.009076530355347279,0.04593034631992076,-0.09085447464123775
2019-06-12,0.027516514423324256,0.04069577061226245,-0.05931412158020777
2019-06-13,0.010442903901259237,0.04053896031733866,-0.0106435626131276
2019-06-14,0.05624024585256682,0.0415195790398828,0.01391696629610184
2019-06-15,0.01662580728863916,0.04082607469295408,0.0320361824599269
2019-06-16,0.017663120341691707,0.03846095036093733,0.0287694706085444
2019-06-17,0.03622932707487103,0.03866382668459189,0.13538288255868336
2019-06-18,-0.025598800340442818,0.03202940073417813,0.17826057623080405
2019-06-19,0.021114710381221036,0.03163855135287085,0.18523097753336137
2019-06-20,0.027350847496536934,0.031852476184685216,0.2179917680347656
2019-06-21,0.06480383180815696,0.03254665904926973,0.26114100196114953
2019-06-22,0.0549195775982847,0.033453270267393954,0.3454261109263357
2019-06-23,0.014360317604584338,0.0334563476958764,0.4119747869538759
2019-06-24,0.014346026862422256,0.03345845741948443,0.3763311142881991
2019-06-25,0.07082074209722089,0.03304951555019947,0.4873034601774986
2019-06-26,0.10392020009443503,0.037167989258875135,0.5978958102505612
2019-06-27,-0.14085680731712602,0.04655217085068592,0.35863323171737305
2019-06-28,0.1095007210601795,0.04987823453830502,0.42714174750083833
2019-06-29,-0.03610453370408184,0.049766635665205165,0.3531187682973398
2019-06-30,-0.09550801721584046,0.05345131190938575,0.2026426557236225
2019-07-01,-0.021634200665230252,0.05371756163190563,0.13548653028628022
2019-07-02,0.020650116774459715,0.053715635407633085,0.18938119137931508
2019-07-03,0.1073529339969792,0.05498083437809056,0.2898303574757011
2019-07-04,-0.06235391898004139,0.05504240530192644,0.1772067768423582
2019-07-05,-0.02112958491922401,0.05541506609207878,0.08220204685664045
2019-07-06,0.02095838770931313,0.05537709164545386,0.04736254819532393
2019-07-07,0.021617058544519452,0.05532851669217131,0.0548553873280615
2019-07-08,0.07293009429655473,0.05616813567196733,0.11577909334940606
2019-07-09,0.023429552014133215,0.055391081220874355,0.06639818670008757
2019-07-10,-0.03318800918078746,0.055989477323733966,-0.06604974363064264
2019-07-11,-0.06563153479411477,0.057771954342657944,0.015725521722887548
2019-07-12,0.04026215537942113,0.057923784639929456,-0.04766098800576901
2019-07-13,-0.03585036493032401,0.05863729977462151,-0.04740986654359369
2019-07-14,-0.09974390088768914,0.06147873125960496,-0.05187100171015602
2019-07-15,0.06230768322534974,0.06227631442523345,0.029476623423360326
2019-07-16,-0.13009972955850602,0.06720723601915995,-0.12257689642035141
2019-07-17,0.022807481217359316,0.06702953885141137,-0.1895674026031282
2019-07-18,0.10034036323545137,0.06905572899597284,-0.048946381104170045
2019-07-19,-0.012726782329064878,0.06910581673013907,-0.04078236297764537
2019-07-20,0.02244926725812757,0.069060831565364,-0.03938164187567461
2019-07-21,-0.015606204170657723,0.06827312866824649,-0.07438237841821704
2019-07-22,-0.024152889523769483,0.06775397158852038,-0.1581359435922346
2019-07-23,-0.04276653919461193,0.06817038771485805,-0.21258826007426146
2019-07-24,-0.00897322315406024,0.06812479736907788,-0.19286673512598418
2019-07-25,0.01018311979244002,0.0667895025592832,-0.12737594432938104
2019-07-26,-0.004190753523789725,0.06363072557150005,-0.16466527322871805
2019-07-27,-0.039778510171619375,0.058801839000398405,-0.16806859986236689
2019-07-28,0.007932599028432463,0.05484283601054139,-0.06856417948080229
2019-07-29,-0.0035292930608459283,0.054572781785332716,-0.1262903156991233
2019-07-30,0.00927376519668166,0.05194444680053727,0.013693514907875848
2019-07-31,0.04977443590680308,0.052674487338169,0.04042017421326882
2019-08-01,0.031137477786643997,0.05285246420185222,-0.02501419549666295
2019-08-02,0.01139515690337567,0.04889319459469103,-0.0011924732947743433
2019-08-03,0.028859736926716506,0.047907376969382215,0.005069769302232574
2019-08-04,0.013718514042569074,0.047801174131320776,0.0350104169315586
2019-08-05,0.07615813067183441,0.04961955385837032,0.1414030574598628
2019-08-06,-0.027739623222421628,0.049797024062830264,0.15932111876584698
2019-08-07,0.040407124768529146,0.0485215077062941,0.21708714642138682
2019-08-08,0.002046436150864972,0.04832539676204327,0.20728392076791047
2019-08-09,-0.008646764326666112,0.04795926388272323,0.20188161082540135
2019-08-10,-0.042899336801604404,0.047052316275716495,0.19797536192669818
2019-08-11,0.014933443976921312,0.04654952873743361,0.2062961958485725
2019-08-12,-0.01223256154903185,0.04611591065904198,0.195760291887084
2019-08-13,-0.0427657511938907,0.04288280092698506,0.13410527869378353
2019-08-14,-0.07747238810719048,0.04379183400017396,-0.0033635811633645485
2019-08-15,0.025850521886593203,0.036713226718656254,-0.008473639626261353
2019-08-16,0.006089578552864294,0.03653587198309065,-0.013674990211790194
2019-08-17,-0.013744945908168327,0.03165565523163895,-0.05451832648585275
2019-08-18,0.011148285637548438,0.031648200030603,-0.056915544076366786
2019-08-19,0.05511826854733437,0.03298482836403467,-0.07535369583014762
2019-08-20,-0.013999682770833077,0.03295825843441643,-0.06228663533737833
2019-08-21,-0.0580850243386819,0.03440314529814799,-0.1510570813805303
2019-08-22,-0.0006898901425563819,0.03344787410760277,-0.15337532207879134
2019-08-23,0.027332707357414776,0.03371871405664915,-0.1226485260890442
2019-08-24,-0.0238282805498643,0.03402256525084663,-0.10516654122071423
2019-08-25,-0.0021105749822180053,0.03401292653775514,-0.12019369253513412
2019-08-26,0.022912889639430167,0.03331082082048871,-0.0888895733359849
2019-08-27,-0.017869397686568034,0.033526025927660213,-0.06519283735445669
2019-08-28,-0.0423226300562074,0.03450773278504839,-0.0295752090388125
2019-08-29,-0.02503712008044423,0.03480479368314275,-0.07771343996504221
2019-08-30,0.009250450148868827,0.03358122900277745,-0.07481585564140336
2019-08-31,0.0033850433381186207,0.03304036139934482,-0.05874659001082916
2019-09-01,0.013218884990569668,0.03306757666763125,-0.056819119303084475
2019-09-02,0.06033939401703048,0.034545946019905883,-0.05215190249380952
2019-09-03,0.02675033314982045,0.03481720364714156,-0.01297866452540708
2019-09-04,-0.002734199230500889,0.03166558292744863,0.045022797102846734
2019-09-05,-0.0017896052830365106,0.031322244746222146,0.043872776322726015
2019-09-06,-0.021013642005712985,0.03043269971309469,-0.0052519498476039095
2019-09-07,0.015835734030373416,0.030635248982956175,0.03516686210807585
2019-09-08,-0.007224177456150227,0.030628645824975386,0.029862234466677462
2019-09-09,-0.010180916017754393,0.029758119014359458,-0.0034563999804138046
2019-09-10,-0.02119008819226731,0.029750936078072894,-0.006825822400716719
2019-09-11,0.006168113381149309,0.029762942130291584,0.043462255553345264
2019-09-12,0.022769346729666573,0.029164550379891296,0.09462753037060856
2019-09-13,-0.004762677568511009,0.025374169178464422,0.07942896852326853
2019-09-14,-0.00024111148814232042,0.024947932239645865,0.07552799691739853
2019-09-15,-0.0009978652998753335,0.02492623262189462,0.06043697049747587
2019-09-16,-0.006853586494147135,0.0248247070864134,-0.006762193368376579
2019-09-17,-0.003456475294145833,0.024750630726521835,-0.03598306936477025
2019-09-18,-0.004201080893668663,0.022454848770149062,-0.03740104515160758
2019-09-19,0.0066841865263698175,0.02239181711064018,-0.029229558276187673
2019-09-20,-0.008257355384274523,0.01972626759962238,-0.016580325835788723
2019-09-21,-0.015903604843314323,0.019947693754564445,-0.047306839235263354
2019-09-22,0.005057606145695059,0.019292178300419117,-0.0355209244559439
2019-09-23,-0.033868427345709606,0.019784096667900337,-0.058602020180640424
2019-09-24,-0.1139604136496184,0.028548642609785985,-0.14782649157104633
2019-09-25,-0.015494717619790932,0.028112374743488593,-0.1661738139032356
2019-09-26,-0.043363460239767226,0.028850934711436352,-0.2200894561616965
2019-09-27,0.01636635757099958,0.028366858644810786,-0.20353184028955995
2019-09-28,-0.0007187075808087195,0.02812560488355818,-0.2039123221091086
2019-09-29,-0.017187842891431715,0.028099072347925805,-0.21681383774984997
2019-09-30,0.023405512631758718,0.028544877520612858,-0.19295178942012958
2019-10-01,0.005957196587605074,0.02841942858453401,-0.18532815145670434
2019-10-02,0.005964758065035269,0.025728154327144984,-0.17701138924941728
2019-10-03,-0.015852393543526522,0.02498814213124418,-0.1954355871965333
2019-10-04,-0.006543920762636879,0.024969949414252127,-0.19404554056727985
2019-10-05,-0.006634092921928403,0.024942969294613607,-0.18645400328843809
2019-10-06,-0.02003860844973604,0.024926493107406678,-0.2067681870644551
2019-10-07,0.03223112979219778,0.025643139260280397,-0.15249786506401597
2019-10-08,-0.0020422766908295698,0.025664206950448836,-0.0454475013197454
2019-10-09,0.0445943248463081,0.027364304007842854,0.01281338021726941
2019-10-10,-0.0010780457889411066,0.027218859145563677,0.05758193312510973
2019-10-11,-0.030829512579344187,0.027528269034927253,0.008472181294667758
2019-10-12,0.0017783297946283305,0.02702588123776846,0.010992185169337532
2019-10-13,-0.0018652553061611066,0.02703935654417903,0.026754115049057114
2019-10-14,0.006451222961466829,0.027123761424280152,0.00974435061859169
2019-10-15,-0.020217757684260373,0.027211556880799497,-0.016529145205457008
2019-10-16,-0.019236463643636514,0.02729787208291469,-0.041166854287201904
2019-10-17,0.007006410585064904,0.027421072608116666,-0.018896029335681463
2019-10-18,-0.016128460830725944,0.027459634215724484,-0.02836140029099543
2019-10-19,0.0019255772919670733,0.027386783672445823,-0.019988950701836483
2019-10-20,0.029231496307097427,0.028215012503174743,0.02928365072727601
2019-10-21,0.002632251578733369,0.028209466251237558,-0.00023070952178938509
2019-10-22,-0.020078018662405217,0.028240461538216976,-0.018299191315164887
2019-10-23,-0.06975948008239763,0.03011921415759117,-0.12576791874790816
2019-10-24,-0.002818899590176671,0.022530555726975855,-0.12729147144929187
2019-10-25,0.15576341830619223,0.036801731216879005,0.04072978411376704
2019-10-26,0.0674624969992299,0.037715140563371725,0.10896790338767048
2019-10-27,0.03317935043243514,0.03801373288202778,0.14790387186044351
2019-10-28,-0.030943805493041765,0.038581946057430275,0.10525312339699289
2019-10-29,0.018532445072405368,0.038439061494564435,0.1489656758186868
2019-10-30,-0.02354351875791383,0.03864997193340948,0.14391995551331238
2019-10-31,-0.000667150118005666,0.03865833128538183,0.13520309023240018
2019-11-01,0.006687207250242189,0.038659855142077836,0.16152808885274905
2019-11-02,0.006868865512063227,0.03848020841831035,0.167258822002067
2019-11-03,-0.009583483749455834,0.03851490406688724,0.12323847472411353
2019-11-04,0.01919339562438549,0.038543101525018296,0.1417917520082166
2019-11-05,-0.007445856545328811,0.038323434880353204,0.15651057533292723
2019-11-06,0.001964408386214478,0.03800368133160048,0.24568045531761817
2019-11-07,-0.009968973060571096,0.038081096920542304,0.23674857045488396
2019-11-08,-0.049924746967407674,0.038568124976470546,0.016647691388802066
2019-11-09,0.0009882214210468199,0.0385652325883977,-0.04666218506426423
2019-11-10,0.02745130584586919,0.03834492438177699,-0.05194758058414739
2019-11-11,-0.032879179981060824,0.03891633589088317,-0.053841006864524976
2019-11-12,0.006608292284490114,0.038915492901516475,-0.06491786990447024
2019-11-13,-0.0008393486468396549,0.03891353913141516,-0.04317571942736054
2019-11-14,-0.011372046022572246,0.038769637435215394,-0.05342526173321127
2019-11-15,-0.024816282533459022,0.03889158232933702,-0.08304757875654134
2019-11-16,0.006920467352055093,0.03889124140597362,-0.08300058511740727
2019-11-17,0.0031827394743637605,0.03873197487396148,-0.07118069011926931
2019-11-18,-0.031323177646423006,0.0392400417060724,-0.11721784943012492
2019-11-19,-0.012412693864603863,0.03898008278439479,-0.12163537703721261
2019-11-20,-0.021797985575073398,0.0391915399923766,-0.14246650241233128
2019-11-21,-0.04790148568918984,0.039999561843864356,-0.1753224426218677
2019-11-22,-0.045294215208040334,0.03878248589826885,-0.17130308140970285
2019-11-23,0.013872152579023078,0.03886460745381038,-0.16063674805885975
2019-11-24,-0.047295145936607,0.026594790428611584,-0.22169990938069906
2019-11-25,0.013935577984796277,0.023016120414041063,-0.18402526768863647
2019-11-26,0.010108585540066883,0.021943255151998728,-0.18118786720810953
2019-11-27,0.04340210227484875,0.023527164126086103,-0.1449319991072835
2019-11-28,-0.009102586236349741,0.023046176391834424,-0.1429691348824712
2019-11-29,0.039948206152910615,0.02439768236275206,-0.08605148462476142
2019-11-30,-0.02468853937775628,0.024630641188845667,-0.11474193805170163
2019-12-01,-0.019200067188720915,0.024617632953823833,-0.13449363359812616
2019-12-02,-0.013779656376399996,0.024503542829690375,-0.11881861278837957
2019-12-03,-0.00025167664392733435,0.024538474516912066,-0.10796786373779277
2019-12-04,-0.00930457458407874,0.024018633777620445,-0.09657499812194092
2019-12-05,0.02706453543109233,0.02487573872367625,-0.025441416088776925
2019-12-06,0.013249850827323328,0.02510376025292931,0.03432005493264545
2019-12-07,0.0012244885547587625,0.025138923017889857,0.021417311213853818
2019-12-08,0.0010729442478032425,0.023787361371794068,0.07327387981849132
2019-12-09,-0.021607395767781146,0.02395573915173023,0.035650833376493773
2019-12-10,-0.01658984648851669,0.02320267972333476,0.008277287823007962
2019-12-11,-0.008339019679128423,0.02268550637847573,-0.04172203458484869
2019-12-12,0.0035617998454939848,0.02263305618334313,-0.02947454866030097
2019-12-13,0.0036655806660659263,0.02268527611548851,-0.06333509216436062
2019-12-14,-0.01994732244362929,0.022807317074807442,-0.05878174515478107
2019-12-15,0.003877781685729609,0.022609818398451033,-0.036635238087909694
2019-12-16,-0.030734342104957735,0.0229416767397426,-0.053197000259812444
2019-12-17,-0.04211556503438585,0.023744526095875084,-0.09284383355063197
2019-12-18,0.0958190117115909,0.030001526552638377,0.0034153265311385184
2019-12-19,-0.010163597776861044,0.029982545569435946,-0.03295559092374567
2019-12-20,0.0022174806840695727,0.029808582437805025,-0.043484871394087965
2019-12-21,-0.0038313365082680573,0.028585917088685162,-0.048314930202727924
2019-12-22,0.0445589076158448,0.028561586581757538,-0.0069743442634961905
2019-12-23,-0.020762644491902904,0.028737598846792292,-0.006116958704739384
2019-12-24,-0.004499437644974069,0.02732619257308331,0.006102207702090912
2019-12-25,-0.006469956481979233,0.027263120893930463,0.007998489441822132
2019-12-26,-0.004974321654276248,0.027227377762444917,-0.0005753697652389755
2019-12-27,0.007061999794407026,0.026032410605332835,0.002806697924291557
2019-12-28,0.003827368615925586,0.025996673756521343,0.0271333693181679
2019-12-29,0.014302095835631912,0.02502995905566778,0.037799170584972064
2019-12-30,-0.017467840376992116,0.024830141679548952,0.052003702002856755
2019-12-31,-0.013628967865274233,0.02470949262629799,0.083289319124765
2020-01-01,0.0009140341575637478,0.024587960457420486,-0.010530506427879893
2020-01-02,-0.029819292162590716,0.02517261101940269,-0.0301789149183892
2020-01-03,0.05145166344511276,0.026888699400687145,0.017463786859103658
2020-01-04,0.008954866877941559,0.026478033198377705,0.030523321246868074
2020-01-05,8.914790612779555e-05,0.026362457802870474,-0.01334890475875361
2020-01-06,0.04829126010697582,0.027815466967187213,0.05622780227752622
2020-01-07,0.050773846435889336,0.029245406718001254,0.11487285138857972
2020-01-08,-0.010268587535248286,0.028989275001217858,0.11061028211716106
2020-01-09,-0.024850855645838776,0.029223260359332946,0.08842484157598673
2020-01-10,0.03648690303834745,0.0297618860786356,0.12022705003804068
2020-01-11,-0.015798168776598898,0.02999291359650501,0.0983258162741596
2020-01-12,0.019279106453440997,0.030123910161973064,0.10371511722488558
2020-01-13,-0.005895616628883604,0.029839881824874258,0.11671462891068818
2020-01-14,0.08393344808628167,0.03314323680249826,0.22716939043098683
2020-01-15,-0.002350980919464507,0.03240949903587307,0.22316632280970294
2020-01-16,-0.009449813541879348,0.031175502041544626,0.24884737383532496
2020-01-17,0.02352785247141642,0.026762177392923796,0.21568124816891654
2020-01-18,0.0015422162701026476,0.02658531913803716,0.20674980768628903
2020-01-19,-0.026452928527155417,0.027290387277579476,0.17472301717614358
2020-01-20,-0.005582491465413786,0.027315364709188168,0.11435168870846435
2020-01-21,0.010193531591149663,0.026371018635981586,0.07131603215026128
2020-01-22,-0.007434180055016837,0.02602484297151144,0.07438408287288767
2020-01-23,-0.03160514587505292,0.026854077888538705,0.06694245001561083
2020-01-24,0.004629616722148233,0.026767597944814064,0.034149087153603874
2020-01-25,-0.00918684685986848,0.026834442053163224,0.04109592702746023
2020-01-26,0.027364554337216074,0.027137779274335985,0.0493544371908643
2020-01-27,0.036407519395889265,0.02769975451209429,0.09400868501155024
2020-01-28,0.05036808165148732,0.02879121895494927,0.060131326157008
2020-01-29,-0.004483577295090302,0.028488885295077336,0.05786516623441984
2020-01-30,0.02064730312029206,0.028253837082788127,0.09000759753802612
2020-01-31,-0.016664631518128026,0.02862268995592812,0.04720454844977251
2020-02-01,0.00452869583961979,0.027682210513461546,0.0503271876538367
2020-02-02,-0.0051645279666768795,0.0266908175809401,0.07329452692846306
2020-02-03,-0.005441113304621492,0.026809538581238686,0.07344711917960844
2020-02-04,-0.012111511652417528,0.027024019598322437,0.049745438596412894
2020-02-05,0.047104093835473426,0.026963039982736466,0.10742554715449071
2020-02-06,0.012105773319493585,0.0257169252610803,0.1574119637483573
2020-02-07,0.006797836503646293,0.025528610982146194,0.15990992267109916
2020-02-08,0.007061676319697785,0.024821600918861497,0.17893149420050425
2020-02-09,0.02549940694219166,0.02446236517469878,0.17679118188776433
2020-02-10,-0.025706324471686526,0.02485080841740798,0.10626388218318206
2020-02-11,0.03567402510806805,0.02530367173427934,0.09078787494276441
2020-02-12,0.011541499979814906,0.025181485715309357,0.10834656065383763
2020-02-13,-0.010814856987217514,0.020946603199780586,0.07418101018474599
2020-02-14,0.009568503349817403,0.020913715792033587,0.10283769865133396
2020-02-15,-0.0409897830477971,0.022428152892518434,0.05286451748665888
2020-02-16,0.004551203932625647,0.02213668578803204,0.06314697088297905
2020-02-17,-0.024590331529186438,0.022734609257680966,0.04267715896679536
2020-02-18,0.0466302236506857,0.023384153118820705,0.10467673321132187
2020-02-19,-0.05014884351152826,0.025429632450568534,0.0020765640818412034
2020-02-20,-0.0025859164113087862,0.025427222400942667,-0.012469542020995594
2020-02-21,0.008114275736580634,0.02535604586923169,-0.011178295862664722
2020-02-22,-0.002401270461409255,0.024488923812180544,-0.02046984908356686
2020-02-23,0.02704430011708836,0.02481873196681542,-0.01899420762096604
2020-02-24,-0.027642741538078885,0.02542164109141973,-0.02094396507737406
2020-02-25,-0.031965195740564556,0.025930548286952796,-0.08488550050635046
2020-02-26,-0.05579095174048332,0.02727535275452938,-0.14579936598486076
2020-02-27,-0.0040846016176541156,0.025568012309624102,-0.13998752333399467
2020-02-28,-0.012754184897438958,0.025642531124426667,-0.15900336063643272
2020-02-29,-0.008411261679117432,0.025301525624301983,-0.13043387670166529
2020-03-01,-0.0043089307085921735,0.025172243320080525,-0.13810344386927575
2020-03-02,0.03587941221856461,0.026112582292470356,-0.08467085490590975
2020-03-03,-0.009231886844013548,0.026142387952526353,-0.1335249933464312
2020-03-04,-0.0037028710724991143,0.026135766915045353,-0.09115596110045343
2020-03-05,0.03695117168590434,0.0269803207907312,-0.05512975350640037
2020-03-06,0.004822595830994203,0.02549736619681432,-0.058214929937908555
2020-03-07,-0.02330399860322019,0.025668202932954243,-0.07794819212503001
2020-03-08,-0.08999349283790192,0.030138724508178772,-0.18302146751494486
2020-03-09,-0.022751484424786028,0.03019024541280549,-0.1789118133485883
2020-03-10,-0.0017561412564156553,0.029587895797291132,-0.15328846007895125
2020-03-11,0.00021501160000858555,0.029423124341148892,-0.10306558247340214
2020-03-12,-0.37169538560117077,0.07212491227831892,-0.43414065666576473
2020-03-13,0.11928067241286833,0.07633255902856005,-0.3584622830409767
2020-03-14,-0.06530552710121185,0.07683038547891254,-0.3952717139435086
2020-03-15,0.036910617960911996,0.07733752209980786,-0.3702372150033195
2020-03-16,-0.07006915676163483,0.07781935271603532,-0.4346486369124415
2020-03-17,0.04210793838741411,0.07850596482142441,-0.4053531440621433
2020-03-18,0.0024512036855608432,0.07857677528451298,-0.4016800418320623
2020-03-19,0.18187755736638023,0.0858699878995335,-0.31805763859315817
2020-03-20,0.001225199953657663,0.08559634379291448,-0.32049908114200665
2020-03-21,-0.00221203491300348,0.08559754230701352,-0.3058251102364993
2020-03-22,-0.05736583896317804,0.08594462356546,-0.28093594971570124
2020-03-23,0.10052048673231173,0.08838262312842642,-0.19023185402866127
2020-03-24,0.04963733427047878,0.0887965308568165,-0.14854184108451285
2020-03-25,-0.007979552925792555,0.08872174407136699,-0.1555176700246238
2020-03-26,0.005295181540467819,0.08863100508402749,0.3511822096557484
2020-03-27,-0.03672214358569481,0.08833283528096894,0.16285748036416248
2020-03-28,-0.035179534234601295,0.08849410766643503,0.20033735980507683
2020-03-29,-0.051288198783903005,0.08886161785957312,0.09823759055245462
2020-03-30,0.08574723804008189,0.0904993485673326,0.28225495403691747
2020-03-31,0.0013690436954885143,0.09050677668468005,0.23212804528162678
2020-04-01,0.026112924097839496,0.0903728413963573,0.2612110262909708
2020-04-02,0.028281287899985408,0.09057349405484572,0.097304615308903
2020-04-03,-0.008866740365705117,0.0905780446511518,0.08624423379795876
2020-04-04,0.01992164308903499,0.09036530291327033,0.1103401148305172
2020-04-05,-0.011124520572645125,0.09035472238384383,0.16480831988175892
2020-04-06,0.0707764242948763,0.09133049546612848,0.1333267329309522
2020-04-07,-0.013114627068677276,0.08984338161834171,0.06557144926533831
2020-04-08,0.02197254365887824,0.08981457040226666,0.09774427298121435
2020-04-09,-0.004364445986660415,0.0898196283191584,0.08719632548107015
2020-04-10,-0.05979058460566089,0.09052489253821851,0.061160302598906924
2020-04-11,-0.0009336774645052337,0.05721963878705016,0.09882569737687219
2020-04-12,0.016329994685138294,0.05355235219736054,0.17714306256484802
2020-04-13,-0.018082418492216368,0.05196732741051656,0.06457325295049121
2020-04-14,-0.0003812781513637953,0.0517581062042298,0.06271245464246955
2020-04-15,-0.029275847531044064,0.05011333901716068,0.005348069032460989
2020-04-16,0.07146740203164859,0.05102888949703272,0.04757102588500839
2020-04-17,-0.002897315751431484,0.051071077157479265,0.05388036542773067
2020-04-18,0.02275595669052466,0.039762520612688125,0.0568090486989552
2020-04-19,-0.009402505352301915,0.03985432792715419,0.05864936257538966
2020-04-20,-0.04276646838190479,0.0408085478919559,-0.053607601838442265
2020-04-21,-0.00023761461322069355,0.03912738942089516,-0.04125894713837519
2020-04-22,0.034429236680519004,0.03531161871051269,-0.029572974695334264
2020-04-23,0.043910071328696176,0.03507135631601948,0.017479278558904632
2020-04-24,0.016309658285092787,0.0350688450798888,0.09983371892809156
2020-04-25,0.002520911948821203,0.03507081113010562,0.10363674364839848
2020-04-26,0.014522071498782596,0.03422747250644559,0.10167351274053371
2020-04-27,0.015069777105927384,0.03334625192872853,0.13886899275585773
2020-04-28,0.001469741643032707,0.03145089203233325,0.14097786587191652
2020-04-29,0.1273180520232342,0.03556286408902236,0.32503651205638495
2020-04-30,-0.01618949646720247,0.035871850346601994,0.21663508908787965
2020-05-01,0.023816089558295506,0.03583986996769598,0.2492299930654307
2020-05-02,0.013968791699848548,0.035689241513472914,0.23849704158413343
2020-05-03,-0.010138170944239966,0.03571312967958854,0.23757727380344207
2020-05-04,0.0017067266322232655,0.03569221003569187,0.2950752757276709
2020-05-05,0.010144678859214995,0.03548270155068458,0.30852432299933663
2020-05-06,0.029511199738283755,0.033806909746666586,0.30230314253369617
2020-05-07,0.07366214135771076,0.03554759851575704,0.3394195717739581
2020-05-08,-0.010938284289408906,0.03572217818133495,0.30350883602788237
2020-05-09,-0.025274608612654736,0.03622171754030057,0.26736823664283094
2020-05-10,-0.0872915214038874,0.038329117787487606,0.14017996018404455
2020-05-11,-0.017659566044374797,0.0385968491027449,0.10341663414319147
2020-05-12,0.023562712138033515,0.03867138837625934,0.1277586088710787
2020-05-13,0.05287193516704303,0.03915502008764914,0.053283398409478266
2020-05-14,0.05002535168149658,0.03973214086940961,0.12417408318341261
2020-05-15,-0.04166180495059313,0.04024298656995536,0.05227781902129447
2020-05-16,0.005233209039209763,0.038662497464778754,0.0432121949653439
2020-05-17,0.03132400103227817,0.038775201108186545,0.08690904453162585
2020-05-18,0.005773698991511145,0.03872287975421293,0.0913219419632243
2020-05-19,0.00025321252090737545,0.038591485771403686,0.08063557744623573
2020-05-20,-0.02117954918100662,0.03774952821781109,0.027427582483670054
2020-05-21,-0.04633209978369557,0.039158109214547605,-0.08739940855838679
2020-05-22,0.01110086707949609,0.03888745914874811,-0.06706403185271392
2020-05-23,0.0029087652089092586,0.038343909799249676,-0.04008896443967158
2020-05-24,-0.045488748514099786,0.039517479706985575,0.0038757230316781577
2020-05-25,0.013260696716498988,0.03953520162947175,0.03547383307832597
2020-05-26,-0.008070322664891605,0.03958592793659372,0.003472687070510183
2020-05-27,0.039158209254817056,0.04003010890606775,-0.009597610399909695
2020-05-28,0.037548495632866885,0.040422257419054516,-0.021366000587318745
2020-05-29,-0.009093976247976698,0.033561397305276096,0.01189155360396077
2020-05-30,0.02768159825145977,0.03365732111568705,0.034488633795532575
2020-05-31,-0.024674768232348376,0.033853842318614484,-0.02168196851063997
2020-06-01,0.07464386293982206,0.03627433934901204,0.04530817379455221
2020-06-02,-0.06269774820259899,0.038234619937182523,-0.02047832203349853
2020-06-03,0.013317594606312655,0.03827981311740225,0.014043535513851957
2020-06-04,0.014903505382374727,0.038318620907590334,0.07915589752986207
2020-06-05,-0.013785177382049874,0.03812179717338417,0.052594826798670447
2020-06-06,-0.0012263695520872142,0.035645892863138406,0.04825482937464409
2020-06-07,0.010894586827723485,0.035646058258432554,0.11017563279766107
2020-06-08,0.0012948980117710729,0.035316394117484974,0.09706534618336904
2020-06-09,0.0024777121338637187,0.031110972116075317,0.1087313782746151
2020-06-10,0.007594610876882513,0.030839235244474728,0.0750545506066036
2020-06-11,-0.05555301055894357,0.03253787344584874,-0.021412456305477057
2020-06-12,0.01706353064227928,0.03125465255220982,0.004419872697817073
2020-06-13,-0.0005871213994007585,0.029864626622973702,-0.02320898028676288
2020-06-14,-0.009338962291258746,0.028894371829197497,-0.007850126608618946
2020-06-15,0.006808938469139436,0.028904489532975287,-0.07047776916639381
2020-06-16,0.009239764861221245,0.028373103223926797,0.0008626308971679819
2020-06-17,-0.006056760681470541,0.028371295087110688,-0.018273588890667658
2020-06-18,-0.007216479234543938,0.02839754482671207,-0.039670473418699226
2020-06-19,-0.013156009327927487,0.028235466906207107,-0.039057819212233835
2020-06-20,0.004771982890003024,0.026880735839327683,-0.0332866717759015
2020-06-21,-0.0030764990320015784,0.0268262839319918,-0.046647149798385135
2020-06-22,0.03709174751916078,0.027633415179255848,-0.012564255164773552
2020-06-23,-0.0019753474772544743,0.026161736565822522,-0.01695049755268696
2020-06-24,-0.03282025643027875,0.026903546863557254,-0.056380854532467994
2020-06-25,-0.005239308190707503,0.026872538388816137,-0.006111254052169501
2020-06-26,-0.010998117562784016,0.02602354336687542,-0.03353349022865182
2020-06-27,-0.012826410118569775,0.02514501251070729,-0.04536930193748456
2020-06-28,0.010855408054862181,0.025198744699394433,-0.025909400794064008
2020-06-29,0.005170015512075743,0.02465205506545224,-0.027495063559162203
2020-06-30,-0.005751513982724221,0.02427797803783759,-0.041940682119686046
2020-07-01,0.00988532488788163,0.01979759542141299,-0.026574147068212595
2020-07-02,-0.011368806022981404,0.016387541134038838,-0.030645510221551264
2020-07-03,-0.00395756024273064,0.016157346955293365,-0.02161008212550375
2020-07-04,0.004972274697731871,0.015900983503831265,-0.021415049333336267
2020-07-05,-0.00641072801130238,0.015772627766880952,-0.024687944693965513
2020-07-06,0.0332305643833104,0.017033664484575283,-0.028319116641044917
2020-07-07,-0.01314037643510968,0.017028291729810494,-0.0391894344964947
2020-07-08,0.019028359994139876,0.017436373859323968,0.01231774273558206
2020-07-09,-0.015948231171979632,0.017631524226240557,0.0014198123802791063
2020-07-10,9.052022711308894e-05,0.01754878298119054,0.012647679356373231
2020-07-11,-0.004145030168397623,0.014347733085345359,0.021553082975617865
2020-07-12,0.003912550206798482,0.013998959837846178,0.014536750290611078
2020-07-13,-0.003545059255915528,0.014009046891026812,0.005740463595615308
2020-07-14,-4.331537576462985e-05,0.013914559640586369,0.011514640166158996
2020-07-15,-0.005450155524782674,0.013874877479941225,-0.003845581998781933
2020-07-16,-0.006593108913667822,0.013779464470885178,0.0009664569126555111
2020-07-17,0.002098616025556055,0.013763986359491224,0.00705257238297885
2020-07-18,0.0008356608977502233,0.013718735765942038,0.002907395771535093
2020-07-19,0.002923597193133398,0.01353287487327611,0.012329260566158018
2020-07-20,-0.0023499201650132306,0.01350361723371608,-0.0225314635113264
2020-07-21,0.02298678850016933,0.014155999754778133,0.013251910530473365
2020-07-22,0.016050921443329758,0.012721430140491732,0.010291349844887554
2020-07-23,0.00584848921034431,0.0127670908713077,0.03266927624552407
2020-07-24,-0.004611142289210002,0.011218216911630064,0.027814453277319684
2020-07-25,0.014702976045533722,0.011433704571463948,0.04726733927879767
2020-07-26,0.023566295475673238,0.011862736014153882,0.06776984769983296
2020-07-27,0.1096100707382146,0.02257404550370724,0.18902333441551344
2020-07-28,-0.007101328925793737,0.022699110942580585,0.1806308280853426
2020-07-29,0.017194865809297744,0.02278720972650621,0.207512749024934
2020-07-30,0.0009680757576464583,0.02269495367452102,0.21670357201022616
2020-07-31,0.0191025870102548,0.022800662052156213,0.23734903734126878
2020-08-01,0.03851523428168302,0.02322373146139326,0.28393289288876034
2020-08-02,-0.060034265575901635,0.026330324563335082,0.20333485820160302
2020-08-03,0.017436321777176023,0.026397507313044348,0.2272004149966118
2020-08-04,-0.00359726129861071,0.026352109409556238,0.1953095271453773
2020-08-05,0.04828976175167332,0.026996953971039572,0.23323616266275926
2020-08-06,0.002788023660583505,0.02672441091497643,0.2294838313414571
2020-08-07,-0.01513618086086388,0.026983342111089312,0.21648352030939066
2020-08-08,0.013151196120374076,0.026640442027837097,0.21462315845900903
2020-08-09,-0.006662100973708895,0.026740089820056233,0.1787523892349825
2020-08-10,0.017332698670629254,0.02669052501514673,0.08072500496239154
2020-08-11,-0.03936534391564839,0.02809313369683242,0.04560709336090496
2020-08-12,0.015284938573538076,0.02805286564553665,0.043643818149203595
2020-08-13,0.017195015111304723,0.02806057284461136,0.06056258444563012
2020-08-14,-0.0012955213149429268,0.02799953934811971,0.03933462294408985
2020-08-15,0.008227394765919493,0.02785189663547825,0.009022886318790668
2020-08-16,0.0022843551383793237,0.027850299870514808,0.07591991483978888
2020-08-17,0.03040482644811049,0.02806871930282076,0.08963386640855053
2020-08-18,-0.021475461465219614,0.028632366191098314,0.07008284389996411
2020-08-19,-0.019426708460436926,0.02903903291670694,0.000958603954742232
2020-08-20,0.01021312934149976,0.028916340713185464,0.00837016376720956
2020-08-21,-0.024067507803910648,0.02946865809735011,-0.000774332595841698
2020-08-22,0.007706363621583279,0.029468154482119382,-0.00614432713203894
2020-08-23,-0.0014533293195752028,0.02943071734934408,-0.0009328404242336941
2020-08-24,0.00940844236539995,0.02939969245258703,-0.008714821922479854
2020-08-25,-0.034690018052305094,0.030179218422952188,-0.0038903226170875493
2020-08-26,0.010753745063331488,0.02288063826773406,-0.008335937374214675
2020-08-27,-0.01435938403704018,0.02301523459744116,-0.03909834103162879
2020-08-28,0.01934954061432026,0.02306923327110861,-0.019234733046759045
2020-08-29,-0.0030872658111327222,0.023084707455001865,-0.030241204561961554
2020-08-30,0.017784220187846422,0.023051128101363613,-0.015244332284385154
2020-08-31,-0.0026201196706430174,0.021963965320466978,-0.04680620198034702
2020-09-01,0.024797762089964426,0.01926142372931848,-0.0017308380316577443
2020-09-02,-0.04648471948812871,0.021043983707924055,-0.029277150200465396
2020-09-03,-0.10239476124641311,0.028240943982251927,-0.1374830814900999
2020-09-04,0.02601355576262887,0.027128097195025114,-0.09322206449505244
2020-09-05,-0.03255823502891142,0.027616506337037345,-0.12945389844617905
2020-09-06,0.010893696409813414,0.027679830658301745,-0.11868959926006317
2020-09-07,0.00867790498409815,0.027598197874308457,-0.11932742847294553
2020-09-08,-0.022956306264775628,0.027816206002191476,-0.10862251675885448
2020-09-09,0.010939236349907233,0.027668611414667643,-0.10845893313920574
2020-09-10,0.011793293850096198,0.027017289689849847,-0.08480306307140761
2020-09-11,0.0036452631180188266,0.02683098990909756,-0.09890274731968807
2020-09-12,0.003966560559340859,0.02659144220852882,-0.09252687975843221
2020-09-13,-0.011340078630605377,0.02662376968283579,-0.11849458273456037
2020-09-14,0.0345883839286778,0.027463088088614373,-0.08560892087389516
2020-09-15,0.010871177190313608,0.027565944009606807,-0.09803512384389657
2020-09-16,0.01648188444401355,0.027100259854669826,-0.03847271694975973
2020-09-17,-0.0023612995663134795,0.02688204869480742,0.06868452597914598
2020-09-18,-0.00040225598714782596,0.026696731602490007,0.04117010465438953
2020-09-19,0.013683545731443925,0.026759056899825367,0.09093595253992426
2020-09-20,-0.014067993350005525,0.026534931931258738,0.06399780375944708
2020-09-21,-0.04351800185522625,0.02754557247820146,0.008939266274035074
2020-09-22,0.0072833400259153525,0.027611744420072987,0.040166085234686344
2020-09-23,-0.027733979972724532,0.02786784396181131,0.00037480344510254504
2020-09-24,0.050153282066164984,0.028954496645031476,0.038301883912085444
2020-09-25,-0.006259218747560857,0.02887460281069614,0.028055392887701425
2020-09-26,0.005424892199001441,0.028807828099450955,0.029548715240924617
2020-09-27,0.0022831856976197606,0.02855307700683527,0.04373540773583673
2020-09-28,-0.006089609852421796,0.028562701878414604,0.002697770850945247
2020-09-29,0.012604356977915954,0.028454536349158555,0.004416937000625287
2020-09-30,-0.00554646448346463,0.028461196750247653,-0.01734995043290788
2020-10-01,-0.015303370300178809,0.028086110945985683,-0.0300975778481285
2020-10-02,-0.00409414143543152,0.026894746121990953,-0.03367978745198641
2020-10-03,-0.0025194375739971964,0.019119036881290238,-0.04912570283411688
2020-10-04,0.011399199427022166,0.018644007760811213,-0.02456407092713997
2020-10-05,0.01159903211277169,0.017647095018823052,0.031645178531391815
2020-10-06,-0.017504646058134066,0.017920692036505002,0.006257678001049483
2020-10-07,0.0060882710901424275,0.017889589822346244,0.041262398024417335
2020-10-08,0.023124708925124526,0.017730115756219224,0.014462656153739761
2020-10-09,0.013629236597062944,0.017780267911019887,0.03476583341720452
2020-10-10,0.02095930231275278,0.01801855010411808,0.05075357845188666
2020-10-11,0.0077742124166433335,0.018039130903624568,0.05651015110193369
2020-10-12,0.01503679807902314,0.01816869587477734,0.07896717002149423
2020-10-13,-0.011203790312466544,0.018164863178846975,0.053598713794400066
2020-10-14,0.0003157232305546209,0.017197191020444907,0.059809555442525975
2020-10-15,0.005760771167350187,0.017135623473719455,0.08248047532907576
2020-10-16,-0.01506927308750361,0.017199067172183703,0.0705512697466748
2020-10-17,0.0031777181254826203,0.017189451151453653,0.07666577212172765
2020-10-18,0.011028058853915557,0.017275365326942904,0.0762706814869556
2020-10-19,0.02252631185070797,0.017559159115505027,0.08789654354989596
2020-10-20,0.014843919324981414,0.017437469466418387,0.12371543300102261
2020-10-21,0.07614375520341321,0.019935518645844048,0.20196147852855972
2020-10-22,0.011089019970212055,0.019949524083183543,0.1878220150153047
2020-10-23,-0.0026494544392426933,0.018938308597176687,0.16874582138313277
2020-10-24,0.0136506131750318,0.017229318114765458,0.16037918045028676
2020-10-25,-0.0058657541398662305,0.017219227776113216,0.14467374463023575
2020-10-26,0.003382214014740148,0.01722869973897744,0.1315306778880072
2020-10-27,0.04427990207523247,0.01851669082122973,0.19502353864545507
2020-10-28,-0.02804507535445777,0.019503834441437495,0.16114241381976724
2020-10-29,0.012553242153156674,0.01950336216365041,0.16898426486661822
2020-10-30,0.00808458072996765,0.019350688451075775,0.1964648683690513
2020-10-31,0.01730869726353168,0.018918889057859222,0.21331853227012387
2020-11-01,-0.003184511845067406,0.018898073765566018,0.1962622544850905
2020-11-02,-0.013585108198026608,0.0192341288921658,0.15401519613607828
2020-11-03,0.02950532012761009,0.019606914018615793,0.17068719761402895
2020-11-04,0.013147117963686394,0.01961559404077343,0.10215605913676917
2020-11-05,0.10231863433740651,0.025349500110725356,0.20160256707182378
2020-11-06,-0.0008965281862933772,0.025448992238984506,0.20371448318277086
2020-11-07,-0.0470340843373509,0.02761519482596544,0.13165114266505817
2020-11-08,0.04353675277640923,0.02825942111960311,0.1878874142100051
2020-11-09,-0.009512665921690977,0.028459441488051674,0.17262138161516116
2020-11-10,-0.0027010327388199418,0.02855956901206656,0.1198665133257808
2020-11-11,0.02684194109497806,0.028708527159594658,0.18310620703945824
2020-11-12,0.03662132734990031,0.028780440645143655,0.21122828477560818
2020-11-13,0.002547552717421464,0.02875139151142942,0.2045754650910394
2020-11-14,-0.015300456580341737,0.029171313008088756,0.16596359952518958
2020-11-15,-0.007004593596581565,0.028953180431359735,0.1614952938834704
2020-11-16,0.04766502135260464,0.02962290127087075,0.23361680970208276
2020-11-17,0.05559276937282975,0.030602271004691612,0.26487640135447355
2020-11-18,0.008988152900985202,0.030585167254737252,0.25968408854165936
2020-11-19,0.0007348899162549216,0.030686583662123477,0.14359839197831992
2020-11-20,0.045137820846602006,0.028994828702510397,0.19629043941382718
2020-11-21,0.0011233347035009,0.029073355154631976,0.256744081079864
2020-11-22,-0.014602889964538845,0.029369596531621876,0.18672579787480692
2020-11-23,-0.000320133845930215,0.029456046930009087,0.19773958329816943
2020-11-24,0.040478046632625775,0.02971656528387223,0.24959694426143408
2020-11-25,-0.01964382784787766,0.030272530347392405,0.1930269187318061
2020-11-26,-0.08442706722639481,0.03444432255564107,0.05371472305474012
2020-11-27,-0.0024617591448197196,0.033827250901920826,0.04844975018905484
2020-11-28,0.03559722915754793,0.03416944078998216,0.10264259129850695
2020-11-29,0.02596712538731971,0.03429390340212115,0.13925506848171465
2020-11-30,0.07967832801396635,0.03654301013451973,0.17406707530592747
2020-12-01,-0.04192625951044282,0.03777977926039135,0.06560301193830553
2020-12-02,0.021171823185194727,0.03752551174479309,0.0784703144076051
2020-12-03,0.012723580680175761,0.037385947958469064,0.09139026676240225
2020-12-04,-0.038344949058079725,0.03848780458595233,0.004212977127499906
2020-12-05,0.024303237423597412,0.03446649891731369,0.027464417098148397
2020-12-06,0.009965977245154134,0.03443245838302411,0.05308214681268009
2020-12-07,-0.007934312410408761,0.032993430268261036,0.04506122353476716
2020-12-08,-0.0453576006387062,0.033781049485439724,-0.04115251912956952
2020-12-09,0.012705073309037251,0.03366835475221236,-0.009513342201511787
2020-12-10,-0.015572121156616547,0.03387664319883575,0.06497543194665734
2020-12-11,-0.011283218109780502,0.03380218569972897,0.055557610466896445
2020-12-12,0.041240151721379625,0.033960257425256074,0.061309296247644696
2020-12-13,0.018013866983980886,0.034033071909512214,0.05308206667073545
2020-12-14,0.005446642655266398,0.03379745752911538,-0.01932103210571845
2020-12-15,0.008855135259981495,0.033701405732308586,0.032658521979799904
2020-12-16,0.09751836309514528,0.03685159586046112,0.10986384949830419
2020-12-17,0.07013245133867341,0.03757697211222598,0.17277936899435153
2020-12-18,0.014593135822884129,0.03758948742738734,0.23733962240502682
2020-12-19,0.03163075154837203,0.037765294520524774,0.24619112577733016
2020-12-20,-0.01644490454985592,0.03748917579650844,0.2136028928482654
2020-12-21,-0.028717656479103182,0.038080875899233056,0.1881784408181666
2020-12-22,0.042974334095805755,0.03838173226657259,0.29811918989606645
2020-12-23,-0.022776055438033516,0.03879362672895181,0.25263829390800985
2020-12-24,0.021281190940612982,0.03840612046488733,0.2995324046727026
2020-12-25,0.03913227940938091,0.03844836758079072,0.3657966513446287
2020-12-26,0.07185327832809496,0.035714090982539436,0.40595194667925294
2020-12-27,-0.0062314920850786715,0.035784690701801035,0.37246732442938923
2020-12-28,0.03092663485588698,0.03570208344569804,0.4072483413809347
2020-12-29,0.010250355112868093,0.035648611931043614,0.4091945284549894
2020-12-30,0.054034499850387885,0.034309870067380836,0.3533620028034028
2020-12-31,0.005574281038085438,0.032724572556297134,0.2717173666221233
2021-01-01,0.012841708408869223,0.03270622112596427,0.26952208204928385
2021-01-02,0.09372577639540935,0.035734199821212106,0.34593605585764076
2021-01-03,0.020380066800975483,0.03414388249301792,0.39632881669665054
2021-01-04,-0.024712000360334718,0.03506326798202033,0.4020874028644359
2021-01-05,0.06319658000613337,0.0359877433169338,0.42927249776236365
2021-01-06,0.08331071417326141,0.03741021625779852,0.5844333521659482
2021-01-07,0.0691574669750421,0.03605286166891856,0.658709437145627
2021-01-08,0.0362338992996023,0.03599977497854194,0.6540829131353658
2021-01-09,-0.013311135341493308,0.03590935530835189,0.5226572746582516
2021-01-10,-0.047152573214749416,0.03778623751865749,0.4599577813932587
2021-01-11,-0.07273315912449108,0.04173464761734914,0.313158855337351
2021-01-12,-0.046214502171538774,0.04356918142098626,0.23976385281830237
2021-01-13,0.10003249550509552,0.04583144797758728,0.2938670651162816
2021-01-14,0.050138030111625875,0.04600187498259348,0.35120700340988664
2021-01-15,-0.06027358971670127,0.04640641654632979,0.2536656975340912
2021-01-16,-0.017575563040677422,0.04586147311148479,0.1260883153858121
2021-01-17,-0.010693288117263444,0.046129391696991116,0.09179585610349039
2021-01-18,0.023435790428599335,0.046055769414939635,0.14569537961174417
2021-01-19,-0.015295342507474663,0.04602884117441348,0.061112871868759466
2021-01-20,-0.014473454791977813,0.045629509415249424,-0.03466762674210355
2021-01-21,-0.1328368400602007,0.05276468814244561,-0.21704641547806347
2021-01-22,0.07072224005462169,0.05351543051642835,-0.1909878489356951
2021-01-23,-0.02842289017956734,0.0540222560365704,-0.20337837418210913
2021-01-24,0.006914643868341619,0.05377367873737891,-0.15817584420152697
2021-01-25,0.0023851084933719235,0.052518383171101655,-0.08997932359399119
2021-01-26,0.006286058316783416,0.05245018431243801,-0.03988777190228132
2021-01-27,-0.06562212475675022,0.05396855104874007,-0.18447170665345758
2021-01-28,0.09968113394222766,0.05665394636431342,-0.1459969521397423
2021-01-29,0.02540747568580648,0.05609524421729029,-0.06813185204577266
2021-01-30,-0.0013656239986477026,0.05611706912920352,-0.05275608847020452
2021-01-31,-0.03370820328466961,0.05659452543947545,-0.07479246809327555
2021-02-01,0.012768370405776608,0.05412137341433515,-0.08443604069785982
2021-02-02,0.05883361479570781,0.05499897548781012,-0.015512022586412821
2021-02-03,0.055245981743407446,0.05548795084326818,0.0541339421974667
2021-02-04,-0.014571470120209207,0.05457149930229501,0.197898744946859
2021-02-05,0.032991388091470286,0.05280101313665755,0.15568635921166707
2021-02-06,0.029406828078771152,0.05155551383128952,0.22447453451209975
2021-02-07,-0.009233693380855112,0.051157108969328215,0.20483709269241368
2021-02-08,0.18746473766529936,0.0614873659247234,0.4272973032827925
2021-02-09,0.006161523959955284,0.06065142082023588,0.42712066608286525
2021-02-10,-0.03362488605290981,0.05925700803229287,0.47599160130267615
2021-02-11,0.0665910372634968,0.05918099055225503,0.43157808607848347
2021-02-12,-0.008442623839676311,0.05696676491347827,0.38431974064868557
2021-02-13,-0.008406213773231364,0.056531635933076016,0.3745599850814967
2021-02-14,0.03421623595697554,0.055233646138119194,0.4711831961115811
2021-02-15,-0.01585126109458379,0.0552039806021186,0.42960930599753056
2021-02-16,0.026171883752032166,0.055117776488764446,0.38551029554154304
2021-02-17,0.05994196027730325,0.05577586119656848,0.39167599218376603
2021-02-18,-0.008997504596578998,0.05567624274476982,0.3995478507359458
2021-02-19,0.08143096900475189,0.05675626655596112,0.4651761920166866
2021-02-20,0.0037823185014820293,0.04933889889725315,0.4287042935012877
2021-02-21,0.025676258785917394,0.04845969020291346,0.47904512383976305
2021-02-22,-0.05791845963531039,0.04975313881429172,0.1734084089733936
2021-02-23,-0.09930198541853996,0.05420710553322505,0.05041447032871127
2021-02-24,0.018042326886684945,0.05415435285330941,0.10657484462853684
2021-02-25,-0.052539242009451814,0.055556374570021355,-0.0170213282919095
2021-02-26,-0.016012490351298148,0.053821839632229244,-0.02452570222679562
2021-02-27,-0.003265200081699504,0.05149870041693777,-0.019468261578975077
2021-02-28,-0.022747754528746222,0.05181684818452397,-0.07347534315092519
2021-03-01,0.09955017057586457,0.054243853216899465,0.0351690798427724
2021-03-02,-0.025231161886280384,0.05400947388432284,-0.01668465372471839
2021-03-03,0.04463205996986197,0.05429552266739451,-0.030887752089003406
2021-03-04,-0.039120359814156846,0.05452174359366096,-0.060345223759163624
2021-03-05,0.007539701660092213,0.05390515984334942,-0.12454930545547116
2021-03-06,-0.0003049805235605385,0.05374106021179331,-0.12811405122189035
2021-03-07,0.046906498146797926,0.053999045158447175,-0.11006708247381947
2021-03-08,0.020306565464276005,0.05391884175367421,-0.03617217865956468
2021-03-09,0.049335220420617,0.05422365371042561,0.1228829896152932
2021-03-10,0.021604243798385436,0.04312797345025524,0.1268117220510092
2021-03-11,0.032076714848716215,0.043362505750000925,0.22744517969685862
2021-03-12,-0.008183206626845796,0.042760900898974996,0.2372115806662054
2021-03-13,0.06821652767950437,0.042837288647012174,0.32593931586662106
2021-03-14,-0.031689610370558396,0.043372550671234196,0.3138069741171754
2021-03-15,-0.05725100456855314,0.04491189730605283,0.1264517419801885
2021-03-16,0.01605702194966918,0.04464986947152106,0.17416474303919216
2021-03-17,0.036369962842253134,0.044782511187882894,0.16487815925285543
2021-03-18,-0.017189693893861602,0.04486997500831508,0.19146479162596086
2021-03-19,0.008429650137686817,0.04372093188746034,0.19251719906525855
2021-03-20,-0.0005657190459794625,0.04365707301211551,0.19220616903471366
2021-03-21,-0.013551247955811196,0.04130014383320324,0.12335752018493062
2021-03-22,-0.05205318540083803,0.042449312255145,0.04368943507754319
2021-03-23,0.0038474981233158623,0.04217895092195748,-0.001553547587619275
2021-03-24,-0.035891807492523076,0.04133363561375744,-0.05774627465156168
2021-03-25,-0.020277031922222966,0.0370917675750753,-0.10554360620757608
2021-03-26,0.06639992475218648,0.038798901148815214,-0.038281830467571276
2021-03-27,0.015165759461888806,0.03732712405143635,-0.08604357762323933
2021-03-28,-0.0004067213991215679,0.03711160132209264,-0.05651668460199932
2021-03-29,0.03216137854506651,0.037338060897189176,0.032965343028342975
2021-03-30,0.020216245195582738,0.036934345334006365,0.03719378038385912
2021-03-31,1.9359634988669328e-05,0.03281336832569126,0.0008142818345413527
2021-04-01,0.0030037350775407035,0.032279794571594154,0.02137763163686679
2021-04-02,0.004881969011259368,0.031496356342813246,0.017784399182606325
2021-04-03,-0.029981350293480258,0.031087764863643445,-0.012171317912905377
2021-04-04,0.0200448971410081,0.031190389534522998,0.021471824384578175
2021-04-05,0.005094138552963257,0.031164799772849687,0.0830516307184066
2021-04-06,-0.014655445594718208,0.030449430279884313,0.06308879432705083
2021-04-07,-0.036833390122360865,0.031218102968984213,0.06205054369243057
2021-04-08,0.04058980823677527,0.030806824307699057,0.1280321147997565
2021-04-09,-0.0013536328475677317,0.030600910398670238,0.056362765346062105
2021-04-10,0.026581343719059625,0.03042911793668999,0.06824161177242116
2021-04-11,0.006885903949730876,0.030386858118798068,0.07603506739430621
2021-04-12,-0.005174186540237491,0.02771521251849179,0.03711249372719294
2021-04-13,0.06027376479221824,0.02917890861300201,0.07783342346834621
2021-04-14,-0.00620063437737306,0.026967177407359943,0.0711294358148038
2021-04-15,0.003237480473297971,0.026877450413423716,0.07137905759100005
2021-04-16,-0.027501379378466195,0.02675179342698643,0.036852772565145075
2021-04-17,-0.014437688523377457,0.02668893417175704,0.05346739003360512
2021-04-18,-0.0736215468265391,0.029999037287087905,-0.04326810125387326
2021-04-19,-0.008750468945115109,0.03003399880653099,-0.05644654604920474
2021-04-20,0.013436976092944253,0.03005163316189683,-0.029545599172571824
2021-04-21,-0.045454287638402646,0.02968068947951965,-0.03823172662728891
2021-04-22,-0.0397694659817468,0.030543654996206548,-0.11250402854959085
2021-04-23,-0.012917150838772984,0.0299311744876934,-0.122780514771888
2021-04-24,-0.02040928977310741,0.029934175453963405,-0.162934273239003
2021-04-25,-0.02091099195802515,0.027320859400999795,-0.186042977793762
2021-04-26,0.10238907033660749,0.03335665057700028,-0.09803574368129242
2021-04-27,0.018721407731506323,0.033543791537959076,-0.1333839170296155
2021-04-28,-0.003787066282106566,0.03299230060201267,-0.1312792297043306
2021-04-29,-0.02315733013830157,0.032971210397346365,-0.1541349549464731
2021-04-30,0.07833176806484676,0.036138501726944,-0.062082834632841144
2021-05-01,0.0013484807439372304,0.03613494502736344,-0.04705981786485769
2021-05-02,-0.020698824187899145,0.03631462356423256,0.007380339694495586
2021-05-03,0.010051280367532334,0.035944915281728995,0.026488053762485197
2021-05-04,-0.06760024652955021,0.037805012288839424,-0.05559276911490385
2021-05-05,0.07669599321369813,0.04047006356272892,0.06526012142499837
2021-05-06,-0.01789307689659958,0.04051435410163555,0.08952934018818914
2021-05-07,0.017020319573156195,0.04002833203390568,0.1225739345832082
2021-05-08,0.02523475916996243,0.03960763087687516,0.1748802897552193
2021-05-09,-0.009718099130935132,0.03965432218416419,0.18831145797371396
2021-05-10,-0.04074231762821234,0.040044565032606096,0.03402412613147954
2021-05-11,0.01512317249631967,0.04013221999206907,0.030371840024167263
2021-05-12,-0.1332174549686006,0.0468180854855517,-0.10349655621140219
2021-05-13,0.011508648851976444,0.0452769826843684,-0.0716816381023403
2021-05-14,0.00330563837155351,0.0453169077872521,-0.13627041854918598
2021-05-15,-0.06255641898138342,0.04639336216649358,-0.1913926395879595
2021-05-16,-0.0065040138312105755,0.04626280846536955,-0.17967200816468654
2021-05-17,-0.06282381595309616,0.04731566078776255,-0.2388585886695428
2021-05-18,-0.014426855146374762,0.04577647162026446,-0.1954518095364769
2021-05-19,-0.13766122609163733,0.05154253110652494,-0.35562767532580086
2021-05-20,0.10216344466291027,0.05546296176447724,-0.27685712797527107
2021-05-21,-0.08528232829817228,0.05681885464113823,-0.3495984775566209
2021-05-22,0.006217486259949112,0.05662493655416944,-0.3616628980639862
2021-05-23,-0.0736893688644572,0.05784118811282268,-0.4028988682387685
2021-05-24,0.11318183957815453,0.06208632006592174,-0.30708698144097935
2021-05-25,-0.007847826326095597,0.06202860459368324,-0.3227667576145581
2021-05-26,0.023227211885217036,0.05885186609904787,-0.20053364436758658
2021-05-27,-0.021815700174415475,0.058662077813720515,-0.22687221883275732
2021-05-28,-0.07126897282320166,0.05969242668658372,-0.2843379615529824
2021-05-29,-0.03029724398312339,0.059750795453934254,-0.25971070141132346
2021-05-30,0.03068120125307594,0.057850935850349006,-0.23200267120702356
2021-05-31,0.04637929771620186,0.05884595723173296,-0.1425128815372304
2021-06-01,-0.017355481635803582,0.05883359812938175,-0.14506090093344381
2021-06-02,0.02426756732611457,0.05907960334405318,0.01547839168129217
2021-06-03,0.043475133082156336,0.05896772776456554,-0.03859408962182509
2021-06-04,-0.05902658087058821,0.05739235926271426,-0.010998218743642041
2021-06-05,-0.03638625350557034,0.05754571148388086,-0.052873037151832336
2021-06-06,0.008731498936251025,0.05741323262341859,0.031400017233497834
2021-06-07,-0.06418068028941804,0.05763185152020067,-0.13293225943867082
2021-06-08,-0.0026243254847995168,0.057676804195016314,-0.12836730539990515
2021-06-09,0.11569117681725527,0.06230881234115181,-0.04960218464179722
2021-06-10,-0.01720501684509279,0.062112927698300006,-0.04512247323743501
2021-06-11,0.01721406171757467,0.05796603105861026,0.045851617979891124
2021-06-12,-0.047727642256857994,0.05830422457886732,0.027052444600722314
2021-06-13,0.09972131894675185,0.061597145213587126,0.0958494902503404
2021-06-14,0.028661855288592664,0.06097045525228804,0.07729441151817196
2021-06-15,0.004669320789865594,0.06098380913539792,0.10144067817364943
2021-06-16,-0.05096256237308472,0.060618895929837734,0.020542358517497084
2021-06-17,-0.007655308506355651,0.06058535628597312,-0.029464373599494054
2021-06-18,-0.0595545108824469,0.05607479109333419,-0.03000888938956703
2021-06-19,-0.004788717174578294,0.052677501633542984,0.0017977649569000942
2021-06-20,0.002314299179515533,0.050346096044690855,-0.004575324790330737
2021-06-21,-0.11265533282181261,0.054337917298878956,-0.05613748453275147
2021-06-22,0.02616961270137308,0.0529776507002567,-0.028888455284249215
2021-06-23,0.0374509295196066,0.049010004562530254,-0.09698974441419572
2021-06-24,0.027856637741157764,0.04933132080275564,-0.05558626055184912
2021-06-25,-0.0872604012088013,0.051444075095594066,-0.1525836595482174
2021-06-26,0.017336806155961115,0.05152337614346877,-0.09468354691848901
2021-06-27,0.07653470332064805,0.05199410312708591,-0.11377131420638043
2021-06-28,-0.006213875976586625,0.05169017729599609,-0.1438179941005815
2021-06-29,0.04162825758718758,0.051944084083914044,-0.11232148476339676
2021-06-30,-0.02305527321430456,0.05141892356875191,-0.0862185092404405
2021-07-01,-0.04191448950075438,0.0518844728306247,-0.11776541602556512
2021-07-02,0.00967855812266083,0.05170122731602937,-0.0528176773870318
2021-07-03,0.022760094790705843,0.05120702773891239,-0.02659837285058686
2021-07-04,0.017861561294527206,0.0502116561710639,-0.011499585720782357
2021-07-05,-0.043691535402215154,0.05041020173009605,0.06532596453166617
2021-07-06,0.014496276584600176,0.05045759742989492,0.05320719985185263
2021-07-07,-0.011095808977648836,0.04905189080807173,0.0039231584964605215
2021-07-08,-0.028886355129662422,0.049360567312328865,-0.0514985827597958
2021-07-09,0.02800225791699673,0.0446837405205002,0.06828015334465576
2021-07-10,-0.008210311003178261,0.044610700923415146,0.041453759105169796
2021-07-11,0.021469475378479208,0.04468075655310201,-0.011817062968155878
2021-07-12,-0.031668630428790756,0.044206489129047,-0.03712829785858274
2021-07-13,-0.013687548281983153,0.039903544189571157,-0.0882617264734592
2021-07-14,0.003679352094793975,0.039431544311453605,-0.06331151132373014
2021-07-15,-0.031734999531688124,0.03965206792261337,-0.05335936094661886
2021-07-16,-0.011302175908234458,0.03879433192693466,-0.07303019114404785
2021-07-17,0.003549453661488622,0.038830483323860236,-0.09044159038249278
2021-07-18,0.008363987433579023,0.03752821156582528,-0.09892859736328707
2021-07-19,-0.030788575922789052,0.03786407152402336,-0.08677092206635117
2021-07-20,-0.03278895069501786,0.03819990836442091,-0.1293361295541754
2021-07-21,0.07727442675168827,0.035427192096673034,-0.051532058977053596
2021-07-22,0.006303573302191001,0.035126057316597056,-0.017162735529887563
2021-07-23,0.03925482537500802,0.035193152305871174,-0.006404546495257679
2021-07-24,0.021169199000986128,0.035034447992848466,0.02302845516849339
2021-07-25,0.030844758309330533,0.03130021795964657,0.03241804677617499
2021-07-26,0.05621887171744144,0.03264044094121001,0.1261221713694216
2021-07-27,0.055424286615063156,0.03125361664448129,0.20503060393155836
2021-07-28,0.014945713184850051,0.031236068958624914,0.21855714493305034
2021-07-29,0.00031292265067750513,0.030488746462693485,0.25888931075200716
2021-07-30,0.055666404612466414,0.031444307614363474,0.34415907479866137
2021-07-31,-0.014427457617713135,0.030360181448087453,0.3200807114009965
2021-08-01,-0.039669750474507826,0.03155874687542005,0.2571982486205284
2021-08-02,-0.019335866368471732,0.03172273288106321,0.27205396125036674
2021-08-03,-0.02675797936526192,0.03212227267195521,0.27998575749661136
2021-08-04,0.041792893187100555,0.03161616644283954,0.23782764393797695
2021-08-05,0.02822946527400849,0.03184282790155011,0.26479810883621013
2021-08-06,0.04763803587748594,0.03252792489837228,0.2750006775716345
2021-08-07,0.04062220829002827,0.03225760824667098,0.29928911091705923
2021-08-08,-0.017005273846830926,0.03247009561360506,0.2389783558432328
2021-08-09,0.058616336068955555,0.03351152825551946,0.2417906578385587
2021-08-10,-0.016830892309838696,0.03384288165883274,0.15677669017900864
2021-08-11,0.00018877838873909702,0.032974772385972795,0.1399575855028914
2021-08-12,-0.02555943636254754,0.03335272085446857,0.11047341985417924
2021-08-13,0.07574073458615982,0.0353571554855602,0.13158994848459615
2021-08-14,-0.01457055076832292,0.0347384336875734,0.1314256553818931
2021-08-15,-0.0010603958689597848,0.034533252846968746,0.176913771954331
2021-08-16,-0.02215910567498447,0.035118429548568,0.17352554849697555
2021-08-17,-0.028456465011732934,0.035929317262437435,0.1714775313978072
2021-08-18,0.002367765389513554,0.035066435266205495,0.12714467820846842
2021-08-19,0.04277544261522093,0.03436092032098775,0.14308997203947094
2021-08-20,0.056115872471717454,0.033251695306538744,0.15234023755444737
2021-08-21,-0.008789842693618932,0.0335002326139118,0.09762345934719319
2021-08-22,0.00850947690403503,0.033183812183053406,0.12611352978037194
2021-08-23,0.004551674225862445,0.03318866660437507,0.0686017144889235
2021-08-24,-0.037137725293038826,0.034223421840848395,0.04653031662668883
2021-08-25,0.02630002081428562,0.03327084219261578,0.07385136580616924
2021-08-26,-0.04122830434622349,0.03336011455059844,0.0565839860266395
2021-08-27,0.04508626296557394,0.034073233696067316,0.026475408027239578
2021-08-28,-0.003185280633781984,0.03410423942132527,0.03833490726989486
2021-08-29,-0.0014839825657210204,0.032881786853976636,0.03789461553285345
2021-08-30,-0.0363476092875793,0.03357298897697549,0.02283473044577522
2021-08-31,0.0023738850726162664,0.03252095537382001,0.05529272299312393
2021-09-01,0.03562556399047523,0.03259055022542234,0.09030653135589328
2021-09-02,0.009840830417728652,0.03192807154812449,0.055870715820630856
2021-09-03,0.014143210068944922,0.031345112186127636,0.013907796550804319
2021-09-04,-0.0016141808032423821,0.031159350725526443,0.021247773328117114
2021-09-05,0.03621581213694158,0.030714408766887916,0.049304062150062
2021-09-06,0.017006125728580734,0.03011411953827637,0.0623133546423813
2021-09-07,-0.1106216071695616,0.036708707876698075,-0.01876045115414482
2021-09-08,-0.015375366885328479,0.0352931740369126,-0.058606049707187524
2021-09-09,0.006509485739778498,0.03515691146885273,-0.011733507483601802
2021-09-10,-0.032495484247323514,0.03569143532363369,-0.08509725162450987
2021-09-11,0.0070748487352050304,0.03537827743818136,-0.07568023522617395
2021-09-12,0.019066033632592516,0.03266959361379879,-0.056657219263614556
2021-09-13,-0.023884438158555232,0.03284972316318074,-0.04445671768964432
2021-09-14,0.0473592610325122,0.034015912323228786,-0.0015730447998918429
2021-09-15,0.023015462091804384,0.033973320964149345,-0.013730204763132137
2021-09-16,-0.008157286726135138,0.03354295243903287,-0.03130822178863191
2021-09-17,-0.010795386730801604,0.03363459587145771,-0.05512913134084452
2021-09-18,0.021385589090024082,0.032968173879122806,-0.03336218299266436
2021-09-19,-0.021089044077959085,0.03155166029392232,-0.0868192336057565
2021-09-20,-0.09344895316951951,0.035780662762550396,-0.18599803995566333
2021-09-21,-0.050185206746199196,0.03668004197482628,-0.1306837341447501
2021-09-22,0.07079311406361999,0.03922497610222308,-0.054606354426955384
2021-09-23,0.0303064775724482,0.0391637872570756,-0.03225432975048259
2021-09-24,-0.04578111561282838,0.039623052017323274,-0.04554327261448177
2021-09-25,-0.002874812528084303,0.03898277281177073,-0.054973079286627646
2021-09-26,0.011516492054097771,0.03804363845605817,-0.06197411729129021
2021-09-27,-0.02251426719942695,0.03820141061982107,-0.06065741271896119
2021-09-28,-0.02844007873591181,0.03845278281893387,-0.1286393846949131
2021-09-29,0.012911568502261384,0.03812037265197077,-0.13724544712642228
2021-09-30,0.05356827518164842,0.03950855930345801,-0.08355345660018276
2021-10-01,0.09878873042688929,0.04308708342575793,0.017970519363480042
2021-10-02,-0.008426411013467638,0.04307824959851332,-0.011741802361807885
2021-10-03,0.010237887379882071,0.043039290094543214,0.0198842578357723
2021-10-04,0.018940873580984396,0.043181547170600874,0.14632458951315974
2021-10-05,0.048905889117254686,0.04360504330704393,0.26591691487687985
2021-10-06,0.0746704982911468,0.045571720962801945,0.2705008501064179
2021-10-07,-0.02809653406297008,0.04072892395250282,0.1984823997260976
2021-10-08,0.0030082765538104184,0.04054266803376541,0.25976103166451714
2021-10-09,0.01853649985027972,0.04060665541773387,0.2868119349111258
2021-10-10,-0.003577422040362044,0.03998847759440437,0.26761004452787374
2021-10-11,0.04953684064585273,0.040720355072877835,0.36104640370864893
2021-10-12,-0.025114999851183484,0.0411346834264814,0.3657044660258131
2021-10-13,0.02426861834211813,0.040811277018215526,0.38101712921328623
2021-10-14,-0.001386283921372633,0.04019609102482546,0.3089827017941891
2021-10-15,0.07453440740995654,0.04195066868122061,0.2800886219827232
2021-10-16,-0.01139348166745524,0.04200061915770665,0.27625823215893774
2021-10-17,0.01086243756414218,0.041835159697214006,0.27704724168235373
2021-10-18,0.007675599893030238,0.04177774050778838,0.2629283785932335
2021-10-19,0.036047967727284025,0.04165034210817586,0.24744688117616653
2021-10-20,0.026934175102288238,0.03673669459460642,0.19203591793166663
2021-10-21,-0.057319313661295834,0.03719438956417873,0.1561942894944015
2021-10-22,-0.024399647264276236,0.03631204962096861,0.12460044750313926
2021-10-23,0.011555863919028075,0.03614226807452171,0.11689289230674116
2021-10-24,-0.007537937512081094,0.03471278839663256,0.11245353928717017
2021-10-25,0.0346128236844363,0.03481926164022323,0.09663487066483478
2021-10-26,-0.04244985266320056,0.03629499774190911,0.07713513062513955
2021-10-27,-0.03116779376295975,0.036610384850488197,0.0188374283184507
2021-10-28,0.03658793903693369,0.03608273378380811,0.05758069715032588
2021-10-29,0.02648913766352501,0.03615744139101699,0.010293472541406778
2021-10-30,-0.005449845794435637,0.035539803772542636,0.016367493311371772
2021-10-31,-0.009208042570786446,0.031731780443701556,-0.0038122886512940157
2021-11-01,-0.005129747739996526,0.03167645847493199,-0.016471650407124616
2021-11-02,0.03642353446805324,0.03207835794831744,-0.01611512199510423
2021-11-03,-0.004054563588107407,0.0321216431809637,-0.045804806227191075
2021-11-04,-0.024103783966732184,0.03174275474370576,-0.012183560716934605
2021-11-05,-0.005313959884109654,0.029054134961306505,0.0071411101857346004
2021-11-06,0.006573419146120196,0.02842804152061063,0.0021804103974061295
2021-11-07,0.029247220896912562,0.028770428853778156,0.03932577498539258
2021-11-08,0.06695154718111462,0.030799183444266784,0.07181181042861362
2021-11-09,-0.008806096371717143,0.030877884532779454,0.109470177920578
2021-11-10,-0.029513867421399387,0.03050961131963123,0.11136419211687065
2021-11-11,-0.0006965054346836919,0.030012658752655307,0.07139016295035061
2021-11-12,-0.01222509636324598,0.029959409463107083,0.030982478172651318
2021-11-13,0.0048878705639170406,0.02994136160619466,0.04169888536912292
2021-11-14,0.015469517787564335,0.02696103403978721,0.06764437970440551
2021-11-15,-0.02915932332393234,0.027464522386638348,0.04185705591962874
2021-11-16,-0.05344145330150951,0.029187520788777805,-0.04847905521075391
2021-11-17,0.003436857419438999,0.029157571412519033,-0.04132179163555694
2021-11-18,-0.05674983989800575,0.03005597602327573,-0.07339186414549259
2021-11-19,0.020677857806173483,0.02985796712756444,-0.04917896804949695
2021-11-20,0.027144333086984274,0.028592153814278105,-0.02974744199349444
2021-11-21,-0.01619370466132397,0.02839896259529296,-0.07258377263001703
2021-11-22,-0.041565940596482776,0.02925145310032566,-0.1669094047397981
2021-11-23,0.022735855747423095,0.029591012407282284,-0.14039864476597785
2021-11-24,-0.02238438701660228,0.029018886080147153,-0.13408375698721642
2021-11-25,0.017666069374003168,0.02829350353074169,-0.11817222272675054
2021-11-26,-0.06468677053655503,0.03011432803113748,-0.16500694322628562
2021-11-27,0.02324655494514305,0.029611819539157768,-0.14975213277542276
2021-11-28,0.044392510044424904,0.03039509184050415,-0.1255350469354386
2021-11-29,0.009748898117819094,0.030467835930763014,-0.09048925945012587
2021-11-30,-0.013858989986877734,0.030518510608352836,-0.052456033034658955
2021-12-01,0.003936508510805847,0.030531091068794605,-0.05198421323482638
2021-12-02,-0.013140205787574133,0.02972892386806391,-0.008154248141290954
2021-12-03,-0.05098586481791345,0.030977173941871303,-0.07779361408174368
2021-12-04,-0.08204639683653359,0.03388619940414251,-0.1758289000438541
2021-12-05,0.003417522933012007,0.03393705598093317,-0.15939984577321642
2021-12-06,0.02458589579002135,0.03433390803516047,-0.1013809937475616
2021-12-07,0.002322159783127109,0.03372923578322881,-0.11931733095358343
2021-12-08,-0.00385184874717448,0.03073273945295196,-0.10262233851425784
2021-12-09,-0.05608726213196957,0.03190255725496367,-0.16765800605334025
2021-12-10,-0.00899511908452133,0.031706062598745116,-0.11809760344644027
2021-12-11,0.044857216044006165,0.03322537201082237,-0.09947208868454016
2021-12-12,0.014906619570362878,0.033490415969460875,-0.12489631100183174
2021-12-13,-0.0670851717099511,0.03509999055170382,-0.19148492335125478
2021-12-14,-0.00267125345649466,0.0348000565033133,-0.18231234704974975
2021-12-15,0.04900151967252708,0.03626248092975418,-0.1456077318727751
2021-12-16,-0.025181582897818466,0.03539962048594238,-0.15603277863314835
2021-12-17,-0.030699007215741814,0.03559687038344723,-0.13799148482514334
2021-12-18,0.013995731563123393,0.03460266675413605,-0.04780268638183205
2021-12-19,-0.0030259427628138713,0.0342437808774334,-0.05391724047893631
2021-12-20,0.003709543768351198,0.033708614827694376,-0.07319405934844225
2021-12-21,0.04386356169401262,0.03493343413799019,-0.03478243919396706
2021-12-22,-0.006295931447672265,0.034263573177356524,-0.037150632659583405
2021-12-23,0.04433669194360079,0.035068531830244117,0.06528801105009041
2021-12-24,0.0007414904357732066,0.034894370666588695,0.0757544513169277
2021-12-25,-0.007719775485643066,0.034688245601729076,0.02162271751982825
2021-12-26,0.0075284019171428795,0.032757983222044575,0.014195674850103313
2021-12-27,-0.003328070621613999,0.032430810322455754,0.08350765725614195
2021-12-28,-0.06025942562091624,0.03288039008636923,0.0209433065104232
2021-12-29,-0.02404227880624954,0.032914894474593524,-0.05014674983409306
2021-12-30,0.01579112126431248,0.03313802415611267,-0.010223359453167546
2021-12-31,-0.018476352917798256,0.03316481079840134,0.002257487878716491
2022-01-01,0.029809396471367267,0.03378917971538816,0.017888090229142284
2022-01-02,-0.007163274962024402,0.032663922228716315,0.013663967103443087
2022-01-03,-0.0187368774698079,0.029292206967133676,-0.009005069512590724
2022-01-04,-0.012065555013512697,0.02933908891940761,-0.062101540313669434
2022-01-05,-0.050734060615097554,0.030195110195435502,-0.10404406044261427
2022-01-06,-0.009366159015892994,0.03017920426255093,-0.1501167385927773
2022-01-07,-0.03714070469186992,0.03074569336079737,-0.18228832721185884
2022-01-08,0.004235994902819673,0.029296650933416567,-0.17243589564838047
2022-01-09,0.004256970472081845,0.029318745450909206,-0.17512298539059334
2022-01-10,-0.0021554853640055605,0.027861514886722206,-0.17415251697650413
2022-01-11,0.021869109453241498,0.02806246645540625,-0.10197765741995624
2022-01-12,0.028389418684672707,0.026113115260733167,-0.05373290789468599
2022-01-13,-0.030888714484173407,0.026651288055142858,-0.09721782473339069
2022-01-14,0.011930269358978673,0.02498048931544869,-0.06925053460936614
2022-01-15,0.001802778677309158,0.024671457390446683,-0.0945631260739015
2022-01-16,-0.0014711291913973579,0.02411041623177594,-0.08937206238486328
2022-01-17,-0.020024366790964976,0.02413118358937082,-0.09056687315305334
2022-01-18,0.0029604828561313745,0.02415701959869908,-0.07673480496952323
2022-01-19,-0.014897823244158781,0.024218807736316898,-0.04188013536357782
2022-01-20,-0.02548634039729203,0.02280301212156994,-0.057471230038596444
2022-01-21,-0.10381165615712484,0.02897769715785155,-0.12273444158249458
2022-01-22,-0.039143484680769114,0.02764312190420092,-0.1606292427785425
2022-01-23,0.03558509252717301,0.028897002391080114,-0.13444479964806877
2022-01-24,0.010406744495611076,0.029151118755654352,-0.12354800839099211
2022-01-25,0.008175727030871549,0.02916489497152985,-0.1352927535691405
2022-01-26,-0.002757016878562668,0.029169675221581336,-0.16148181001282558
2022-01-27,0.007763821260712289,0.027746379966735107,-0.1280379168339686
2022-01-28,0.017397102127314046,0.02794307790268748,-0.12332724552257701
2022-01-29,0.00936493083845824,0.027790800932339738,-0.11670964283071272
2022-01-30,-0.005783656346668664,0.027701478121949306,-0.12052446858351973
2022-01-31,0.01491453610450133,0.027160995033228316,-0.0891686785518051
2022-02-01,0.00676006528835682,0.027272461186412418,-0.0857181151977634
2022-02-02,-0.046209029430310355,0.028151906582234206,-0.11477831756335166
2022-02-03,0.005456046132945147,0.028229219687395654,-0.08667109588103228
2022-02-04,0.116978066100073,0.03498898127229753,0.138341465881602
2022-02-05,-0.001438787435204647,0.03495376757588511,0.18301079959463618
2022-02-06,0.023437312952531153,0.034527096604546656,0.16913366430986043
2022-02-07,0.033665872045371525,0.03502918196876657,0.19604661710737603
2022-02-08,0.0063448528050995545,0.0350354115182377,0.1938745642941897
2022-02-09,0.004994545046617338,0.035028344506501254,0.20315454196528493
2022-02-10,-0.01744935921313273,0.035015865101719605,0.17305289318159733
2022-02-11,-0.026561982607033352,0.03498352390447462,0.1223683262397226
2022-02-12,-0.0038546734323026133,0.03452153745945156,0.10766872189880261
2022-02-13,-0.001111462077505676,0.034452096658211834,0.11287407130552207
2022-02-14,0.009228086961576842,0.034493131856118256,0.10663876617998147
2022-02-15,0.04668769779745485,0.03552209396537528,0.15052754117196554
2022-02-16,-0.013759752216496501,0.035408091958342526,0.18967006639771578
2022-02-17,-0.07788223029977337,0.03828617184373634,0.09106301814483353
2022-02-18,-0.012507647384577658,0.038258227052626936,-0.035418492682383174
2022-02-19,0.0022777282826873524,0.03797237148231381,-0.03182844503380078
2022-02-20,-0.04214073972532317,0.03355790968283761,-0.09386527369857545
2022-02-21,-0.03528620868790788,0.03340068759810775,-0.15431021678209955
2022-02-22,0.03265642371222732,0.033304562576201714,-0.1321990819811938
2022-02-23,-0.025843815613622922,0.03365700624986313,-0.15882764212915956
2022-02-24,0.027778400368163814,0.03398742942248746,-0.12010766212105817
2022-02-25,0.022998939789759643,0.03419379065177159,-0.07530945710340198
2022-02-26,-0.002781397053842838,0.03419338871085973,-0.07431316821802858
2022-02-27,-0.03568234201898368,0.03475277082503826,-0.10635058491669203
2022-02-28,0.1454118392886461,0.04367849684551005,0.014237151575394735
2022-03-01,0.026888524570001016,0.043806366103959694,-0.004948186228820428
2022-03-02,-0.009706302725009275,0.04386675040357258,-0.000858521182601768
2022-03-03,-0.03351981142193561,0.04443366303852881,0.04720945262504883
2022-03-04,-0.07806935036049167,0.04602652145861893,-0.022316994749183472
2022-03-05,0.00671938064683042,0.04602951196784357,-0.01798433533840793
2022-03-06,-0.024887994408395286,0.04091378009982439,-0.0002964903049093026
2022-03-07,-0.009316643885282638,0.04093679045327901,0.026614978477068174
2022-03-08,0.017740259990833174,0.04082758512551836,0.011786080165709922
2022-03-09,0.08378639716414904,0.043297950093494124,0.12565111026252618
2022-03-10,-0.060630954045771346,0.04463559815568013,0.02882275901678044
2022-03-11,-0.016291319622939393,0.04467668103533133,-0.010691175474457193
2022-03-12,0.002810649293818468,0.04461168681680791,-0.005143484343793414
2022-03-13,-0.027101257933814904,0.0446216873491589,0.0037093530411380637
2022-03-14,0.0480080837903738,0.04557572319982666,-0.08164427878063951
2022-03-15,-0.008268101563720931,0.0455944161583374,-0.11308516839637772
2022-03-16,0.04588714481344902,0.04637247133243834,-0.06329523910821344
2022-03-17,-0.00467993171076464,0.04552460548257389,-0.03534386157532743
2022-03-18,0.020750884742987363,0.04564904022882184,0.06805604863528902
2022-03-19,0.009317830622209256,0.043279492794978044,0.07081281508543547
2022-03-20,-0.022346848712323064,0.043431886953136344,0.07360335746492619
2022-03-21,-0.004117262624553253,0.04344557236234754,0.07923792591084333
2022-03-22,0.031180014163224357,0.04295561185819662,0.09348978661437268
2022-03-23,0.012610091153007819,0.04232621217508082,0.021676222727822214
2022-03-24,0.024898646221148013,0.042179349399143064,0.11469989570116446
2022-03-25,0.008821397620525806,0.04176524473632635,0.14315663685885527
2022-03-26,0.003429583093865096,0.04157578801032154,0.1438621920718932
2022-03-27,0.052126312256127294,0.042324751634964144,0.237012093692212
2022-03-28,0.0065678873583499,0.042286429534597436,0.18809832580791008
2022-03-29,0.0071661546110000085,0.041508824079820275,0.20658861935416994
2022-03-30,-0.008491735032190584,0.032548487286144005,0.1438543770601033
2022-03-31,-0.03238210822970233,0.03286934782714196,0.11201812973139935
2022-04-01,0.016315115388267687,0.03290946188052383,0.10718574994561303
2022-04-02,-0.008917040798352427,0.03228756629659664,0.08718274477083066
2022-04-03,0.012745379989237415,0.028444736921783238,0.12620646751916742
2022-04-04,0.003640395949819908,0.028448035557429818,0.1349793128867749
2022-04-05,-0.02287907280900814,0.02837506160778951,0.07547860055303213
2022-04-06,-0.05156849392240015,0.03015815092956816,0.0073154492419673645
2022-04-07,0.006876459247305178,0.030060875594419237,-0.01039754846255092
2022-04-08,-0.02795577079433975,0.026596692117488326,-0.04647407906529177
2022-04-09,0.011693070951357853,0.024008553556866326,-0.03862156006226003
2022-04-10,-0.013427680050824398,0.023934809705988793,-0.09852139729815823
2022-04-11,-0.06363225953812457,0.02685725246808551,-0.1613923979812626
2022-04-12,0.015315083892861292,0.026447002318731913,-0.1546072672331773
2022-04-13,0.025906300465151855,0.0254173120539651,-0.12527836473345633
2022-04-14,-0.029908006531745968,0.026005882524067724,-0.1230417894267587
2022-04-15,0.015473675726454417,0.024751464172488902,-0.12376785106744115
2022-04-16,-0.0031805042860567623,0.02474358173106736,-0.1186960882357525
2022-04-17,-0.017502542356175654,0.024615618653471723,-0.14501821501359768
2022-04-18,0.027929174608607443,0.025124513794269894,-0.12432707562081047
2022-04-19,0.016571096753378534,0.024977228293136727,-0.08897275622529766
2022-04-20,-0.003093074404708074,0.02497138462583827,-0.04240911135370684
2022-04-21,-0.020471984048854197,0.024563592846366552,-0.06841887638350952
2022-04-22,-0.019420038833716236,0.024639629422510387,-0.06023845976063125
2022-04-23,-0.0063811726165236005,0.024107471596782826,-0.07702762187087608
2022-04-24,-0.0004416040475622163,0.024006136593243778,-0.0648787005916801
2022-04-25,0.025057850055308917,0.024543177919960198,0.023693349623087778
2022-04-26,-0.057858267871623625,0.02425675501294723,-0.05008382039957138
2022-04-27,0.029478882606909007,0.025032009065102556,-0.046775863739330625
2022-04-28,0.013575224570606004,0.025173241796923748,-0.00404871447055466
2022-04-29,-0.02926557389929385,0.025539597362234687,-0.04792785604112315
2022-04-30,-0.023179313474195662,0.02526881599495359,-0.06702891618515538
2022-05-01,0.019997911964443782,0.025389372346073337,-0.031418809269498804
2022-05-02,0.001565786170879102,0.02541750474341077,-0.05626009483222094
2022-05-03,-0.020215120218891713,0.02531478844529819,-0.09041080109149391
2022-05-04,0.051599856624237495,0.02740989293238938,-0.040508349776021024
2022-05-05,-0.07867402068901796,0.030396602658721086,-0.09751985661693652
2022-05-06,-0.014606061408683924,0.029248414594399943,-0.09308929591934834
2022-05-07,-0.014954355270636377,0.02919868176028971,-0.10091433999336996
2022-05-08,-0.040636848764922684,0.029611371079742755,-0.1370692742845283
2022-05-09,-0.11046369999353145,0.03491153275267804,-0.25115621047785786
2022-05-10,0.02396125848050934,0.03547829743102506,-0.18612348548432223
2022-05-11,-0.06725839173272163,0.035674426865084444,-0.26260120347686133
2022-05-12,0.003849706798608521,0.03545792822670956,-0.26967673662603986
2022-05-13,0.008102229834508146,0.03498054547902356,-0.24156340754837435
2022-05-14,0.027939733537411415,0.03547487682692034,-0.20187285189199222
2022-05-15,0.03999325713567892,0.03632450408633518,-0.18622691023882
2022-05-16,-0.046069001557128786,0.03696927870553197,-0.22493021752504283
2022-05-17,0.018850785235190015,0.03728768041205446,-0.1940266962855164
2022-05-18,-0.05605711989808215,0.037636618230620505,-0.27653778497484405
2022-05-19,0.05550304428240649,0.0392547007521772,-0.1711765569083168
2022-05-20,-0.036734890846488066,0.039540345806068536,-0.18978930850738673
2022-05-21,0.007927413013061102,0.039639984144263306,-0.17096880673378445
2022-05-22,0.030289794482822652,0.04025928560866971,-0.1096777308671053
2022-05-23,-0.04039123144227663,0.040683783870498855,-0.03954334826367134
2022-05-24,0.019130468401079792,0.04098659850613415,-0.04407453967985353
2022-05-25,-0.003143576713387941,0.04050740707374382,0.021633887517419348
2022-05-26,-0.009983529917456657,0.039470073665488284,0.007555581464760763
2022-05-27,-0.02185551924250806,0.03889802613253478,-0.022385922876146602
2022-05-28,0.006543557286537771,0.03877388519075085,-0.042734589648172006
2022-05-29,0.02190035821988534,0.039019089331297496,-0.05938826137752806
2022-05-30,0.07744470968730455,0.04190814332886695,0.062400889899641765
2022-05-31,0.0020777630413166825,0.041668323141038466,0.044910915937493856
2022-06-01,-0.06269536357891181,0.04292643509738923,0.037562618248121904
2022-06-02,0.02243049790035867,0.04320022761540511,0.005052207215040294
2022-06-03,-0.02504629358369581,0.04191130823963224,0.01724786380696286
2022-06-04,0.004326748833952898,0.03982412350526087,0.013613903764607471
2022-06-05,0.00247203631266113,0.03981873808548704,-0.013753606428959952
2022-06-06,0.048952630028413324,0.040983402561740906,0.07807033688036813
2022-06-07,-0.006859698773187373,0.0403815119714288,0.05057706771621606
2022-06-08,-0.03020730515832104,0.035297708804495516,0.022054873539641973
2022-06-09,-0.003387708269364409,0.035023336594036295,0.028864145773132233
2022-06-10,-0.03414563715680452,0.03332414704448723,0.01593674913787102
2022-06-11,-0.024858994495164377,0.03364143340242837,-0.015758855230946445
2022-06-12,-0.056351073137826724,0.03511533367786758,-0.09112655400883374
2022-06-13,-0.15974726027617203,0.044884106908276974,-0.29120873100026645
2022-06-14,-0.012477914053041661,0.04393527851468536,-0.3015042761359539
2022-06-15,0.01648355417709846,0.04366788827214014,-0.24249876893614786
2022-06-16,-0.09707194434960298,0.04623414703366575,-0.3310360800838291
2022-06-17,0.004407495444594733,0.045568783154834196,-0.31082637983336847
2022-06-18,-0.07101780974085614,0.04513393858169742,-0.3625281614031063
2022-06-19,0.0807475952890373,0.04812556319455668,-0.31275274354565774
2022-06-20,0.002251010260589048,0.04806185240282419,-0.3433504646806357
2022-06-21,0.0053914098304885805,0.04754251622493515,-0.3352502146335745
2022-06-22,-0.034937106663198714,0.04743849803219609,-0.33849228332713843
2022-06-23,0.05497803800296652,0.04866719988651304,-0.29975164981410873
2022-06-24,0.006913598955313738,0.0487514270338162,-0.26998353626253013
2022-06-25,0.012748964915301864,0.048924472691104,-0.2418292187000176
2022-06-26,-0.02209261947079333,0.04892663682181888,-0.2143044074662127
2022-06-27,-0.013877981325425726,0.04884451882897395,-0.07790634038540523
2022-06-28,-0.02193553187871977,0.048520941337673255,-0.08673734230041874
2022-06-29,-0.008708372798288844,0.04555418999556475,-0.1093711036510796
2022-06-30,-0.01588223750298734,0.04545295310436246,-0.029287315633652944
2022-07-01,-0.02604834458398897,0.044601382506980994,-0.05872145502713899
2022-07-02,-0.0014069651515379311,0.04415076418493163,0.011810784660994722
2022-07-03,0.002848954556089245,0.044208447078419304,-0.06111899574989721
2022-07-04,0.04841073013105235,0.045526974733519,-0.017877847869571584
2022-07-05,-0.0020338071321012174,0.04548563451376081,-0.025131212073830733
2022-07-06,0.017737930428710857,0.04438788571133126,0.028079050094890645
2022-07-07,0.053013857820514154,0.045990776413233146,0.0261649510108819
2022-07-08,0.004322538045727464,0.045925763923318166,0.023524351167846458
2022-07-09,-0.006392223420980114,0.04591444325124281,0.004179505553402407
2022-07-10,-0.03388990349346599,0.045909821178519376,-0.00793472026453712
2022-07-11,-0.04265931997884009,0.046223120383316225,-0.03688952123403377
2022-07-12,-0.03237979740682695,0.04560702327094081,-0.04717410052404325
2022-07-13,0.04596171114078618,0.036911543173475725,0.005374584922561043
2022-07-14,0.017704551212910147,0.037052166237510835,0.0396868441367928
2022-07-15,0.012951348577769028,0.03699737070264909,0.08131875438631342
2022-07-16,0.01698899533192111,0.03247448745469071,0.10123867810051435
2022-07-17,-0.01939436147960416,0.03269866630598974,0.07681306561277745
2022-07-18,0.08211740099467768,0.033017996294381895,0.1114328787653236
2022-07-19,0.0401919693193753,0.03059853767952214,0.15845963840404198
2022-07-20,-0.006742410894342465,0.03066797483239184,0.13059442231136287
2022-07-21,-0.0028884421706671937,0.030696578697894657,0.07057353265733601
2022-07-22,-0.01941107679491816,0.030140043856288566,0.045274309628725806
2022-07-23,-0.010983941711781742,0.0287185897440113,0.04044382693770632
2022-07-24,0.006395837363315726,0.02871600518508324,0.08382920355225143
2022-07-25,-0.05517510011323534,0.030501407768294044,0.06965977745558027
2022-07-26,-0.005708686992848544,0.030233534903314385,0.09914346739245139
2022-07-27,0.0796052030234431,0.033330572296508355,0.13449755724987256
2022-07-28,0.0398306162434614,0.03358717642667398,0.15916283628276617
2022-07-29,-0.0016462880701044735,0.0335055762350858,0.1424581466414203
2022-07-30,-0.006235163651508224,0.033332366157877005,0.11636874965551214
2022-07-31,-0.013497960448739299,0.03298670257767936,0.12308149694934412
2022-08-01,-0.0009725914343493569,0.03298301609706175,0.03684609125960581
2022-08-02,-0.014415336683737068,0.033206631434855305,-0.017585565063016784
2022-08-03,-0.0057275961266136655,0.032301329580462515,-0.01658182878398995
2022-08-04,-0.009434736504108754,0.03238155301842491,-0.023038222505520567
2022-08-05,0.029091011085651708,0.03260944544825908,0.02528445875944496
2022-08-06,-0.014085221654344782,0.03146140609832716,0.022069451176175203
2022-08-07,0.009346662498644243,0.0314850765174173,0.025066232476944394
2022-08-08,0.02733856978257987,0.03175334713680624,0.11458755726218928
2022-08-09,-0.02709709734425869,0.031498944179908506,0.0906114290033595
2022-08-10,0.033815983988709775,0.0306791070067894,0.04435540368543234
2022-08-11,0.00041284726535173455,0.029817491241536126,0.00476610963076074
2022-08-12,0.018586602023192844,0.02901136511079256,0.025128955005804032
2022-08-13,0.0008708010561344626,0.028953893388095148,0.03245919039813305
2022-08-14,-0.004288162539464846,0.028985057269760573,0.042098035643161946
2022-08-15,-0.007498615226969818,0.02899698818474327,0.03529065827138944
2022-08-16,-0.010510085263709001,0.0287865403137429,0.03939286325066749
2022-08-17,-0.02291530796119967,0.025260519704859416,0.02142516652401394
2022-08-18,-0.005281958173694035,0.02420353025458022,0.025707319809614937
2022-08-19,-0.10059931398792521,0.030385176901619525,-0.10355657843017296
2022-08-20,0.013819043648011897,0.03054194537232918,-0.0781846136179497
2022-08-21,0.01738918520335342,0.030580205045450927,-0.07083954432711259
2022-08-22,-0.006279006699941081,0.030540968650326676,-0.10124444063089677
2022-08-23,0.006036741981122917,0.030537974527298443,-0.07063581338182523
2022-08-24,-0.006181150878381003,0.028811769709862392,-0.10659183001197359
2022-08-25,0.009623023027591993,0.02883456304405053,-0.09836677942860306
2022-08-26,-0.06207539958496022,0.027059098473627613,-0.16976722799452515
2022-08-27,-0.010773990107132536,0.025796341212908802,-0.17942670375973113
2022-08-28,-0.021201944769558057,0.025943841717232276,-0.19336547350644284
2022-08-29,0.03472427641744291,0.026992576254982456,-0.1590497105953732
2022-08-30,-0.024691382971281484,0.02719461678107665,-0.17110214916367805
2022-08-31,0.012777568511970205,0.02738179253000442,-0.14082253385515986
2022-09-01,0.0038592451457939436,0.027360109068560574,-0.13292691361373676
2022-09-02,-0.007818752974256604,0.0273672417083498,-0.04348120977346803
2022-09-03,-0.006894600364241943,0.027354098106632096,-0.06302413494923842
2022-09-04,0.007796708085036963,0.02673463193112811,-0.07185843324592966
2022-09-05,-0.008722884940063236,0.02668778787458305,-0.07414103066918665
2022-09-06,-0.04919669232863699,0.02775578985429374,-0.12497254449832573
2022-09-07,0.024029314602578067,0.027622930753383648,-0.09837314284410159
2022-09-08,0.0020481649337233954,0.027389062408485265,-0.10513774244296592
2022-09-09,0.10612188190716765,0.03348393497023897,0.05533720294645872
2022-09-10,0.014002365912589188,0.03362650404899155,0.08176939336560318
2022-09-11,0.004092001431295067,0.03341244425280153,0.10972430877568451
2022-09-12,0.027616624254801714,0.03387996069975743,0.1021014718876645
2022-09-13,-0.09270006906083372,0.03768454222369377,0.025251465918492588
2022-09-14,-0.0027402074343571003,0.037685041995937966,0.00954256494022343
2022-09-15,-0.026672422800232853,0.03787926743985883,-0.02116195715207314
2022-09-16,0.003622774615297697,0.03777294313741756,-0.009874299270489217
2022-09-17,0.017953757980268437,0.03800044733736672,0.014899504423318
2022-09-18,-0.035179114785287124,0.03392667051809098,-0.028379205442834676
2022-09-19,0.006417415961943007,0.03383555495031008,-0.013539125944628583
2022-09-20,-0.033428956945789956,0.034097241705911364,0.002819940017953604
2022-09-21,-0.018177571658806957,0.0341961965403715,-0.03851277042834178
2022-09-22,0.04669928789927913,0.03540023607057566,0.004330963056520476
2022-09-23,-0.005970680514919002,0.03539957104873725,-0.09744627597137157
2022-09-24,-0.01868762076318642,0.0354335240742237,-0.12654331775796912
2022-09-25,-0.007124358610731463,0.033693262488541195,-0.1363003964073114
2022-09-26,0.022368473265013344,0.03393611363964055,-0.14071140516533132
2022-09-27,-0.005832956039052206,0.0337334665158491,-0.058441014812093295
2022-09-28,0.016544467837213528,0.03324186022059337,-0.04023346306505626
2022-09-29,0.007532412719634118,0.03296706204934509,-0.00650519182077558
2022-09-30,-0.0072171538473359,0.03290491118480455,-0.01723573014757751
2022-10-01,-0.0061596674907298254,0.03290975372890056,-0.04051558229298868
2022-10-02,-0.013876706359042923,0.03297247607660585,-0.01933099844138264
2022-10-03,0.030427924155919772,0.03344537306976229,0.004065219394331354
2022-10-04,0.036347275524413414,0.0340697701101513,0.07654813585159093
2022-10-05,-0.008660486125090072,0.03406914924916925,0.086983424753448
2022-10-06,-0.01018185214187517,0.03280252591877783,0.027913109983381812
2022-10-07,-0.02047530303595302,0.03279886381047859,0.012914063826016564
2022-10-08,-0.006665076603316944,0.03282743443796134,0.025323775881185062
2022-10-09,0.0015377290838616275,0.02610780693700311,0.034268948964097046
2022-10-10,-0.01568110303046133,0.026010594632228032,-0.004223528369414087
2022-10-11,-0.00470529894576166,0.025968002231608972,-0.0030940457453549897
2022-10-12,0.005565325579645286,0.02534380289896972,-0.013861083130807805
2022-10-13,0.011768739552548313,0.019315038465607465,-0.009714708580695564
2022-10-14,-0.010176392755898878,0.01938102972834412,-0.012666502899364773
2022-10-15,-0.0061515479500473536,0.018819723351417027,-0.012658436518644733
2022-10-16,0.010513049302600663,0.018918844293258227,0.01176145057172473
2022-10-17,0.014670058500208416,0.018816486655396158,-0.0037109571920659334
2022-10-18,-0.011065647631146036,0.017783911887845456,-0.049291214836373
2022-10-19,-0.010079479991405349,0.017833780777141928,-0.05065205026754249
2022-10-20,-0.004482602172654282,0.016742960905110477,-0.045185822673109555
2022-10-21,0.006231244583192241,0.016397551754363617,-0.01915300249690577
2022-10-22,0.0018631248583989013,0.013975078387045013,-0.010732015173494203
2022-10-23,0.018680488353712166,0.014347528329476802,0.006200729769388458
2022-10-24,-0.011316781236911488,0.01406690694691722,0.010662072315120508
2022-10-25,0.03878330120960949,0.01558905214638658,0.054822137377815716
2022-10-26,0.03356831063305088,0.0162071661506633,0.0841968262176136
2022-10-27,-0.0233314959115013,0.01682821100307579,0.04658391883875601
2022-10-28,0.015257721000682789,0.01679179692618009,0.07347652298836538
2022-10-29,0.01083375534148523,0.016839484157525973,0.09182270472431142
2022-10-30,-0.008784170461560437,0.01687208190285789,0.0709727585597304
2022-10-31,-0.006776156462742766,0.01688291343813591,0.048336521482343464
2022-11-01,-0.0005123007449325812,0.01662050792248102,0.059523774648530425
2022-11-02,-0.015902620594443806,0.016086317539747284,0.053291197600843
2022-11-03,0.0025042468919260763,0.014645805566886074,0.06068352106475161
2022-11-04,0.0463751969796804,0.016822414250718235,0.10299986634480751
2022-11-05,0.006405611254872046,0.016689509371399482,0.10800091066300355
2022-11-06,-0.01673684363155281,0.016526895199781372,0.06947809949544381
2022-11-07,-0.015466997985227438,0.016769834312123297,0.06498872834374558
2022-11-08,-0.10006131594948431,0.025086583565425005,-0.07735852742504945
2022-11-09,-0.14349022466876316,0.03606709650026324,-0.23541440632750155
2022-11-10,0.10742489862358795,0.04154936649237744,-0.1330516751412527
2022-11-11,-0.03141443647663533,0.041870737714481354,-0.17290593865044634
2022-11-12,-0.013802006476365758,0.04181935371625892,-0.1930636472634547
2022-11-13,-0.026538209918333333,0.04201053835170986,-0.2075169877153119
2022-11-14,0.016194463988263186,0.042176676173565235,-0.1891889676949402
2022-11-15,0.016031463998783302,0.04225268527750525,-0.1757682252685332
2022-11-16,-0.0127437818409466,0.04214251405551478,-0.17312253661375987
2022-11-17,0.0010845070736082985,0.04213474519732503,-0.17429355495435905
2022-11-18,0.0006148167681003791,0.04212683369210446,-0.21040358601922426
2022-11-19,0.0008246325823211276,0.042134360625068146,-0.21478225869062828
2022-11-20,-0.025115259939095247,0.04227384764482935,-0.22147312378218353
2022-11-21,-0.030969374751391165,0.04252718336074191,-0.23373174480658265
2022-11-22,0.025494274188105903,0.04267932333090842,-0.12682528030004014
2022-11-23,0.02600021570334854,0.04304275278338274,0.0459629026561994
2022-11-24,-0.0003757930043709612,0.042283199032904555,-0.055854858948825914
2022-11-25,-0.004975953615638518,0.041637479857274354,-0.030083501135920954
2022-11-26,-0.0034839061881034583,0.041522148790878934,-0.01993574604795645
2022-11-27,-0.0011937537130568554,0.04133899255923832,0.005580607871349175
2022-11-28,-0.013822428939733733,0.04122499574828512,-0.024122767325637673
2022-11-29,0.014038085481754337,0.04140950437581317,-0.02603736621336783
2022-11-30,0.044000289316970864,0.04243053878412678,0.029942635715409782
2022-12-01,-0.011732697360023692,0.04243918613423804,0.016755951450893924
2022-12-02,0.007162515027905547,0.04245055332466026,0.023409272051786445
2022-12-03,-0.010558102652595158,0.042442244020725384,0.011769673663138969
2022-12-04,0.013144481522908036,0.04147709846746903,0.051476979093962205
2022-12-05,-0.00908673304822849,0.041411965373573834,0.07522142368954343
2022-12-06,0.006755753090715411,0.04143679514068008,0.055574254671340695
2022-12-07,-0.01412428087141393,0.04142679414120761,0.014293185800480224
2022-12-08,0.022871839541696026,0.037695791796466385,0.03788196557637091
2022-12-09,-0.005821360340788395,0.026585043387585498,0.03700014528589812
2022-12-10,-0.00025843080632004245,0.017797867808081427,0.04035665749909367
2022-12-11,-0.0014321702613265819,0.01683075097972064,0.04010832280538068
2022-12-12,0.005977723618808328,0.016646794338176923,0.06099127945872884
2022-12-13,0.033410801008343594,0.016832654791942053,0.08126101343364245
2022-12-14,0.0019307922256450727,0.016645483672920645,0.03769004173461088
2022-12-15,-0.02530276169357326,0.017184906134855116,0.023441345468928176
2022-12-16,-0.04131220425223303,0.018701781157340933,-0.025816873717196875
2022-12-17,0.008866650272798315,0.01876940038386171,-0.006691681441771458
2022-12-18,-0.0022098857704312413,0.01877528802919084,-0.021745428500381192
2022-12-19,-0.01899375344110854,0.01910165249828291,-0.03152588892260144
2022-12-20,0.028384068842582266,0.019208868636677857,-0.010719984603122401
2022-12-21,-0.005250676176186131,0.01826451889067007,-0.0018157387441413153
2022-12-22,0.0007615052090579333,0.017730462251992745,-0.023392427913561664
2022-12-23,-0.001983838015767403,0.01711970148329577,-0.01962272978169377
2022-12-24,0.003024520816182319,0.0171248705250852,-0.01640336664915598
2022-12-25,-0.000342451024228807,0.01709346821397781,-0.0153299852112746
2022-12-26,0.004620497716771643,0.017087787103501773,-0.01665846358376044
2022-12-27,-0.011975957353969946,0.01724925261748544,-0.05984621104817811
2022-12-28,-0.009846255365429935,0.017148870242047237,-0.070897109973861
2022-12-29,0.0054232979508825885,0.016991372319709517,-0.04160835271383001
2022-12-30,-0.002388838052975517,0.01487910531322828,-0.002697010340338535
2022-12-31,-0.0033181483870876605,0.014748733138740129,-0.014742146462758177
2023-01-01,0.0046885633896178724,0.014709952629861994,-0.007930341940708296
2023-01-02,0.0038129515588565255,0.014615301230072783,0.015133568314847912
2023-01-03,-0.000516121662866742,0.014392034187840939,-0.013394249648915224
2023-01-04,0.010994150293785143,0.014459563912381478,0.002717587599810445
2023-01-05,-0.0015715814888571655,0.014402868272329235,0.00037994066473379107
2023-01-06,0.006844106816741524,0.014221323699566392,0.009228794284677821
2023-01-07,0.00018342264818071996,0.013568007340493274,0.006370122319007798
2023-01-08,0.008025112314249405,0.013614536662927596,0.014793872781438067
2023-01-09,0.006167530562816603,0.013660669526717628,0.016356571787407015
2023-01-10,0.014522576515372032,0.01390246342321373,0.04361497631844502
2023-01-11,0.02800615102017323,0.014744122223924285,0.08351114235101065
2023-01-12,0.052115795988246116,0.016438719290268647,0.1338300895952167
2023-01-13,0.05511441660269112,0.019074858061275814,0.19918513258712056
2023-01-14,0.05357847423830919,0.0203095029142497,0.26764186613391994
2023-01-15,-0.004552757413617381,0.018337710115329614,0.2559818497114852
2023-01-16,0.013832516023570829,0.018370618994973796,0.26851843941193954
2023-01-17,-0.00038325091993141047,0.01833893791211011,0.2686870754361168
2023-01-18,-0.022339524368838015,0.018517843347579842,0.226856959793041
2023-01-19,0.019238045679950355,0.018241422967648937,0.2524275820323607
2023-01-20,0.07539125404137925,0.021870802723287338,0.3376943450521048
2023-01-21,0.004457126566322689,0.021825950261578866,0.34341020619744267
2023-01-22,-0.002511630794474806,0.021836454069253237,0.3293677304104625
2023-01-23,0.009419529327844067,0.021793718500708655,0.3336643331990101
2023-01-24,-0.012991945703908492,0.022131598773024973,0.2974944757918889
2023-01-25,0.021266153759075257,0.022197150194812595,0.28898761111559423
2023-01-26,-0.003680359408276712,0.021955414649061002,0.2206295907073521
2023-01-27,0.0019950339114214177,0.021672977395776012,0.15917740188991192
2023-01-28,-0.0020641809553220147,0.02178652461741875,0.09795774900336274
2023-01-29,0.03228143207915801,0.021964540705561503,0.13858509925526863
2023-01-30,-0.03930367092328346,0.023754672874803973,0.07891047871121404
2023-01-31,0.013097316769725253,0.02372640433833278,0.09346038071388785
2023-02-01,0.025259482888651652,0.023814486525442193,0.14669729669310505
2023-02-02,-0.01061797692681965,0.024068539880402244,0.11310767495724061
2023-02-03,-0.0009606745041729203,0.02417977934536878,0.034077910355332364
2023-02-04,-0.005009723012217249,0.024251066844631883,0.024331889573649512
2023-02-05,-0.01612309690031044,0.02475109840162867,0.010354123790612624
2023-02-06,-0.008518883333286542,0.02492591101625151,-0.007600897565571807
2023-02-07,0.022151986720186922,0.02501751963902632,0.02773499137867952
2023-02-08,-0.013965290320121615,0.0254082742934143,-0.007719613421171223
2023-02-09,-0.04883996317743455,0.027558226164953986,-0.05269613226124248
2023-02-10,-0.007693073387383564,0.02742807400482098,-0.06185544064563642
2023-02-11,0.010146854341645195,0.026065867006641413,-0.05037602873425684
2023-02-12,-0.003779998514005456,0.024342100165696424,-0.0835499267287505
2023-02-13,0.0009132665684197239,0.02241315773532488,-0.04518523832982835
2023-02-14,0.018924303145655852,0.022602253508105942,-0.03969347311073823
2023-02-15,0.09392266116037784,0.028076089296096264,0.02461970745650821
2023-02-16,-0.028154173176657027,0.02871000008100593,0.006458944624375018
2023-02-17,0.03988096453648349,0.028982968773501882,0.04760390446385676
2023-02-18,0.0030805588480080637,0.028881079924561587,0.05612198857081241
2023-02-19,-0.012728023845912761,0.025861363372070366,0.05976635840433264
2023-02-20,0.020614650916729094,0.026067467381144595,0.09090637608150764
2023-02-21,-0.01581991113645098,0.026280393675106872,0.05038032318340613
2023-02-22,-0.01012875204423358,0.026351745560188433,0.054467222229222845
2023-02-23,-0.00997780485063493,0.026297890893715464,0.09755026877687456
2023-02-24,-0.03129201289670536,0.026731425035855332,0.07144844311520937
2023-02-25,-0.0009807668166905703,0.026721570636072212,0.05964553315768106
2023-02-26,0.016648614774302573,0.026882459711001047,0.08137475841643083
2023-02-27,-0.0016273269569350157,0.026880842919226624,0.07862993146540642
2023-02-28,-0.01596393470118429,0.026386371673940014,0.04169735710094313
2023-03-01,0.02156606219747892,0.025634126162498137,-0.02720484283018554
2023-03-02,-0.007235050302163204,0.025584778831095334,-0.006265285481808935
2023-03-03,-0.047402129167592566,0.02660732830199504,-0.08967506329512465
2023-03-04,-0.0004172164631153219,0.026553662608482072,-0.09284939666308767
2023-03-05,0.0036756935285233716,0.02656914664398738,-0.0777769116006074
2023-03-06,-0.00025655126328649747,0.026559431069995944,-0.0966360417490657
2023-03-07,-0.00936203961743065,0.026454977822985393,-0.09070845954809426
2023-03-08,-0.022578517406286358,0.026720481152682735,-0.10214476133754846
2023-03-09,-0.06239311158608585,0.0285649550767074,-0.14968042060771625
2023-03-10,-0.008632183779056501,0.02851761683111105,-0.12978991013299923
2023-03-11,0.022051846825845045,0.027584043938984542,-0.10972702032868942
2023-03-12,0.07422977009964415,0.03081559237360849,-0.0593035544630629
2023-03-13,0.09175187888693825,0.03495366497032717,0.028681112381483853
2023-03-14,0.022669294883089997,0.03508525979246331,0.06906710531922489
2023-03-15,-0.014956444322371198,0.03526556420527585,0.0308463658398912
2023-03-16,0.027766213062754286,0.035428540233917324,0.06719024074251712
2023-03-17,0.0946457745317153,0.03549159736206679,0.2263257387185611
2023-03-18,-0.01670259464889101,0.035187198299233606,0.20634622450232265
2023-03-19,0.039783493752593824,0.035183871235921066,0.24974521160168872
2023-03-20,-0.00968089417783835,0.03528488982565391,0.23796416172850732
2023-03-21,0.014714466837708162,0.03517638226713273,0.26805169453370725
2023-03-22,-0.030820008681536337,0.03566388678803681,0.25735964697472236
2023-03-23,0.03759177902540278,0.03598366492763715,0.3914424574953814
2023-03-24,-0.02967065403073854,0.03645123625827535,0.3619137394252965
2023-03-25,5.17171735541222e-05,0.03635589999024557,0.33259792835793656
2023-03-26,0.018171608313816145,0.03575875001430166,0.26305694900449783
2023-03-27,-0.03052194511765327,0.03638418215453374,0.12159733159783448
2023-03-28,0.004725228944394866,0.03632783613746942,0.10191744429158978
2023-03-29,0.0396180637553154,0.03682563622441782,0.16296713302648635
2023-03-30,-0.0111074503792854,0.036732306321255945,0.11897970441789019
2023-03-31,0.015871042968584437,0.036669322010487615,0.038453813859531394
2023-04-01,-0.0023684272611504964,0.03661557568996982,0.053592032176078996
2023-04-02,-0.00745226498561502,0.03526999081519144,0.005728972857106829
2023-04-03,-0.014507018470504951,0.035483877294109956,0.0008277516252750416
2023-04-04,0.0135971982612757,0.035489605494982326,-0.0002742267478107463
2023-04-05,0.000351267384649967,0.035484779926601026,0.031879478804995864
2023-04-06,-0.004749940528704033,0.035415868194646254,-0.010229134995161648
2023-04-07,-0.004217681389550476,0.03501881371296758,0.015733813412678543
2023-04-08,0.0007854922772632111,0.03237786217583273,0.016479095053096193
2023-04-09,0.013784839213681899,0.03216475278368876,0.012099618107656696
2023-04-10,0.04658621825410658,0.03273992886067282,0.09259771944014306
2023-04-11,0.019629666758571807,0.030650455522116357,0.10880568784401845
2023-04-12,-0.003175315803583212,0.026648589464342946,0.06316436598628039
2023-04-13,0.00862713483952482,0.026499140888536322,0.08438113801091096
2023-04-14,0.002849851088919886,0.02618300096014816,0.07048180013091021
2023-04-15,-0.005484641300179338,0.026012136918007436,0.06713803024105536
2023-04-16,-0.00010358775680330279,0.02002965116588005,0.07503896302865365
2023-04-17,-0.028708571396173888,0.020560931392019307,0.05954699807633834
2023-04-18,0.032348662229154,0.020144605087859355,0.07914852952372553
2023-04-19,-0.0518092051895368,0.0223940145990537,0.022879397756781605
2023-04-20,-0.020008250880993006,0.02258329417966268,0.007197498363350263
2023-04-21,-0.034308522518338824,0.02275752631441839,-0.023238290003385065
2023-04-22,0.01981858797984626,0.02196857393878621,-0.004662082366040821
2023-04-23,-0.008128524647254443,0.021320642620316018,-0.026176708655596403
2023-04-24,-0.002393679129772508,0.021326452042503892,-0.07175132453353983
2023-04-25,0.02841955147295372,0.021702056045765073,-0.06374920463684608
2023-04-26,0.004066170397882152,0.02089549786928023,-0.05694776068865692
2023-04-27,0.036980508331842854,0.02186129435957692,-0.03043775372933044
2023-04-28,-0.00453030993708059,0.02075734297652776,-0.03757294499892949
2023-04-29,-0.0031279011203009244,0.020642946377798416,-0.035292245670476285
2023-04-30,0.000694680667924441,0.02046690790595114,-0.03452207015035058
2023-05-01,-0.04022160164248023,0.021811728794688668,-0.04596619112285649
2023-05-02,0.020966033026897257,0.022098700177340634,-0.056485324328702236
2023-05-03,0.01135862564681589,0.021985143102373195,0.00637098660641322
2023-05-04,-0.005467695268338013,0.021903679142581477,0.021302942218149656
2023-05-05,0.023803407820215394,0.02229373204716569,0.08276137569994302
2023-05-06,-0.021323001096775096,0.022664139887455352,0.03908054450885223
2023-05-07,-0.015556145829018653,0.022852343844709168,0.031299398610682205
2023-05-08,-0.026733637409259936,0.02340193705839943,0.006137384486766262
2023-05-09,-0.0012817829272578907,0.023256272230472372,-0.022920428413032323
2023-05-10,-0.0013384371045779275,0.021486104007953467,-0.02817977459836074
2023-05-11,-0.022481076150133283,0.02139032334338018,-0.08390499794606954
2023-05-12,-0.007251596524522896,0.021400860365821863,-0.08640930025361104
2023-05-13,-0.0007801573211611013,0.021282944918224776,-0.08425769333965305
2023-05-14,0.005471927993601522,0.021317363463827753,-0.07988600278306635
2023-05-15,0.009730726801279843,0.021458982548644968,-0.031998035442546535
2023-05-16,-0.005738415341494774,0.021453826138625436,-0.05731715248152214
2023-05-17,0.013394867282656264,0.021128268294656565,-0.0554191807681923
2023-05-18,-0.02067950762275983,0.02034350332452456,-0.06986696301455897
2023-05-19,0.0021585968530852817,0.018243041947066406,-0.08953143532052321
2023-05-20,0.008905016115201336,0.01802952870243498,-0.061410145584545384
2023-05-21,-0.013850552916312875,0.017096261492672106,-0.05978399677286261
2023-05-22,0.0036425134576618667,0.016683309242402737,-0.030439364861925666
2023-05-23,0.013945303754316907,0.016846012788045307,-0.015656833030712636
2023-05-24,-0.03272302765106416,0.017855380009624996,-0.04659144431483364
2023-05-25,0.005368887301425707,0.017007395982752728,-0.019428396334482123
2023-05-26,0.009181223884829448,0.017096610904343196,-0.0031971367271792506
2023-05-27,0.005578834405180588,0.0155218301032622,0.0031464734470862954
2023-05-28,0.0453058267244435,0.017841742001126596,0.042888244373729956
2023-05-29,-0.0120973437068298,0.017948235858703098,0.020343384119369645
2023-05-30,-0.0015690671469931194,0.017943011202798644,0.02462210403774101
2023-05-31,-0.01742420455507676,0.0166935030552145,-0.0065384072795722226
2023-06-01,-0.014683709247646393,0.016347384155580773,-0.00045603133652261096
2023-06-02,0.01601855426947596,0.016501135980636107,0.013367765500612805
2023-06-03,-0.0064023326039167605,0.01650888870171553,-0.0020072931218138024
2023-06-04,0.001622799291266075,0.01579561617897276,0.01365188784694138
2023-06-05,-0.05011119223804861,0.017721789252141858,-0.04063790610520013
2023-06-06,0.057402171630208665,0.02077817122680528,0.0004795699609716486
2023-06-07,-0.03277624957004588,0.021061112908798273,0.0004245211547480032
2023-06-08,0.0061572444403654725,0.021106888827622,0.0012090011831082936
2023-06-09,-0.0010503081775867784,0.021106889567154733,-0.00894170490846058
2023-06-10,-0.02375852931180167,0.02115256086859614,-0.03785543764929655
2023-06-11,0.0034399794195076883,0.021137735892063123,-0.07639056899824626
2023-06-12,-0.001452109670044499,0.021137985377763006,-0.06643813240040597
2023-06-13,0.0006265231396582749,0.021106108869704186,-0.06438519183031277
2023-06-14,-0.030636253390914137,0.02167348992003399,-0.0769657872351418
2023-06-15,0.017979087727655774,0.021978202066267518,-0.04636761345504958
2023-06-16,0.029365685552642073,0.022540571461806467,-0.0338400305623866
2023-06-17,0.006959002900740696,0.02227529902132007,-0.020847661592100608
2023-06-18,-0.006580854145875503,0.022301028089915714,-0.02886727381753007
2023-06-19,0.019547852547670663,0.022538430740959233,0.042349670221856206
2023-06-20,0.05498705349618893,0.024508182051935137,0.03996893216581343
2023-06-21,0.06000562340273241,0.026686499215662733,0.13972895699662646
2023-06-22,-0.0038303689299371557,0.026657094266419337,0.1284154448867454
2023-06-23,0.02618280743799839,0.026061144998983272,0.1591780233474791
2023-06-24,-0.0047815994828226405,0.026127975957876484,0.1817110140765581
2023-06-25,-0.002240147837737516,0.026149762834303987,0.17502175604527426
2023-06-26,-0.006861189753050945,0.026234272083060207,0.16865672654666541
2023-06-27,0.013776598074988877,0.025144266672621703,0.18401502774334655
2023-06-28,-0.01961401038928634,0.02533927511047262,0.19747798362447777
2023-06-29,0.011935868224670187,0.025375056911617653,0.19036917128021957
2023-06-30,0.0010477918298796851,0.025073135879010507,0.15762206482789143
2023-07-01,0.0037019798257575953,0.02482223191355868,0.15387771995745236
2023-07-02,0.0010033124506771962,0.02473713837197895,0.16268689269861536
2023-07-03,0.01749367929268808,0.02476906891550882,0.16034432455634295
2023-07-04,-0.012159843310882601,0.02496065771095721,0.08649173995499337
2023-07-05,-0.0085586975402272,0.02289141379321341,0.016214218104672495
2023-07-06,-0.019821224171432172,0.021179382156374642,-9.839969577718488e-05
2023-07-07,0.014474667943441766,0.020132275444998352,-0.011506686145654643
2023-07-08,-0.0016387902600796256,0.020165926034953298,-0.008385114135142313
2023-07-09,-0.004004505286051452,0.02020190946585317,-0.01013860532437294
2023-07-10,0.008061862007427312,0.01948688038546759,0.004735199501329834
2023-07-11,0.006788889103658935,0.01948359092805109,-0.0021901893670834838
2023-07-12,-0.007488490028050299,0.0195911428480923,0.010150830704281244
2023-07-13,0.03568093437476372,0.020320758101750085,0.03385401096483065
2023-07-14,-0.036280934592069825,0.02070089278684969,-0.004698048038262126
2023-07-15,-0.001261344778969442,0.020631061684229384,-0.009619834351926815
2023-07-16,-0.001540603578530031,0.020183794245537432,-0.01213675307443618
2023-07-17,-0.0034131272874816654,0.020234888280561504,-0.03243473256212015
2023-07-18,-0.009597533349379406,0.02029917986156471,-0.02992501263792724
2023-07-19,0.0019212301525000086,0.02009932278213052,-0.019670935367941622
2023-07-20,-0.0040752996439197275,0.01765669661324491,-0.003922596550081869
2023-07-21,0.0039181140710413676,0.013841633930317161,-0.01428770974893212
2023-07-22,-0.004578641136054662,0.01384937290739595,-0.01719031364788448
2023-07-23,0.010504447141318263,0.013100333797000955,-0.0028734426779646327
2023-07-24,-0.03016908602087709,0.014157939605963423,-0.04068966708576793
2023-07-25,0.0017299501204297574,0.01416868672638945,-0.04551003458556735
2023-07-26,0.004365152978824893,0.014165016259840306,-0.03411048587505705
2023-07-27,-0.004915119656712763,0.013904677407088202,-0.07197089403978241
2023-07-28,0.0037163327075591113,0.01350622758129259,-0.03345486842062051
2023-07-29,0.001284885528077373,0.013299063262648507,-0.03099071376485496
2023-07-30,-0.002779902682116475,0.013295839920232276,-0.032193459058356244
2023-07-31,-0.0015438698273756435,0.013262860011441708,-0.03037818369588774
2023-08-01,0.015245275282999904,0.013603457066410276,-0.006056627521168867
2023-08-02,-0.01764989082843693,0.013472556490674657,-0.025471912281651354
2023-08-03,0.0009166006009861949,0.013347694752910621,-0.020587258855534363
2023-08-04,-0.0035843942133476636,0.013290203192865417,-0.02790663291730433
2023-08-05,-0.0010994270766331304,0.012833122346012074,-0.024508955260794663
2023-08-06,-9.347950838400898e-06,0.01250295084791857,-0.03465845335319406
2023-08-07,0.004776645775930843,0.012553192113282811,0.00012551392933501937
2023-08-08,0.020044635853149417,0.013120941195679019,0.018410865663790243
2023-08-09,-0.006853508270246889,0.013073011645777932,0.007035315167668088
2023-08-10,-0.004461964714047806,0.013007085664874633,0.007493912257746427
2023-08-11,-0.001083159880198692,0.012953440064979475,0.002676356334303076
2023-08-12,0.0006207965516027425,0.010954869075724238,0.002011344483193289
2023-08-13,-0.004523080645381872,0.008886685875870111,0.0002597912409922909
2023-08-14,0.004286776125049352,0.008941558838735606,0.006100969963751313
2023-08-15,-0.008096168172366025,0.009036055291533236,-0.01703023731446185
2023-08-16,-0.016063173634291772,0.009430868576892517,-0.015442519240003394
2023-08-17,-0.07097917151940503,0.015761397382429477,-0.08616321688218953
2023-08-18,-0.02306411031148714,0.016113709069681036,-0.10402853431779735
2023-08-19,0.0017907574452629138,0.016154212602591176,-0.1014361613305671
2023-08-20,0.00357825614760654,0.016148386853021977,-0.0982124398850528
2023-08-21,-0.002498831574187843,0.016151553313080866,-0.10474218457589246
2023-08-22,-0.0035401882238949023,0.015911897639017136,-0.1254417670630027
2023-08-23,0.015365306423789304,0.015565163186492918,-0.10587602577651134
2023-08-24,-0.01018731988472621,0.01558792027783659,-0.11101814705927837
2023-08-25,-0.004384352975912553,0.015516122699914106,-0.11395603001136756
2023-08-26,-0.0015051281432193475,0.01552058871052038,-0.11583852412201234
2023-08-27,0.0031232321991347956,0.015511134693731278,-0.10904723130729232
2023-08-28,0.0006307866874213364,0.015504253412183422,-0.11229064144591239
2023-08-29,0.062101924766441385,0.01962645448961604,-0.04946650259808727
2023-08-30,-0.015512708305083889,0.01978957240263276,-0.04893472482480976
2023-08-31,-0.0500340578984273,0.021345784410781922,-0.027492611108059117
2023-09-01,-0.005042060225742162,0.02119672709417069,-0.009552255905267093
2023-09-02,0.0026384615075991658,0.021212384358471777,-0.00871415017314614
2023-09-03,0.0038953327054152,0.021258736064685018,-0.008400957352215466
2023-09-04,-0.006051329012069284,0.02125838814359024,-0.011932434978423334
2023-09-05,-0.0012565113521479931,0.021252138025480833,-0.009667991375884921
2023-09-06,-0.0010374752516241204,0.021198209755589847,-0.025666371092884055
2023-09-07,0.018908652030005024,0.021154865469409947,0.002974587415505603
2023-09-08,-0.012749181613965876,0.021209846250159856,-0.00545206857079783
2023-09-09,-0.0003851113886439439,0.021220975264674563,-0.004336479119289027
2023-09-10,-0.0024502611024840304,0.02121588492725804,-0.009868525219077884
2023-09-11,-0.02592003689674205,0.02156359747061099,-0.03614075915569759
2023-09-12,0.026654161568650414,0.022323538786403245,-0.06830966246783965
2023-09-13,0.01528956036711282,0.022552334856491316,-0.03915928507033384
2023-09-14,0.011870739692642074,0.022707922395194948,0.023454170148274
2023-09-15,0.0026006171627044328,0.022590039936491425,0.0313157386946572
2023-09-16,-0.001518755875352329,0.018493249576152344,0.027039617359987833
2023-09-17,-0.0012832501161511578,0.017975064532626817,0.0217416450054444
2023-09-18,0.008294723552398242,0.01802695173137053,0.03648884450819567
2023-09-19,0.017075246134672373,0.018260770802330628,0.055513411227567255
2023-09-20,-0.00290724465500225,0.018263957728083275,0.05353779489334509
2023-09-21,-0.02080107760178318,0.018692549086520353,0.0124784703810501
2023-09-22,0.0004492514240630463,0.01849035522330321,0.02601416875161866
2023-09-23,-6.686879658768241e-06,0.018383403769649427,0.026402587244025222
2023-09-24,-0.01213588594546644,0.018511209490538902,0.01643681810964681
2023-09-25,0.0015864178176880905,0.018508663409698357,0.045139362424736706
2023-09-26,-0.0030887894396227633,0.018513448311480784,0.01486088110448347
2023-09-27,0.005167086436411061,0.018534526821897206,0.004742681121658432
2023-09-28,0.02537992888096885,0.015245133098619742,0.01815670569260508
2023-09-29,-0.004064392478456136,0.015004123827967578,0.011388283507849595
2023-09-30,0.0020881352448591795,0.011710496037976331,0.015041799725941996
2023-10-01,0.037668241913332734,0.013380753681194481,0.05462999385227074
2023-10-02,-0.016186709920936293,0.013822565782917535,0.029023538288848627
2023-10-03,-0.003661597010505724,0.013858840375430578,0.00804308498680606
2023-10-04,0.013467601347721292,0.013929817577016973,0.024597763768980263
2023-10-05,-0.01379463216164356,0.014233313995290015,0.0319290507687191
2023-10-06,0.01935684447622399,0.01455911635605278,0.05143158377862922
2023-10-07,0.0007958817661306572,0.014241454039543393,0.05227543544369717
2023-10-08,-0.001206700034343422,0.013976371013513032,0.06391723283268225
2023-10-09,-0.012579594744121514,0.014241334667396023,0.04886963971748015
2023-10-10,-0.006984500217130485,0.014316303160136776,0.044770886773021656
2023-10-11,-0.018900326735168282,0.013894480779419991,0.019755212323563365
2023-10-12,-0.0043359541366684295,0.013152635593686955,-0.009797664363913272
2023-10-13,0.003945769916393171,0.01289577968321775,-0.001833613824599123
2023-10-14,-2.4866332556272575e-05,0.012727856395908167,-0.0039383460076583
2023-10-15,0.011091823470242623,0.012870260970389883,-0.029449150176441674
2023-10-16,0.05006744695824206,0.015691746390885802,0.035911857762638055
2023-10-17,-0.0036367703063566736,0.015717084662366307,0.035937670555902024
2023-10-18,-0.0030759792019486865,0.01570722932170369,0.019027294462488964
2023-10-19,0.013818840741083749,0.015610590340966835,0.04755977207864359
2023-10-20,0.033535830870205396,0.016608345836567767,0.06213105379973438
2023-10-21,0.007932597562652743,0.01599790795005507,0.06970515318177051
2023-10-22,0.002523007395046406,0.015986114828632617,0.07369966061110134
2023-10-23,0.10309890521346299,0.02408942053212705,0.19948596752084558
2023-10-24,0.02464145540134477,0.023986274106563697,0.23768767734520657
2023-10-25,0.017736456610143003,0.023999537684126982,0.2839061162252874
2023-10-26,-0.010033147199696724,0.02415671480677475,0.27655960105349986
2023-10-27,-0.007226928505637331,0.024332131447780264,0.26235304142876426
2023-10-28,0.005301518539129857,0.02413325225950577,0.2690769867712184
2023-10-29,0.013168432293093613,0.0240399851900526,0.2716834527779963
2023-10-30,-0.0010457086417764438,0.024076127243084437,0.20978290116667164
2023-10-31,0.004794395311462418,0.023443300230733485,0.22002001118575376
2023-11-01,0.022195613001625203,0.023156170824076776,0.25094699013265953
2023-11-02,-0.014081557224217889,0.023424557138484316,0.2165208012953277
2023-11-03,-0.005893770145759425,0.023545147546757704,0.1701102866426234
2023-11-04,0.010073356782761111,0.02319421455272408,0.17259549685482534
2023-11-05,-0.0009360829177728069,0.023162610143798515,0.168549590981238
2023-11-06,-0.0003419285416157436,0.02317544519003089,0.058971253622753794
2023-11-07,0.011593090279608864,0.023121914618333506,0.04548571339026375
2023-11-08,0.005973294692089626,0.022792343610703283,0.033401821092071016
2023-11-09,0.029107827327892632,0.022881047775089893,0.07426011270225352
2023-11-10,0.01691989303173269,0.022244772607789263,0.10038891088479329
2023-11-11,-0.0047145338500075296,0.022254012784451424,0.08942548073314671
2023-11-12,-0.002249209321512735,0.022352334988441518,0.07284741622540358
2023-11-13,-0.014901395821212304,0.02276676935434951,0.057966817263989556
2023-11-14,-0.026428838121854925,0.023743603506055592,0.025091290634585928
2023-11-15,0.06592844558740318,0.024835013539620008,0.06894800966982029
2023-11-16,-0.04555929205565723,0.026724299448352085,0.03481936318436896
2023-11-17,0.012222842746045792,0.026643702617834712,0.053677933076345496
2023-11-18,-0.000300039994658885,0.026678588320076885,0.04285671974365557
2023-11-19,0.021889527372586093,0.026383840757524427,0.066682864063901
2023-11-20,0.0024182537251242753,0.026403861155219716,0.06962811025325966
2023-11-21,-0.04437779006078835,0.028067015883909304,0.01044618469150782
2023-11-22,0.045192824521265385,0.022648523902106484,0.049840097522379834
2023-11-23,-0.003812712499291715,0.022364293982000672,0.01625634485342964
2023-11-24,0.011549062275727495,0.022255985327896438,0.010889018606470291
2023-11-25,0.0020283973558654633,0.02211693266984263,0.01773766187622816
2023-11-26,-0.008404730932136117,0.022137879685815497,0.011458833304852645
2023-11-27,-0.006002091789647501,0.022203611976993675,0.02059627359236127
2023-11-28,0.01548599794884531,0.022243485962266607,0.0645356661884473
2023-11-29,0.0007244373065387055,0.02223396836876957,-0.0005831442540079612
2023-11-30,-0.0038497596002547985,0.022270404282314426,0.04309186817394539
2023-12-01,0.025879947957747618,0.022389474392541305,0.05716546421182511
2023-12-02,0.020356874575942596,0.02235723320482268,0.07900979506595163
2023-12-03,0.012717964611113297,0.022322266170543996,0.06932557207451384
2023-12-04,0.05006972516793251,0.023785886990293947,0.12015758433228929
2023-12-05,0.05003682455553493,0.025040664658394156,0.23082814591437306
2023-12-06,-0.007581629055975703,0.025158158440230522,0.16868049112361994
2023-12-07,-0.010372985662227885,0.025360698276953756,0.1609842844382281
2023-12-08,0.02018673414826888,0.02547340557980314,0.17089799171367526
2023-12-09,-0.009976252913108663,0.025327749885367686,0.15687022470801137
2023-12-10,0.0012284421841561866,0.02526001291857081,0.1681090148629627
2023-12-11,-0.05792335792051162,0.02775716569737608,0.10709309266674971
2023-12-12,0.005004157345118276,0.027733583651971025,0.09566568416061605
2023-12-13,0.03475299863154757,0.02803959278534523,0.1329226207709755
2023-12-14,0.0031062756659134827,0.027380856962139755,0.14083372632947055
2023-12-15,-0.025432678020983368,0.025594828215958498,0.0837713240283029
2023-12-16,0.007401888090740938,0.023846188732120698,0.07001119440535031
2023-12-17,-0.02072563201266564,0.024279454936619965,0.03467556887177725
2023-12-18,0.030433584522719714,0.024719761960899624,0.015327296556543413
2023-12-19,-0.008282083715112631,0.024639393502402792,-0.04106384905649674
2023-12-20,0.032687613405284255,0.025169734083048217,-0.002153210662652061
2023-12-21,0.0049688697318006625,0.02335099637577905,0.013316073143887497
2023-12-22,0.002934864092908329,0.02221772528519514,-0.0038196105831523885
2023-12-23,-0.005872083923035065,0.022251093621839517,0.0003100809265657034
2023-12-24,-0.01653939964043194,0.02257940795718834,-0.01744146362072252
2023-12-25,0.013879063861056418,0.022635829783570535,0.05744637384699858
2023-12-26,-0.025055253200995553,0.023174320595625072,0.025818430370690315
2023-12-27,0.021694364920222586,0.023293927744620677,0.012872551350041839
2023-12-28,-0.01876027694786908,0.023619370320651086,-0.009206894739006821
2023-12-29,-0.012396896798793966,0.023807767938779652,0.004045922039631389
2023-12-30,0.0013658151137276864,0.023768847659063636,-0.0019700429186930712
2023-12-31,0.002568622223877659,0.023406938232243785,0.02177035539656158
2024-01-01,0.0450049945064126,0.024439174158513526,0.0362192582480374
2024-01-02,0.017900939051301412,0.024520837767534262,0.06357719137013218
2024-01-03,-0.04692812036242189,0.02465995880930757,-0.01841999481699108
2024-01-04,0.03108057856532498,0.0235786825196892,0.007084010395616236
2024-01-05,-0.0003900067727314882,0.023531825188404524,0.0037453845233921257
2024-01-06,-0.003928567037593367,0.02345764329099377,0.005707703528780916
2024-01-07,-0.0010479313368322307,0.023171097902920178,0.021549608131981035
2024-01-08,0.06889378335779228,0.026258061864122748,0.0769805437796307
2024-01-09,-0.017687130611972357,0.02652092157789738,0.08511979956680715
2024-01-10,0.010577584004972662,0.02400531650932103,0.07331290359794673
2024-01-11,-0.005558733892443213,0.024073119407883273,0.08775319395300762
2024-01-12,-0.07581464687080208,0.027435083800829235,0.017904425788408007
2024-01-13,-0.0002516769882185965,0.02743024118510336,0.016260219101501994
2024-01-14,-0.0244177193838242,0.027398112560129653,-0.011094661978016784
2024-01-15,0.01712351907901466,0.027542633518554484,-0.037479358727821044
2024-01-16,0.015124600939588229,0.02736341543140009,-0.04010464635371236
2024-01-17,-0.009553782672285682,0.026889185849740215,-0.0024627288227793143
2024-01-18,-0.034639725632667706,0.027605214711065508,-0.06604500771879196
2024-01-19,0.00863620644230223,0.02695162120967532,-0.05761164175537381
2024-01-20,0.0011336255217606617,0.026930260520704782,-0.05282227507216353
2024-01-21,-0.0028752933279206916,0.02691916777493345,-0.054554927346116
2024-01-22,-0.049064374667218136,0.02827859145808148,-0.1588898584874866
2024-01-23,0.008560013431039293,0.028235388918208565,-0.13641561455940854
2024-01-24,0.005810521700930993,0.028115507943103052,-0.14048928553267315
2024-01-25,-0.0035747525934159974,0.027791087998937643,-0.13877450031414384
2024-01-26,0.04715459322091098,0.02889729948946281,-0.024182503280870682
2024-01-27,0.007250269707417489,0.028731597416689438,-0.016860129562850767
2024-01-28,-0.002005242826170095,0.02863945638810348,0.005725970796773172
2024-01-29,0.029799801358818767,0.02914041112055419,0.018260206868212947
2024-01-30,-0.007753530092744043,0.02918577089255909,-0.0046885921424488775
2024-01-31,-0.00861423582021903,0.028013222989844155,-0.003744430123635123
2024-02-01,0.011581441842771323,0.027890967914936532,0.04395599506091363
2024-02-02,0.0025556346111748063,0.02651314217012343,0.03766249758783102
2024-02-03,-0.0044831659668692625,0.02589122912810827,0.03184076336979991
2024-02-04,-0.009505619472114146,0.025942337645334615,0.024979594707307484
2024-02-05,0.0017632602500394778,0.025940130664347253,0.07976488957854588
2024-02-06,0.009986338686479135,0.026013095494532203,0.08129191415956583
2024-02-07,0.028630850081180936,0.023205716631420813,0.1058248018393464
2024-02-08,0.022188248784866804,0.023397870154305014,0.13441637553549302
2024-02-09,0.040741037427910465,0.02450513814979861,0.12746836349974244
2024-02-10,0.013236801662479536,0.02458070445331442,0.1341694045313555
2024-02-11,0.010940478338881565,0.019843447918765855,0.14888154681412114
2024-02-12,0.034461993507690414,0.020574608508032145,0.1540828553796043
2024-02-13,-0.004319233922406296,0.01988800184479245,0.15807728866879822
2024-02-14,0.041900916949929146,0.020856360637387907,0.21708605525638713
2024-02-15,0.0021583350882306007,0.02081296880904493,0.20574862719201747
2024-02-16,0.004267512618200353,0.02059944234278142,0.2078074601242088
2024-02-17,-0.009532306269177337,0.019325734189483326,0.2016816075862511
2024-02-18,0.008895163192163213,0.01932622412957245,0.22400569394913328
2024-02-19,-0.006588364620277343,0.019467733256151254,0.21380125064339306
2024-02-20,0.009767068832988945,0.019373070039567234,0.2135377322053702
2024-02-21,-0.008524364120598982,0.01645928382166453,0.16970348945591907
2024-02-22,-0.010305082651198116,0.016841503415137817,0.1325209419065858
2024-02-23,-0.011168964874795462,0.0172194163420341,0.07603314850936838
2024-02-24,0.016540904827679226,0.017143422742524544,0.0795420267163347
2024-02-25,0.003143945229742817,0.015548168820471246,0.07121642759913405
2024-02-26,0.053914352844811164,0.017730864403646397,0.09135992925338798
2024-02-27,0.04700762695380023,0.018920142906418497,0.14761900461478716
2024-02-28,0.09493531994124749,0.024216442631195535,0.206034625314506
2024-02-29,-0.020900898468654838,0.02471127988670778,0.1782842857432949
2024-03-01,0.020298739001094468,0.024435572618911,0.19709335991010857
2024-03-02,-0.006578811548619723,0.024698518284590843,0.20066299569014245
2024-03-03,0.01833832389535761,0.024647116245143853,0.21190108467334934
2024-03-04,0.08173591649219114,0.02740572971418561,0.3196512742936666
2024-03-05,-0.06628402455760396,0.030952734346097233,0.22026110263723497
2024-03-06,0.03613733749494208,0.031119085573212,0.27522860288316564
2024-03-07,0.012384196927533564,0.031108396571771113,0.3044638932644885
2024-03-08,0.020539401213709896,0.031023319641836227,0.34629350541013704
2024-03-09,0.0029105240064184468,0.03106843516962163,0.3282416069682921
2024-03-10,0.007604594828588107,0.030683933510442817,0.33414785842848094
2024-03-11,0.04497430707429584,0.031226479709711537,0.32283067417457056
2024-03-12,-0.008909905479502545,0.03150890409009766,0.25218226128560883
2024-03-13,0.022414410239567806,0.03131034816056214,0.16924640649410239
2024-03-14,-0.0230819028918976,0.031855527480375366,0.16664183706856028
2024-03-15,-0.027911980219644583,0.032189446276269545,0.11151617642808453
2024-03-16,-0.05891115205258901,0.03456373473890676,0.05296272126051216
2024-03-17,0.04708722796395115,0.03527104967338185,0.08268911331608053
2024-03-18,-0.0123120859035869,0.035326826849245756,-0.01144176166977251
2024-03-19,-0.08343356981432348,0.03919752392677357,-0.02959859382541241
2024-03-20,0.09692504638897836,0.04242899447597986,0.027332544600233266
2024-03-21,-0.03566706353999505,0.04323869065231879,-0.02142821622275337
2024-03-22,-0.02615044343853401,0.043595297968693755,-0.066198035507821
2024-03-23,0.004444134671348854,0.04346655935916198,-0.0647701028883112
2024-03-24,0.04951388799118828,0.04393708668135978,-0.02587109018665734
2024-03-25,0.04052464020923141,0.04427042075809692,-0.030019086077995083
2024-03-26,0.00041486463910467286,0.0442902524397023,-0.0208929237928851
2024-03-27,-0.007608353371227561,0.04365763342381471,-0.0496439859886294
2024-03-28,0.018567460837021654,0.04310952759889523,-0.009127054818353963
2024-03-29,-0.01204502883045766,0.03998764246498108,0.007046514379227542
2024-03-30,-0.0035414711944022903,0.039732175212129496,0.0662968648983564
2024-03-31,0.02424203264779501,0.03979074025345672,0.04303255654557914
2024-04-01,-0.022871394296192005,0.04006742252893101,0.031881562116161666
2024-04-02,-0.061047985989492126,0.04172080395492743,0.057083522874608716
2024-04-03,0.008156830210526378,0.03894333796610013,-0.028460534110974933
2024-04-04,0.038314642609167615,0.03749982511613199,0.0460740426520756
2024-04-05,-0.009797320875087778,0.03703740795980288,0.0636399766453406
2024-04-06,0.015602971156545964,0.037074596019740474,0.07545644723719458
2024-04-07,0.006770270726916605,0.036917347181078995,0.03165626575213909
2024-04-08,0.03270935878474601,0.03736390132569083,0.02390759384316299
2024-04-09,-0.03479403115822832,0.037948380671239346,-0.01212811199446151
2024-04-10,0.0209558550176423,0.03722980429591576,0.016306003272786418
2024-04-11,-0.007469744331340511,0.037218910330475544,-0.009673393221292015
2024-04-12,-0.04088948430588779,0.037695758680526124,-0.03858709126316384
2024-04-13,-0.05021729270691988,0.038532599806359945,-0.08362131600086553
2024-04-14,0.03004089104268326,0.03869372020206666,-0.0784331377624975
2024-04-15,-0.03517737178558533,0.03770048214846704,-0.09003936952714531
2024-04-16,0.006080330797783695,0.03665225583373767,-0.02498372817927208
2024-04-17,-0.03972884891052719,0.037263755339479995,-0.07129528897132031
2024-04-18,0.03649124077498622,0.03462962178553404,-0.072926202958286
2024-04-19,0.005208661031110617,0.029589585044161305,-0.05887690485255581
2024-04-20,0.018026421268684478,0.0290794149446474,-0.056631179962765454
2024-04-21,-0.0010431180502996629,0.02865434830360202,-0.0639525198608264
2024-04-22,0.029433758205850147,0.029117572168416574,-0.0669215233289715
2024-04-23,-0.006439574982440521,0.027716011704240276,-0.03951086319071384
2024-04-24,-0.03208044676017341,0.027217426216870316,-0.08940605842738814
2024-04-25,0.0031863484195515657,0.027232212749031346,-0.07962965771377861
2024-04-26,-0.011265004482557628,0.02726465252255168,-0.051201763129266165
2024-04-27,-0.005272966802647994,0.02697571400753257,-0.00630402299578714
2024-04-28,-0.004823625063903991,0.026926998112889657,-0.03993834731881907
2024-04-29,0.011533090916022948,0.027057679526887587,0.00654161978332346
2024-04-30,-0.050191249309274655,0.027916304069993896,-0.04975576090775147
2024-05-01,-0.03929695449375714,0.028434756725614116,-0.049328376224825
2024-05-02,0.014924669552331737,0.02665033666646947,-0.06910927400469824
2024-05-03,0.06370405294167747,0.029256872747299167,-0.014938612773873428
2024-05-04,0.015926845790239064,0.02849012401425856,-0.01697020123776205
2024-05-05,0.002185896653241981,0.028460002744874358,-0.013792669022329895
2024-05-06,-0.013574390387488533,0.028352652789208642,-0.054994884411545986
2024-05-07,-0.01309542885757653,0.028360591021495674,-0.06132546663104366
2024-05-08,-0.018398626419713127,0.027657629485280246,-0.04805703302958164
2024-05-09,0.03043115176709965,0.027787449994073496,-0.022203911150431077
2024-05-10,-0.035799920573900024,0.02805252764375321,-0.0464673842783464
2024-05-11,1.5356984674586016e-05,0.02805928403091049,-0.04139806471084617
2024-05-12,0.010768936188532141,0.02731395759976443,-0.02637855684355006
2024-05-13,0.023646747788683697,0.026180632532264166,-0.014718912495601422
2024-05-14,-0.02144084393922019,0.02581800980095562,0.01510522909985057
2024-05-15,0.07659609250545496,0.02874463099364396,0.1375610062263013
2024-05-16,-0.01563225228621834,0.028907510881414022,0.10331180153491126
2024-05-17,0.02790508695432159,0.028240488095449497,0.06617983654204851
2024-05-18,-0.0016564833198177142,0.02754890215587964,0.04772674512694475
2024-05-19,-0.009895869986810912,0.02762834383551165,0.03509596467050624
2024-05-20,0.07800174241430358,0.030840201905505127,0.13119047458545152
2024-05-21,-0.018358253231772315,0.03109132465983373,0.12515822286063183
2024-05-22,-0.01446030042296964,0.030837939190321562,0.12967251959941817
2024-05-23,-0.017255976976508713,0.030997648528588256,0.0773926183290905
2024-05-24,0.008781729788116976,0.030375873764053513,0.12720794404608737
2024-05-25,0.010796524727518797,0.03041292679602351,0.13936037534721346
2024-05-26,-0.010796814497022966,0.03040556557273299,0.11505099966695886
2024-05-27,0.012791671360530277,0.030418183133200202,0.10322664341435406
2024-05-28,-0.015827408107827234,0.030587194060776174,0.10955522552605701
2024-05-29,-0.01051485738366742,0.030641854305022663,0.01977744319630692
2024-05-30,0.011644282841286824,0.02902319139003296,0.04803517036807259
2024-05-31,-0.012778150001159894,0.02803325682328985,0.0065552091198046725
2024-06-01,0.0031933460054698326,0.027975957732813094,0.011444929831311956
2024-06-02,0.0006596674454519835,0.02567982265795241,0.02222798233445089
2024-06-03,0.015544720172089965,0.02567317856140821,-0.036997632353598875
2024-06-04,0.025622992224831664,0.02600879781268442,0.006148498753992815
2024-06-05,0.007298724608017615,0.025812973136817373,0.02836253069879846
2024-06-06,-0.004581363662391591,0.025661945137061708,0.041625493502920774
2024-06-07,-0.01999201273457618,0.02571266470044457,0.011914939802249114
2024-06-08,-0.0005308786729295578,0.025252805015992193,0.0005750029804734158
2024-06-09,0.00493781012787653,0.02413974437124063,0.016490511858409773
2024-06-10,-0.0019485261992140401,0.024155869630401373,0.0016964812733528678
2024-06-11,-0.03136496113771259,0.025003874747420884,-0.014117728882318215
2024-06-12,0.013502581655740586,0.02478753069182694,0.00981225887272097
2024-06-13,-0.021757960505889518,0.024798381604992505,-0.023529495119201105
2024-06-14,-0.011164543099157487,0.02064553996010304,-0.021933461212253702
2024-06-15,0.0027253941690672523,0.02043500173797387,-0.0223896923413498
2024-06-16,0.006768999939568809,0.01981921811394228,-0.016421083219319677
2024-06-17,-0.0022321747830370553,0.019821135394182475,-0.03363842356522284
2024-06-18,-0.02029695827328193,0.020088641469752002,-0.07690507816400771
2024-06-19,-0.0027701435671353414,0.01357808712904993,-0.08613225263971902
2024-06-20,-0.00202647819256907,0.013268217900939615,-0.08378667928611916
2024-06-21,-0.011298352821403679,0.01318249739388783,-0.07565894244957472
2024-06-22,0.0024397531859308152,0.012906163339770776,-0.07291160695374066
2024-06-23,-0.01668075089399379,0.013024854446800897,-0.09285544506566112
2024-06-24,-0.04595356431233677,0.014982823169799412,-0.13285231072027293
2024-06-25,0.025336630415439876,0.015885417537841694,-0.08209154725300227
2024-06-26,-0.016072632592061153,0.015750193182020426,-0.10887721079370138
2024-06-27,0.013048951973404943,0.015901202460699614,-0.07717009570360711
2024-06-28,-0.020853310881755127,0.016172491535450337,-0.08621213053677057
2024-06-29,0.009403861104374522,0.016104447973600854,-0.08012601552703535
2024-06-30,0.029413551620566913,0.017098402011061557,-0.059435932714936524
2024-07-01,0.002771094932125795,0.017093879456307172,-0.05471950912010426
2024-07-02,-0.013093697885290578,0.01719492429196445,-0.047769340318448705
2024-07-03,-0.02990687070088416,0.017522680399045677,-0.07368154442413022
2024-07-04,-0.05311634426354228,0.018739535059821635,-0.12110312906570542
2024-07-05,-0.005534237213954074,0.01854896273680611,-0.11597917363835497
2024-07-06,0.02896391234041995,0.019697814940094517,-0.09258833242343145
2024-07-07,-0.042097439142912196,0.02062166806087384,-0.11604297290686871
2024-07-08,0.015326802715911692,0.020992567856342806,-0.05926459291279418
2024-07-09,0.02299844211812685,0.02158115440333525,-0.061409855702077354
2024-07-10,-0.004598069730556098,0.021570060545285624,-0.05046401562415792
2024-07-11,-0.006885432015347748,0.021031269940767122,-0.06914861609367517
2024-07-12,0.009670444019596935,0.020925625572280837,-0.04013041094861369
2024-07-13,0.023013827240820017,0.02130080153865457,-0.027188323934898007
2024-07-14,0.026266900915231206,0.02193865490282864,-0.03016195736126004
2024-07-15,0.06715755212726138,0.025356404277607023,0.032109916981907016
2024-07-16,0.003499237870556282,0.025331714351994015,0.04946286478329065
2024-07-17,-0.01502916014346345,0.025469777386619517,0.06555781924842341
2024-07-18,-0.0022571629283560934,0.02520756047962777,0.12279124811158315
2024-07-19,0.042768734230136385,0.026396501284383846,0.17732721669361728
2024-07-20,0.0067979482134701286,0.02640821221530794,0.15196520687195636
2024-07-21,0.014753144342986024,0.02640060889922379,0.22033321927973892
2024-07-22,-0.00835268752223095,0.026473269704372138,0.19187256161176536
2024-07-23,-0.02452573786440093,0.026702173759399837,0.1365032044336696
2024-07-24,-0.008426492953570563,0.025228013444195157,0.13213209048605412
2024-07-25,0.00619673448871394,0.024883711440714947,0.1470455163784823
2024-07-26,0.032455548053117234,0.025218104272729094,0.17293074613505377
2024-07-27,-0.0014537411892032726,0.025177518169496094,0.14487759325427452
2024-07-28,0.006525726007755361,0.024756609650601388,0.12285483407152498
2024-07-29,-0.021037797689324123,0.02516592428091216,0.030056376442868737
2024-07-30,-0.009262185475442442,0.02477543056406507,0.016957227989177204
2024-07-31,-0.023893373992326827,0.025225458656113198,0.007805153654310226
2024-08-01,0.011424614182306447,0.025142403161386006,0.02162491258512289
2024-08-02,-0.06032105869640059,0.027018531343184424,-0.07937456815280652
2024-08-03,-0.011967302150066583,0.02515492612110751,-0.09653368806391383
2024-08-04,-0.04223983565450573,0.02641552999768468,-0.1472763122495423
2024-08-05,-0.07098647891315102,0.028970352921278558,-0.20113549877746995
2024-08-06,0.03783671505322772,0.028845127867453725,-0.15006377727865128
2024-08-07,-0.017968550940289485,0.0288960760457238,-0.1582428388051914
2024-08-08,0.12144256099404904,0.036307080384132925,-0.06183127590345494
2024-08-09,-0.013450358103773374,0.03640417051930536,-0.103544922063735
2024-08-10,0.001079157301276501,0.036363200277506905,-0.10127098663645506
2024-08-11,-0.036529632368097475,0.03702816474098282,-0.1397152099218577
2024-08-12,0.010814659848586317,0.03684594349640115,-0.11172415502536026
2024-08-13,0.021144992390795814,0.03673514164224407,-0.08446168334369875
2024-08-14,-0.0308911115194338,0.03492069133949422,-0.09102520485381682
2024-08-15,-0.020041310813293967,0.03504020642033168,-0.11930386480128519
2024-08-16,0.023175912946963972,0.0353005306988468,-0.04104792333568896
2024-08-17,0.00993082725079053,0.03537038712854242,-0.019794318359140584
2024-08-18,-0.016728732324455264,0.03443904809129634,0.006314648540867163
2024-08-19,0.01726094125025579,0.03460283914679611,0.10190493823060698
2024-08-20,-0.008079210921579816,0.034438962305935676,0.05315450876398642
2024-08-21,0.03664287570061453,0.03522402783933318,0.11172113639283787
2024-08-22,-0.012967304646127387,0.03504012729395934,-0.021523573384766626
2024-08-23,0.061482671821355916,0.03689706608045821,0.05279625832250101
2024-08-24,0.0013205019089592707,0.036879501523025215,0.053050071118503794
2024-08-25,0.0024081210374646833,0.03636718661524809,0.09560810442232359
2024-08-26,-0.022583597070127692,0.03657672809926435,0.0594081931950734
2024-08-27,-0.05369739018896724,0.03773369233354096,-0.018238599272276113
2024-08-28,-0.00800797843742207,0.0376042685436761,0.004943291900818103
2024-08-29,0.006108236397788236,0.03762712124475478,0.03175953665275788
2024-08-30,-0.004524521990973862,0.03742084655789081,0.003826717325209783
2024-08-31,-0.002530098940268344,0.037331022499775456,-0.00855889394210152
2024-09-01,-0.027885585694078285,0.036054387204650006,-0.019808447761622716
2024-09-02,0.031172733823612075,0.03648768003367589,-0.0064036063842108915
2024-09-03,-0.02844504270361159,0.03602415451996245,-0.026803841195715328
2024-09-04,0.00941156177702851,0.0334425017439179,-0.05236848909021474
2024-09-05,-0.031240343288065575,0.033331723510130466,-0.06991208951873396
2024-09-06,-0.03938239218868078,0.03396619802340061,-0.15829165436333337
2024-09-07,0.003539165966313096,0.025072324899480147,-0.15642664905316683
2024-09-08,0.012964221602682846,0.02519432646353307,-0.14754319635575996
2024-09-09,0.039713831911113884,0.026378559790907464,-0.09321029686132254
2024-09-10,0.011034389872275785,0.02564339913737989,-0.03118139509479978
2024-09-11,-0.005300015516934153,0.02557131480048152,-0.028536691506730993
2024-09-12,0.013669279499548104,0.025385504514216325,-0.02123600984886642
2024-09-13,0.04205082955798245,0.02591953320162001,0.024557460640152406
2024-09-14,-0.00934732588201681,0.025687710700232763,0.017555103259117688
2024-09-15,-0.013703582981947293,0.025506607949415606,0.032400032026548065
2024-09-16,-0.016733367188517922,0.02563006467157553,-0.015563086660461578
2024-09-17,0.0363626062794542,0.026289073665662174,0.05010385420227603
2024-09-18,0.02223798894564699,0.026408331813865288,0.06344735165706994
2024-09-19,0.020937291974474137,0.026575360822418306,0.1207248896420936
2024-09-20,0.004012038411551844,0.025785365044556738,0.17135192172027258
2024-09-21,0.003194394254405042,0.02564322677703013,0.17094949696098638
2024-09-22,0.004004601863112578,0.02305812283674827,0.1605925050719612
2024-09-23,-0.005010473135318549,0.02307482574443082,0.11066848594447576
2024-09-24,0.01535087678718594,0.023245357632224045,0.11541034837211095
2024-09-25,-0.018021597802944433,0.023105362956216804,0.1011449570472509
2024-09-26,0.032273891570151925,0.021435791143894295,0.12135507406833712
2024-09-27,0.00935309904070647,0.021355198426649492,0.08616891521117309
2024-09-28,0.0014741358273548943,0.02135500239112771,0.09803375506166101
2024-09-29,-0.003829909793174213,0.02134616609122027,0.1090260148535993
2024-09-30,-0.035130555094979754,0.022474804346100476,0.08827583447772547
2024-10-01,-0.039357521968434894,0.023100693948060254,0.008762751647031664
2024-10-02,-0.0033568819965540397,0.02246086619450315,-0.01649472529954088
2024-10-03,0.0020882627636797935,0.0217571036347572,-0.034652666827905354
2024-10-04,0.021528753876634443,0.022008375919855896,-0.01781052359334334
2024-10-05,0.0003620681473552878,0.02107357207612779,-0.020583546361441662
2024-10-06,0.011741093613744757,0.019488211843911776,-0.013036521875749885
2024-10-07,-0.009269383518558882,0.01966692676120844,-0.017261077905106004
2024-10-08,-0.001682150134457161,0.01964014889657485,-0.03374702271460395
2024-10-09,-0.024944762232405493,0.019168207274577857,-0.04055931942829549
2024-10-10,-0.005077433013489285,0.019137824691375926,-0.07527528054233101
2024-10-11,0.036011743668549645,0.02008253267310044,-0.05085180802509859
2024-10-12,0.011977460447594401,0.02005400922545512,-0.04089727079205263
2024-10-13,-0.005406426515387475,0.018691477883033134,-0.04241512552969362
2024-10-14,0.050830232433260125,0.02062701976984991,0.042896675325085454
2024-10-15,0.015064992457922477,0.020472252859793108,0.10197907138400164
2024-10-16,0.008526251733136592,0.02009042365824376,0.11511814236741369
2024-10-17,-0.0031485616380424464,0.019255385090758068,0.10929063383772841
2024-10-18,0.015118035686984221,0.01906438456089399,0.10232915613387994
2024-10-19,-0.0008192879217548965,0.018796168449714313,0.10102738422526736
2024-10-20,0.009346740674458287,0.018831972921415422,0.09842172930989923
2024-10-21,-0.023678423698328066,0.019456405549346745,0.08244644544497959
2024-10-22,-9.567341618454961e-05,0.019457770431091776,0.08416661511309353
2024-10-23,-0.01379441121005398,0.01963334957319326,0.0965647212479861
2024-10-24,0.02602442034118191,0.01998135779688856,0.13084396697608436
2024-10-25,-0.022280180844656217,0.02014397295831209,0.06721624116888192
2024-10-26,0.00558625096700216,0.01933368855033548,0.06047616757536156
2024-10-27,0.01364777618155344,0.019412603206560176,0.08079253437176193
2024-10-28,0.029125296867722028,0.020069020001292855,0.05846872640143541
2024-10-29,0.04023493905417541,0.021195636634708553,0.08471492887642862
2024-10-30,-0.005238593875544262,0.01997786620512151,0.06991022399169533
2024-10-31,-0.029366396164960396,0.019290657730643666,0.04177089637296261
2024-11-01,-0.010435331387529279,0.019438719836690974,0.015546602067574522
2024-11-02,-0.0027804900426771084,0.019481834736028037,0.013553276810396753
2024-11-03,-0.00791112711687536,0.01933909780983943,-0.0037765145742553186
2024-11-04,-0.013523338185854272,0.019583606267963523,0.006585578131260483
2024-11-05,0.02282879023690776,0.019854549719014594,0.02966322054774495
2024-11-06,0.09053568676993895,0.0252660794348381,0.13859067533731828
2024-11-07,0.003513808689745934,0.025223542919352207,0.11361040000045852
2024-11-08,0.008439738809541852,0.024491606932419467,0.1485999965534337
2024-11-09,0.0030490452928257916,0.02438544833003713,0.145701951332736
2024-11-10,0.048129393514959595,0.024952695122061865,0.18467570256298194
2024-11-11,0.10223522760015435,0.030233558871260106,0.2688360655609463
2024-11-12,-0.008406532091926988,0.030297302064154315,0.20950518697285192
2024-11-13,0.029882636380625716,0.029597493920102715,0.2522082008877191
2024-11-14,-0.03680261786927608,0.030840286160401548,0.2426147788539339
2024-11-15,0.04373133907381366,0.03147448886374514,0.31063287546903684
2024-11-16,-0.005573223886622736,0.03151366972900839,0.30696242101867544
2024-11-17,-0.007869224693816235,0.03167298680488228,0.3070176226178314
2024-11-18,0.007755383808848215,0.03161443673615627,0.3352105497396103
2024-11-19,0.019892819836786257,0.031666926726317504,0.3313779057141544
2024-11-20,0.02161166598491282,0.031068639867989703,0.2472321784725613
2024-11-21,0.044151545428309014,0.03153425711846531,0.29773939868391985
2024-11-22,0.005004201495724558,0.03116367852694168,0.29331827964605606
2024-11-23,-0.012327389984975179,0.03143208128381791,0.27349210572774196
2024-11-24,0.002419161787646784,0.030805223332657432,0.2179535246938653
2024-11-25,-0.05011051933125821,0.0328986491769753,0.0496137413145743
2024-11-26,-0.011997304040733403,0.03317370314582469,0.04581286555109698
2024-11-27,0.04323745271515378,0.03354238319310863,0.05937425424370102
2024-11-28,-0.0032310787967048116,0.03317924646970625,0.09629796773028065
2024-11-29,0.018912786163713058,0.033097312299295245,0.07022944980928592
2024-11-30,-0.010388394458550332,0.03248475784660469,0.06504723079053298
2024-12-01,0.008613193542348574,0.03223384764381042,0.08274102110133241
2024-12-02,-0.01454037255458307,0.03248737449571607,0.05878626938377973
2024-12-03,0.0014276215513644441,0.03234060977141931,0.03961690371535376
2024-12-04,0.02881567529768403,0.03212563561840772,0.04694787898261388
2024-12-05,-0.022020788503929523,0.03269568701561203,-0.01940167052580366
2024-12-06,0.03444474217316973,0.029471047773005632,0.009323925809171074
2024-12-07,2.627082989481444e-05,0.029503288064364898,0.02194839803341342
2024-12-08,0.013136868131795154,0.029509287559902012,0.03287490786734559
2024-12-09,-0.03756861480096407,0.030734805794381405,0.046512513872928984
2024-12-10,-0.007772430783165474,0.02992829475554426,0.05098758540021797
2024-12-11,0.04652269534294651,0.025130541085911166,0.05429723384875795
2024-12-12,-0.011169293200355757,0.025185226571372708,0.04590086703852059
2024-12-13,0.014156490833941326,0.024801744783150767,0.04101859107059469
2024-12-14,-0.0008504799301751742,0.023597408728084496,0.05105196809293511
2024-12-15,0.02886101293644905,0.02290800305566144,0.07215174207964736
2024-12-16,0.016596788984881483,0.02291990037658536,0.10602807862170538
2024-12-17,0.001045771070669721,0.022797722071525972,0.10560634334658969
2024-12-18,-0.057462106019896764,0.025550282344156794,0.012888799665126127
2024-12-19,-0.025495268879325628,0.025896645698203744,0.00929029550928484
2024-12-20,0.002717960528709318,0.025635072706143232,-0.021664990467832657
2024-12-21,-0.005433973434635808,0.02435728041932103,-0.02700679825869634
2024-12-22,-0.021802983021374844,0.02465170777862783,-0.0605622227144027
2024-12-23,-0.004402456102765462,0.0245689185026097,-0.028188442216696363
2024-12-24,0.04213760595334648,0.02578705094140476,0.020694648774430835
2024-12-25,0.0063146152104343045,0.02395768845755259,-0.01852110107158622
2024-12-26,-0.03528406928650052,0.024803487542261728,-0.04245658741741054
2024-12-27,-0.017022260795415023,0.02373666927530807,-0.07189485311414645
2024-12-28,0.010609799867287384,0.023813270288415372,-0.06124945475171362
2024-12-29,-0.017167251608511402,0.02374159177053726,-0.10324643772134912
2024-12-30,-0.00948373223930199,0.02372995693778647,-0.12625241272273013
2024-12-31,0.008484077565384274,0.02372815211160881,-0.11975999994700426
2025-01-01,0.010602195613021781,0.023680036222268983,-0.056194469844049966
2025-01-02,0.026129247147606893,0.024164326588960217,-0.006196248017243944
2025-01-03,0.012597729955682757,0.0236877812991831,0.0035956898074995802
2025-01-04,0.0013128146911018934,0.023318355628065418,0.010403732011010192
2025-01-05,0.0008014800420892421,0.022438176623667525,0.03375243727487853
2025-01-06,0.03827621924594227,0.023517841920687305,0.07806671359248263
2025-01-07,-0.05050430525956884,0.025193982855990636,-0.017769153179515662
2025-01-08,-0.019388436629511285,0.02449656869509209,-0.04285706305682713
2025-01-09,-0.026929603222076492,0.024937443872936633,-0.034568179323373194
2025-01-10,0.023976181025154863,0.023762477313265064,0.005698450075341643
2025-01-11,-0.001424047578467369,0.023698282995053405,-0.00627691541807418
2025-01-12,-0.0008264678561502592,0.023511895245163436,0.01024493335167631
2025-01-13,0.00029724205673309356,0.0235149328560803,0.020220720774281054
2025-01-14,0.021345722040169157,0.023212223966006227,0.033232047862443936
2025-01-15,0.041129999632577796,0.024307690354823018,0.06444344399911661
2025-01-16,-0.0074383335632930425,0.024326457729572464,0.029622497887355825
2025-01-17,0.04716598568833419,0.023555773628952528,0.06477194841655964
2025-01-18,-0.000516635042589142,0.022995801985383785,0.06282655559935768
2025-01-19,-0.03178356737719257,0.023834174535497476,0.02822203671793022
2025-01-20,0.009170622908047932,0.023839086417618595,-0.0006017146034419385
2025-01-21,0.040479676535688514,0.024410709987949367,0.09516410709371659
2025-01-22,-0.023488299826845638,0.02488023603227825,0.09058530832625933
2025-01-23,0.002962783076025932,0.0237761517371786,0.12408771209424052
2025-01-24,0.008265785680243276,0.023790987618608286,0.10684135159620878
2025-01-25,-0.0010001569662844156,0.022734349538813342,0.10731120034129393
2025-01-26,-0.019406534499448846,0.022811593957201944,0.08672026669929855
2025-01-27,-0.005792734886665207,0.022822990804710508,0.08010413192468424
2025-01-28,-0.007397669160641884,0.02259989720167421,0.049707122438504836
2025-01-29,0.023395602825692086,0.0227741763776423,0.031826624665020065
2025-01-30,0.009952379879751394,0.022785683332984107,0.0499053010427537
2025-01-31,-0.022249243050878498,0.023245464313937002,-0.019691513237351965
2025-02-01,-0.017080384621634526,0.023099236354782907,-0.03593749076359265
2025-02-02,-0.02947596219670423,0.023674186499624533,-0.03363978586449057
2025-02-03,0.03804365081173988,0.024666598436999906,-0.005991591600422508
2025-02-04,-0.034846278405663456,0.025537293259310187,-0.07795323993528391
2025-02-05,-0.012836943218062724,0.024594519961349454,-0.06789596274169696
2025-02-06,-0.00022924323774897726,0.022789731520298923,-0.07086247422578151
2025-02-07,-0.0006647556256734743,0.022491026453968836,-0.07909215053797103
2025-02-08,-0.00048309597099249757,0.02187823769866223,-0.07861550829169306
2025-02-09,0.00018283765004545316,0.021468084289074593,-0.0602089572225063
2025-02-10,0.009714611676219231,0.02152367640194478,-0.045550378565485716
2025-02-11,-0.017345724709743937,0.021787518002526037,-0.055116060166113146
2025-02-12,0.02233406885677658,0.022143131517149684,-0.05609615661761924
2025-02-13,-0.012892487184132717,0.02196144349897214,-0.07744702251263025
2025-02-14,0.009160278803397981,0.02064626829289466,-0.04781068860833926
2025-02-15,0.0007320640697474623,0.02060958292969326,-0.03055513384243158
2025-02-16,-0.014401672980240199,0.01867040394037467,-0.015497606442129164
2025-02-17,-0.004176223623530095,0.018668391023854907,-0.05553982181980843
2025-02-18,-0.0024415545387781457,0.017842777621342936,-0.023829876976367292
2025-02-19,0.011472343504350446,0.017896122944501252,0.0002087043374356945
2025-02-20,0.017574558032842136,0.016468393390537742,0.01802030452747183
2025-02-21,-0.02245807176184722,0.016423946592296394,-0.00418049190646308
2025-02-22,0.0047043783073406065,0.01644654369771958,0.0009877929552279952
2025-02-23,-0.0031460239332733453,0.01632474590288407,-0.0023437477230430215
2025-02-24,-0.05043681513571874,0.0184976041065872,-0.061776825494084475
2025-02-25,-0.029337712021491935,0.018861639441383003,-0.07322659036783874
2025-02-26,-0.04946290046952739,0.020559172132077294,-0.13831247969773464
2025-02-27,0.004234922709094535,0.02064408845661399,-0.12336124574552343
2025-02-28,-0.003910297790814532,0.019903477856096842,-0.13471541239635965
2025-03-01,0.019661575342751147,0.02025866906733764,-0.11834798005009495
2025-03-02,0.09550452979612856,0.02726492259677686,-0.020033054967164343
2025-03-03,-0.08682040111941614,0.031241908195858176,-0.10136126189157624
2025-03-04,0.013437685575495406,0.031051893604958504,-0.08705663606906233
2025-03-05,0.03899657851208138,0.03109610467318179,-0.06221357648472947
2025-03-06,-0.007303133084179958,0.03053326497519066,-0.08514060506831633
2025-03-07,-0.0357824911826653,0.031087265597399393,-0.0976106280279615
2025-03-08,-0.006779571257010009,0.031089269649819166,-0.1079250988901187
2025-03-09,-0.0644603432710168,0.03302188505124932,-0.1627946852819535
2025-03-10,-0.02567012890361897,0.03321051989422148,-0.14095853822826188
2025-03-11,0.05513944554449135,0.03504565794587778,-0.0661957893087215
2025-03-12,0.010380466895202334,0.035055161980124885,-0.007405881524235047
2025-03-13,-0.0317197970748182,0.03533462162864011,-0.04294382447156886
2025-03-14,0.03580259620308812,0.03577577076688431,-0.00478715006696917
2025-03-15,0.004454112352525463,0.03577529663874982,-0.019629979245528895
2025-03-16,-0.020907717157540473,0.03581789940396351,-0.1238076196458675
2025-03-17,0.018115835083536647,0.0360520741926745,-0.023121696858303897
2025-03-18,-0.016142449028442418,0.036070248965291846,-0.051634739258329176
2025-03-19,0.049997601050550955,0.037412036974850404,-0.04159333217009653
2025-03-20,-0.030937253791171848,0.037768527011630915,-0.06441107203488705
2025-03-21,-0.0014727011460912154,0.03766506261953168,-0.031119973931515443
2025-03-22,-0.0025077306278807887,0.03744699958245642,-0.02695282136363153
2025-03-23,0.026503933905394295,0.037709134457103076,0.0676583825832735
2025-03-24,0.016786352378946434,0.03785842620916323,0.11418165922808532
2025-03-25,-0.0003109860024155253,0.0378605357768121,0.055628399669142015
2025-03-26,-0.00652577110204744,0.03677659726327109,0.037965048539340795
2025-03-27,0.003178549412391707,0.036390819752810506,0.0753749468271594
2025-03-28,-0.032393289916566204,0.03571718925699238,0.004573668978870016
2025-03-29,-0.020812056603918605,0.03592188893581501,-0.020695507320452
2025-03-30,-0.0031848691098436133,0.035919560830822726,-0.00296881799776727
2025-03-31,0.0026038970780313253,0.03572894674789488,-0.01815951177919295
2025-04-01,0.0317418810684309,0.03144455315578322,0.02962664790826719
2025-04-02,-0.031507420800550134,0.02775899913992561,-0.050297098919606764
2025-04-03,0.007481504135517403,0.027673027949495048,-0.012645867354236562
2025-04-04,0.008916382019940938,0.026692396527559916,-0.0023730343429048117
2025-04-05,-0.004043325726492686,0.02667772183044964,-0.003908836800472049
2025-04-06,-0.06335339642726368,0.028302256824053695,-0.0911039168548955
2025-04-07,0.013051950296130821,0.028443491998566137,-0.09444206495062746
2025-04-08,-0.03739976334343409,0.026788219631501034,-0.12803854960952554
2025-04-09,0.0826253916648998,0.03046235041406692,-0.04979155041308292
2025-04-10,-0.0356990599146636,0.029510150372723924,-0.08661633390147161
2025-04-11,0.04745546227457886,0.03074953801052104,-0.011242170773301141
2025-04-12,0.022567917271733462,0.03039393947529751,0.032561768082848275
2025-04-13,-0.01878516957885823,0.029939538845690936,0.01640202758961884
2025-04-14,0.010245734631468162,0.029985774952600443,0.024149034365136268
2025-04-15,-0.01033089354397465,0.029786793607346877,-0.017614116169894944
2025-04-16,0.004360934564412222,0.029617437784628886,0.01876878107013047
2025-04-17,0.01025637449930672,0.029500821496217487,0.021574739578094304
2025-04-18,-0.005241078764249063,0.02804335975589621,0.0072396523781619315
2025-04-19,0.007254038339443714,0.02747786018554126,0.018665001842147255
2025-04-20,0.0013036230231544543,0.027474911660418256,0.088983777980701
2025-04-21,0.027527099529631727,0.02789394980306538,0.10454389085993143
2025-04-22,0.06767662701452015,0.030078224438839375,0.22511469546165497
2025-04-23,0.0027527134594511615,0.02996826861606119,0.13472960696406044
2025-04-24,0.0026114175645013393,0.029962846681667498,0.17981100349229684
2025-04-25,0.008267742531563593,0.02992559378476643,0.13567155831323108
2025-04-26,-0.0007767095032226168,0.02993487821118079,0.10974484164243026
2025-04-27,-0.00942540809771053,0.029280457695866687,0.1203306447720558
2025-04-28,0.013054325526514532,0.028944249881862255,0.12344528345894523
2025-04-29,-0.007306486319308303,0.0289945068677954,0.1268785077655803
2025-04-30,-0.0008217291810309613,0.02901072261274863,0.12106363366332484
2025-05-01,0.02425526614507767,0.028802563827910254,0.136597956169773
2025-05-02,0.0043291974532626565,0.027986457689266164,0.14753282305721083
2025-05-03,-0.010507405827035687,0.02814059752052569,0.1272977687510155
2025-05-04,-0.016433317174712747,0.02840330306688963,0.10732898740459706
2025-05-05,0.0045811763897039,0.028359391971609804,0.08260099157146406
2025-05-06,0.02168299794413664,0.02543143310784504,0.035964447155576895
2025-05-07,0.0023743581586117557,0.025424868743151672,0.0355735605144325
2025-05-08,0.06399043746457878,0.026039494566891665,0.09897049482544662
2025-05-09,-0.002621130818400763,0.0222717557124875,0.08710206937780107
2025-05-10,0.016756941758927724,0.020761475397645623,0.10617775421432629
2025-05-11,-0.005635047193781384,0.019635175584951682,0.11041046212612349
2025-05-12,-0.01242389281274392,0.019754252526705023,0.08248374636431843
2025-05-13,0.013197358248725033,0.019201675121859996,0.10484218648405053
2025-05-14,-0.006051642240404331,0.019351228561665195,0.09905920586047934
2025-05-15,0.00198211052629782,0.019100910547483006,0.07515938563449698
2025-05-16,-0.0024613470244020386,0.019178372756965052,0.06788993887616002
2025-05-17,-0.0028814878109744146,0.019254564561525307,0.07612005719336978
2025-05-18,0.03154266519659865,0.019635339596461163,0.12861056728773668
2025-05-19,-0.007889709931436006,0.019846745249746355,0.11459997818226975
2025-05-20,0.011220046530480143,0.01982390102571841,0.10318547344758167
2025-05-21,0.027034018449719976,0.019807137610961884,0.13032521299885813
2025-05-22,0.018191448638679386,0.016412936806994186,0.08167087365805914
2025-05-23,-0.03927066820202352,0.01838236257850687,0.04192395466283738
2025-05-24,0.004691674073487251,0.018378191970776215,0.02956004456340633
2025-05-25,0.011543009819045436,0.018409481554587423,0.04734611103098141
2025-05-26,0.003714175371671846,0.018380267935909154,0.06446088611463563
2025-05-27,-0.004072780217708405,0.018260862764353587,0.046316951228073
2025-05-28,-0.010939184653144474,0.01842929713585559,0.04117189672260224
2025-05-29,-0.020041963379443528,0.018849949922743026,0.018286411481797993
2025-05-30,-0.015554336978341854,0.019168255500968887,0.004921101058994015
2025-05-31,0.006149348357177731,0.018772418953715835,0.014022604756542822
2025-06-01,0.009690618169351017,0.018812235942325527,-0.007458299905417132
2025-06-02,0.0021715582000447764,0.018638731327669803,0.0026073432758839665
2025-06-03,-0.004241178746647534,0.018319878456451007,-0.012722196572615974
2025-06-04,-0.0066439151364365845,0.018419445905137426,-0.04509646626341268
2025-06-05,-0.030134359325224014,0.019074136167528583,-0.0904184780099313
2025-06-06,0.027707252931573167,0.019653337455934682,-0.027006362413945273
2025-06-07,0.011737496074678777,0.01600383620261682,-0.020182836196267262
2025-06-08,0.0016855786016509722,0.015990637288076537,-0.029731100782214526
2025-06-09,0.04253991795791734,0.01748803408753639,0.007800909270866407
2025-06-10,-0.0003342625487465778,0.017436133475714346,0.011583998467814549
2025-06-11,-0.014244955298426398,0.017491385690139666,0.00820294784334008
2025-06-12,-0.025371753999169577,0.018048639882542586,0.0027195389488872124
2025-06-13,0.0015285141831733462,0.018003638456861076,0.02011949232775656
2025-06-14,-0.0058304915798971235,0.018044924173053676,0.007973315167546291
2025-06-15,0.0007548627203146641,0.018034997669164454,-0.0009472421610164927
2025-06-16,0.011792615001237072,0.018130026855818916,0.008643873503671129
2025-06-17,-0.020559056941174436,0.017621877676754483,-0.007885156938431281
2025-06-18,0.0026979724986506692,0.017573334916828397,0.0014450576001510118
2025-06-19,-0.0018977187896134229,0.017445212651353768,0.030601100377319224
2025-06-20,-0.013131746055793259,0.016786729159343157,-0.010352894230219456
2025-06-21,-0.010184874363913243,0.016413491022742283,-0.03179660916649407
2025-06-22,-0.012422235919953284,0.015030101822031969,-0.045432858054229586
2025-06-23,0.04545759771084712,0.017316182932265743,-0.04276138123603479
2025-06-24,0.004431419225533917,0.017193196856718294,-0.03819796121654717
2025-06-25,0.012406215749838134,0.017344202401584297,-0.012194390869161631
2025-06-26,-0.003737454466123835,0.017341925169571074,0.009732413033811893
2025-06-27,0.0012007263229245613,0.01723082875429394,0.009401940139226017
2025-06-28,0.002234353778444831,0.01681588500737538,0.01759035316405333
2025-06-29,0.009856422495764683,0.016609538238294048,0.026845026582345
2025-06-30,-0.011535062936840146,0.016752417773671608,0.0031703034055998724
2025-07-01,-0.013413452013053329,0.016866033427316074,0.010489028148077173
2025-07-02,0.02990624847553991,0.01771916910761438,0.03790871493667147
2025-07-03,0.007244728772290987,0.017724425327742634,0.04741578267811053
2025-07-04,-0.014716556343200904,0.017911954830269736,0.04573373920275592
2025-07-05,0.0018220480395592098,0.016906964026641175,0.05841898065451856
2025-07-06,0.009247710575546852,0.016272685290573068,0.08164336208028966
2025-07-07,-0.008534295352390808,0.016259765684493912,0.025782681679789476
2025-07-08,0.006005750382996888,0.01628549559550118,0.027390478494627946
2025-07-09,0.021810695604753683,0.014842786483763288,0.03693415069638206
2025-07-10,0.041864660687494615,0.016657813873116895,0.08439793497569181
2025-07-11,0.013189291760499877,0.016497584573069914,0.09738271940705556
2025-07-12,-0.0006957770402219454,0.015640698436546134,0.0941744129726525
2025-07-13,0.014313342548076147,0.015757184346471192,0.09900346369042867
2025-07-14,0.006158578325259345,0.01565131246355958,0.11867575787429496
2025-07-15,-0.01729262210051885,0.016135042914616246,0.11427722482478875
2025-07-16,0.00816219450392297,0.0160864474037538,0.0907518756468444
2025-07-17,0.004643278306736054,0.015422243670738689,0.08793474799787182
2025-07-18,-0.01078563897020779,0.015671132903754024,0.09227520619710394
2025-07-19,-0.0005360022928398989,0.01565526489436364,0.08970425068850374
2025-07-20,-0.00541960002562214,0.015424180574878658,0.07386767207575895
2025-07-21,0.0011828564931994912,0.015192532269707789,0.08439242868883778
2025-07-22,0.02176332622218302,0.015143244133486555,0.10137781463518869
2025-07-23,-0.010337504434577038,0.013445233828576554,0.06672627452499502
2025-07-24,-0.0032584822936673197,0.013510160759097728,0.020526375417762255
2025-07-25,-0.006185093838706357,0.013526185959559657,0.0010116888016526993
2025-07-26,0.002647868724685587,0.013464352449701482,0.0043610477025599614
2025-07-27,0.012727075099638885,0.013564942920151238,0.0027903444793857535
2025-07-28,-0.012758768211219684,0.01389435791888601,-0.016063674020886265
2025-07-29,-1.9742508661990676e-05,0.013849012195783921,0.0012308065812829394
2025-07-30,-0.0007713643170961237,0.013599138814435975,-0.007641331605183654
2025-07-31,-0.017592832754910526,0.013795877713002674,-0.029605543221276953
2025-08-01,-0.021062154747402473,0.013519808956182582,-0.03968654723622822
2025-08-02,-0.006999393518263508,0.013558523701564844,-0.04589675746740085
2025-08-03,0.015025363723748075,0.013460309158123797,-0.026283857185796622
2025-08-04,0.007478798363486527,0.013498112540286164,-0.02016063983987504
2025-08-05,-0.008085706753543476,0.013553901099706493,-0.04878493728894462
2025-08-06,0.007767158415357134,0.013461939790367933,-0.03138362311837628
2025-08-07,0.021463456180234486,0.013905192547788067,-0.007359265701034068
2025-08-08,-0.0068782400705657,0.01352059457917767,-0.008051592994883006
2025-08-09,-0.0016142706587778388,0.011191767787015455,-0.012268250211975529
2025-08-10,0.02408918266480664,0.01178874203205496,-0.0011865731614051356
2025-08-11,-0.004822128356753663,0.011828038103272912,0.006843098002409231
2025-08-12,0.012140515376580119,0.011746486758353545,0.019086811445713447
2025-08-13,0.026388279596092357,0.012637634611108714,0.046786212690931306
2025-08-14,-0.040411222672351976,0.014378709776283442,0.02247248946315228
2025-08-15,-0.008121240187970669,0.014377649089579557,0.035988903390430815
2025-08-16,0.0007921746665282559,0.014349358224357754,0.04411777876751022
2025-08-17,-0.00032588834829794244,0.01421491481332913,0.02832653276754593
2025-08-18,-0.01022323279139703,0.014335667872952004,0.010258193910178903
2025-08-19,-0.029428514056440758,0.015266597359309022,-0.011479315172615134
2025-08-20,0.012794003430595335,0.01547436098142752,-0.0065484735238376945
2025-08-21,-0.01623902974513114,0.015115417869555626,-0.04321703172616986
2025-08-22,0.03962900798880531,0.016827834248218026,0.0015884942826993598
2025-08-23,-0.012832252765613172,0.016974150556636456,-0.009665474476138303
2025-08-24,-0.016605933647771742,0.01719515471626473,-0.04901925282548625
2025-08-25,-0.029385900493979156,0.017935540953946734,-0.07249211636686659
2025-08-26,0.015240086898922645,0.018013021247436617,-0.06965172318115587
2025-08-27,-0.005193022862549412,0.017910530790425205,-0.0982779369700102
2025-08-28,0.01189280397942638,0.01808243950226166,-0.04912803449974279
2025-08-29,-0.036731759955323295,0.01919712364297528,-0.07655572250701725
2025-08-30,0.003664157476186425,0.01901590975337089,-0.0739057056925666
2025-08-31,-0.00525107534173741,0.018682299765053024,-0.07846838018804325
2025-09-01,0.009367272930950854,0.018750766844111078,-0.0602286406130631
2025-09-02,0.017848801737061493,0.018839883339977513,-0.014451623695827087
2025-09-03,0.004699840343410866,0.018804981953418724,-0.022328042060366204
2025-09-04,-0.008947195185422974,0.018817125514050365,-0.015081340487000494
2025-09-05,-0.0006558419928113235,0.018746961888128588,-0.05324620520093637
2025-09-06,-0.0038525555367432407,0.018258680843920284,-0.044634130453359844
2025-09-07,0.008554542812086785,0.018332756656044513,-0.020190765078536788
2025-09-08,0.008130177859939192,0.018415906686696508,0.017680722722757336
2025-09-09,-0.004826232823193166,0.017796947102305817,-0.0024338364053850814
2025-09-10,0.02174124101370767,0.018309759675756467,0.02457513206968276
2025-09-11,0.013620945043858246,0.018348921131516233,0.026324932396715628
2025-09-12,0.005142859655061782,0.01764571317356628,0.07094071474491526
2025-09-13,-0.0013011908618274504,0.01607438335173329,0.06564253441391532
2025-09-14,-0.004681752350561785,0.016030801208272934,0.06625243182639551
2025-09-15,0.0003224981011604733,0.016029780164372398,0.05669791840376148
2025-09-16,0.012112382641498831,0.01619342032317648,0.05074255243287484
2025-09-17,-0.0032066883445814875,0.016091718545288593,0.04247368863802703
2025-09-18,0.005741425944741474,0.01511093865316667,0.05792443049172058
2025-09-19,-0.012364506846338497,0.01515254249688675,0.04552941872551686
2025-09-20,0.0002861257573012477,0.014818950163774054,0.04987326668869074
2025-09-21,-0.003593675600818802,0.012920559054529851,0.03722735691563739
2025-09-22,-0.02218083931492132,0.013337526111905817,0.006041487352199892
2025-09-23,-0.00651013327573835,0.013046025715085695,0.004339197991581667
2025-09-24,0.011731809832655538,0.012008323021838874,-0.005499755043881671
2025-09-25,-0.03776048156409062,0.01363386101130006,-0.05591193486085355
2025-09-26,0.0060847628462732395,0.013662295493796201,-0.055027245134614766
2025-09-27,-0.0002814877077529365,0.013465058861117296,-0.054062397985670696
2025-09-28,0.02225248016477188,0.01228782419206779,-0.02846445142152343
2025-09-29,0.02031473906432546,0.012769727879342508,-0.00904754054694934
2025-09-30,-0.003009577997342028,0.012733851013454364,-0.02385335099232888
2025-10-01,0.04026829179914837,0.014493147384723872,0.018721128277098043
2025-10-02,0.017128920845327356,0.014468042357764103,0.030255585697381404
2025-10-03,0.013136036748664148,0.014587092517218037,0.056856571242342335
2025-10-04,0.001299606980548873,0.014413894309654904,0.05792736915009988
2025-10-05,0.008887425412982486,0.014425349387139855,0.07117908989523802
2025-10-06,0.010031736794915869,0.014394958389787152,0.10646724883900549
2025-10-07,-0.026461574802715715,0.015416102581020686,0.08424697527998615
2025-10-08,0.01567280940669602,0.015562312829997808,0.08847044322495456
2025-10-09,-0.013370216251727518,0.015793003210241824,0.11606033366935775
2025-10-10,-0.06976852117831744,0.02026077277590091,0.031915493587591826
2025-10-11,-0.02125599811033263,0.02045107646483188,0.01026547711924719
2025-10-12,0.03936437283871608,0.021730184323041687,0.027176714560186443
2025-10-13,0.000879679657679322,0.02172945733894768,0.00761094754313052
2025-10-14,-0.01867262888064536,0.0219828548436867,-0.008218955326186439
2025-10-15,-0.02064646024028005,0.022289307836909862,-0.06629445074403129
2025-10-16,-0.023443318504017374,0.022505164589312218,-0.10353901655063591
2025-10-17,-0.01588236351834038,0.022641064711643923,-0.12921559175663622
2025-10-18,0.006861009972426446,0.02265643982173621,-0.12437909428922134
2025-10-19,0.013698405510000455,0.022772472513225672,-0.12020360885467651
2025-10-20,0.01768912239467313,0.023048260927955613,-0.11353358060620511
2025-10-21,-0.019098105646452646,0.023275308428552195,-0.10682869051833177
2025-10-22,-0.007267028792566799,0.022981702793499037,-0.12700172767554585
2025-10-23,0.022111355667553845,0.02334787491652994,-0.09560661727536002
2025-10-24,0.008759859251149305,0.023301248095273584,-0.019259440004543382
2025-10-25,0.005474045023684315,0.022223987778911564,0.007525130241960776
2025-10-26,0.025355383127430242,0.02264968725859097,-0.006054716780187985
2025-10-27,-0.0030847352525406047,0.022663783551975385,-0.009991665027640706
2025-10-28,-0.01019252462848308,0.022415771865407167,-0.0014365445467974247
2025-10-29,-0.025681284408657135,0.022585605170162528,-0.006570126256633779
2025-10-30,-0.015898895718551742,0.02274637751165194,0.0011046509654628611
2025-10-31,0.011547120379193476,0.02149930701331401,0.029007599642996373
2025-11-01,0.004635536182247879,0.021226702807717157,0.02673317504991113
2025-11-02,0.005229768982454308,0.021069961382043423,0.0181556434852872
2025-11-03,-0.03698585893164408,0.021935495300597452,-0.03654440151848948
2025-11-04,-0.046523840630681046,0.023082409437429802,-0.06348234308545841
2025-11-05,0.02265282648549194,0.023500267400182368,-0.03525675415780416
2025-11-06,-0.02493503798083263,0.023455619528869757,-0.07966257184277725
2025-11-07,0.020445121741957006,0.023621580336887986,-0.06900157623564085
2025-11-08,-0.010547196317199026,0.023595167621783007,-0.08383612170096855
2025-11-09,0.02383137448193029,0.020831181764442517,-0.08519783656997693
2025-11-10,0.012194017448672767,0.02068100063659591,-0.07117755167733553
2025-11-11,-0.028294541304540788,0.019765745248572473,-0.0881642484511933
2025-11-12,-0.012954505253314763,0.01982070895497712,-0.07625363639971072
2025-11-13,-0.01933536967351135,0.01983800264981881,-0.07947935203572642
2025-11-14,-0.053157837862490065,0.021588933448996456,-0.13836168078459188
2025-11-15,0.012196889211437911,0.02152485528608443,-0.1318765911372316
2025-11-16,-0.01435983820826503,0.021497419518870648,-0.14879431193842174
2025-11-17,-0.02212006537551514,0.021649914194755145,-0.13565447577933054
2025-11-18,0.009284005043766586,0.021534400822061782,-0.08506352900934178
2025-11-19,-0.015953746750565823,0.021187030337821204,-0.1196036593046178
2025-11-20,-0.05285126891851111,0.022740900022394067,-0.14480951585867186
2025-11-21,-0.017790340109098413,0.022822756264841693,-0.1768529863355096
2025-11-22,-0.0051983141515926645,0.022132456408120768,-0.17240313651480654
2025-11-23,0.025477734635657168,0.02278230185578484,-0.171072328987951
2025-11-24,0.01688329653360121,0.02310648849917466,-0.1672320838140141
2025-11-25,-0.010520742688141405,0.022258219890938753,-0.15199963955424878
2025-11-26,0.03636830551491177,0.023720942554718145,-0.10962493491068237
2025-11-27,0.008473504729832548,0.02388987463987008,-0.08437641712872201
2025-11-28,-0.004010602738938163,0.02362532319661313,-0.03684962828098548
2025-11-29,-0.0007425028351905061,0.023569968144586412,-0.049162035474053734
2025-11-30,-0.005035073877646679,0.023348133748949475,-0.040166521411708955
2025-12-01,-0.045055292472078956,0.024301800605820944,-0.06267848635427709
2025-12-02,0.05825464938016567,0.02705302463968221,-0.017199475249162544
2025-12-03,0.023837949867722363,0.026930458404551966,0.022541848075877224
2025-12-04,-0.014821043775501641,0.025801943533975892,0.06359928227216383
2025-12-05,-0.029887330373216225,0.0257889825541196,0.050499889456175895
2025-12-06,-0.0012908122468182626,0.02550830963620556,0.054626169475006536
2025-12-07,0.012694471554050235,0.02529167549757287,0.0414795517359714
2025-12-08,0.0025945560296725123,0.025290821263447068,0.026845196834448526
2025-12-09,0.022633530616329445,0.025246748479572496,0.06125148281331927
2025-12-10,-0.007236522211271801,0.02507225968142806,0.016599704255463976
2025-12-11,0.005329119618741718,0.0247161564051337,0.013429981938508861
2025-12-12,-0.024223213861206738,0.02495280568378187,-0.007136568449378045
2025-12-13,0.00031346787642294593,0.02478425734568024,-0.0060873547008455375
2025-12-14,-0.023516739363752315,0.02325954944654339,-0.02454947386761752
2025-12-15,-0.019908078936967,0.023321885876326064,0.0011377334441955433
2025-12-16,0.01648005936140917,0.023486614610850946,-0.03838216697999264
2025-12-17,-0.01935507109105894,0.02341044628282378,-0.07895028542230798
2025-12-18,-0.007908292107279613,0.02333604207089662,-0.07248751242991425
2025-12-19,0.03090097713717843,0.02396621927797542,-0.014368578331432236
2025-12-20,0.002731077738661547,0.021874325978844658,-0.01039935366343736
2025-12-21,0.0031439599746445612,0.021590173550676998,-0.019732072165712822
2025-12-22,-0.0014864790528285043,0.021560603423150602,-0.023722227288422104
2025-12-23,-0.01215974047919599,0.021221914218515502,-0.05693832689158851
2025-12-24,0.0022646365284737513,0.020998208194707924,-0.047912835061922454
2025-12-25,-0.004305562231041726,0.02092173685801816,-0.057037266801171604
2025-12-26,0.0007644603322913834,0.019775971388187347,-0.03288989427858813
2025-12-27,0.005735605525503784,0.01973694025543945,-0.027647733412584197
2025-12-28,0.00038358610925337544,0.019730966898774592,-0.0038485178164950895
2025-12-29,-0.007943173820266769,0.01977195527260307,0.008312441487463351
2025-12-30,0.014826942349620564,0.01997073242520737,0.006672607597098201
2025-12-31,-0.01041844740246467,0.018234181350436647,0.015846421692808033
2026-01-01,0.013977518339667538,0.014893751621911819,0.03825626752813127
2026-01-02,0.013667122921255048,0.014420362423767067,0.020899452906577354
2026-01-03,0.007321078638514056,0.014265005257073207,0.025572619532735708
2026-01-04,0.008943445698309516,0.013226953944557586,0.03150177227937845
2026-01-05,0.027009825802690735,0.014053719593946669,0.06093951983636581
2026-01-06,-0.0016352711961346023,0.013912606920982255,0.0722427900565128
2026-01-07,-0.025829527204251357,0.014763094050162644,0.042187090785888115
2026-01-08,-0.003076724046541912,0.014158794919054076,0.04347330796655258
2026-01-09,-0.005646925984974294,0.014135698111188737,0.03678830789480014
2026-01-10,-0.001397069847536736,0.014094089691817146,0.02943540680414669
2026-01-11,0.004876964768804504,0.013402165890041748,0.034059276240379965
2026-01-12,0.004024457429802286,0.013419487595055051,0.04653360208763346
2026-01-13,0.04527528885126264,0.014976190686597099,0.07793325892784186
2026-01-14,0.016864423365986925,0.014560344033024676,0.10765199582542118
2026-01-15,-0.01421799419905967,0.014726006304894708,0.07685169190154273
2026-01-16,-0.00027284132392391136,0.014131186354899124,0.062042812592912
2026-01-17,-0.004451136256293897,0.014048401196407413,0.04963108361943669
2026-01-18,-0.01541002514624834,0.013485230784790563,0.024295510945414822
2026-01-19,-0.011543146480490485,0.013712780145643384,-0.014155568539049868
2026-01-20,-0.04584033237499219,0.016215771673209523,-0.05780626266741662
2026-01-21,0.012071608510981546,0.016360909014286957,-0.021149215768632157
2026-01-22,0.000956534957143873,0.016186311243699302,-0.017189072762651803
2026-01-23,0.00046300848627667257,0.01618441251793447,-0.01115006054458445
2026-01-24,-0.00439244250598092,0.0161853725873052,-0.014116178490479858
2026-01-25,-0.028487203509257375,0.017047963502689698,-0.04684973182755936
2026-01-26,0.019578126787931138,0.01739621529778802,-0.032084171078455404
2026-01-27,0.009464787027023913,0.017476139414940913,-0.06524438439928959
2026-01-28,0.0009202877056453396,0.017401047994320594,-0.07990107805670921
2026-01-29,-0.05183614563372574,0.019672203861804384,-0.11501271569754168
2026-01-30,-0.005119696877728619,0.019611216920709006,-0.11930329187799515
2026-01-31,-0.06546567255435032,0.022632521201154353,-0.1732788456878004
2026-02-01,-0.02094439679701987,0.022594993053343376,-0.17792583807688933
2026-02-02,0.022271291537603544,0.023035015112717022,-0.1498032390017271
2026-02-03,-0.03882661934945053,0.023719720076757017,-0.14355372301481728
2026-02-04,-0.03455931736640505,0.023425027210603883,-0.1830142537956554
2026-02-05,-0.14129892381358544,0.03371829013922214,-0.2991238730214508
2026-02-06,0.1252476912623226,0.0419670208771533,-0.21170574318709667
2026-02-07,-0.018048541205989532,0.04199924777948213,-0.22251826072441117
2026-02-08,0.014184900201757111,0.04219629196720688,-0.18836865247259238
2026-02-09,-0.00204861414171964,0.04219319388607938,-0.2055845385554541
2026-02-10,-0.018921927121284043,0.04217517384007534,-0.22792394544594807
2026-02-11,-0.02619404614799148,0.04223037573761527,-0.2488390254585272
2026-02-12,-0.011495780977477277,0.040950633842342085,-0.21688030072017594
2026-02-13,0.039805596623848194,0.04170097233446956,-0.18151737090178477
2026-02-14,0.013212456278809848,0.04191636199105662,-0.11260959528704861
2026-02-15,-0.014038567315427408,0.041886457670846644,-0.10635033197401456
2026-02-16,0.000799101589935125,0.041921502104073805,-0.12512090254306873
2026-02-17,-0.019594358734823403,0.04194759208108298,-0.10761531702925309
2026-02-18,-0.015836888807606253,0.041960399595293074,-0.09030963603359621
2026-02-19,0.008012052068341324,0.041529832140352704,0.06786735915247055
2026-02-20,0.015650197075734784,0.04159556176900135,-0.036141373854097325
2026-02-21,-2.435467576455963e-05,0.041588486248400766,-0.018449289881070197
2026-02-22,-0.005064057803784272,0.04156078641255546,-0.03707885969189062
2026-02-23,-0.04497014110892317,0.04208171707197603,-0.07849374850982571
2026-02-24,-0.008305824880296298,0.04193352772989542,-0.0685222642294524
2026-02-25,0.060550552894326426,0.043536837472673465,0.01445182561529057
2026-02-26,-0.007450715585058165,0.04341557856589184,0.018603071399684534
2026-02-27,-0.023304501473983996,0.04346317935229409,-0.04322015783423372
2026-02-28,0.016910019957618205,0.0429425514634628,-0.0397285363375921
2026-03-01,-0.018773664883674046,0.04299613408083899,-0.04434025736613567
2026-03-02,0.04620988327616793,0.042617851115984644,-0.0009776525535172276
2026-03-03,-0.007011227255569463,0.04249763584102255,0.011844417230179483
2026-03-04,0.06467555605177866,0.04404741430452858,0.09462141519123746
2026-03-05,-0.025710882421896564,0.04372998680597306,0.05800097379833735
2026-03-06,-0.03817885179689062,0.043829945244875324,0.0019273509212385243
2026-03-07,-0.01267893913767526,0.03508928120580977,-0.010751932165521172
2026-03-08,-0.01936617019467901,0.026614770809518566,-0.02497228188714562
2026-03-09,0.03687448277691541,0.027344669099799233,0.05858612848535705
2026-03-10,0.022287806357257578,0.027529713988512165,0.0912433674412696
2026-03-11,0.003975020350486469,0.02753470985188976,0.03303051329731965
2026-03-12,0.004110513591636167,0.02729742368967139,0.04506326844437325
2026-03-13,0.006735442992662266,0.02681702074628802,0.07720598088195363
2026-03-14,0.0034714019404360474,0.026691081363338764,0.06297054272243963
2026-03-15,0.022120302711697182,0.026031957735530943,0.10727131347557317
2026-03-16,0.028454105238008953,0.026400893402008747,0.08847922979870404
2026-03-17,-0.01253801442025071,0.026369521121307735,0.0824209608621409
2026-03-18,-0.0362122396594321,0.027312130359550338,-0.020148375075239477
2026-03-19,-0.01870697238447039,0.027288967087373005,-0.013104477625108246
2026-03-20,0.008722250723753211,0.02711784769521635,0.03501932185522372
2026-03-21,-0.025680602546325204,0.027569151436892883,0.021389537808626624
2026-03-22,-0.012607965253281006,0.02754204983355384,0.028428617648326604
2026-03-23,0.04524488014825101,0.028738697809619018,0.03673083391534804
2026-03-24,-0.005598262529164066,0.028743257983086534,0.00845078668064847
2026-03-25,0.011231529778693128,0.027391234425692117,0.015739645958119164
2026-03-26,-0.03531428903229905,0.02822873250597953,-0.02414175605605262
2026-03-27,-0.035662044616623034,0.02686788622217011,-0.06523888648293286
2026-03-28,-0.0002815819275042708,0.026835418690216283,-0.06873489381570153
2026-03-29,-0.005500227885263609,0.02650209813560663,-0.09390026455631251
2026-03-30,0.011167073154841889,0.02639907187373069,-0.10913067213345884
2026-03-31,0.02311941479563351,0.026469716171216448,-0.07696122109342374
2026-04-01,-0.002268068291422898,0.02509514127196541,-0.044452210520959934
2026-04-02,-0.017479577533077273,0.02526764086988702,-0.04325701764374523
2026-04-03,0.0006358522809097877,0.022086372959793578,-0.0509267254916449
2026-04-04,0.005369911059425414,0.02168642759207972,-0.020680778731278604
2026-04-05,0.02513553056906015,0.021064219882291683,0.016754130236946718
2026-04-06,-0.0017695992030517527,0.02092029531121172,-0.02897885250160237
2026-04-07,0.04474125312086663,0.022014915772751543,0.02017706950566378
2026-04-08,-0.011361353371537541,0.021211900667936386,-0.0026156744359044914
2026-04-09,0.009061281070850802,0.020900489476129557,0.043264032867373015
2026-04-10,0.016876904061948084,0.021094016888111737,0.1001030229486326
2026-04-11,0.0010307967248304184,0.02108840394154716,0.10154718132021734
2026-04-12,-0.031495312720733026,0.02189486407329574,0.07275399983179809
2026-04-13,0.05273575609654846,0.023908913038710275,0.11685449724448116
2026-04-14,-0.004068372317531099,0.023616666573228026,0.08717584794084265
2026-04-15,0.008404626904874313,0.0230877849467567,0.09880532082939575
2026-04-16,0.004639453579876829,0.022972905231105126,0.12354222046297392
2026-04-17,0.02627659540184779,0.022324725461979302,0.1523323716400995
2026-04-18,-0.01816051878803593,0.02230671500631261,0.12536232237409006
2026-04-19,-0.024692366775663332,0.02283421695888769,0.07066278596864684
2026-04-20,0.027298557704868998,0.022684512999336142,0.10184015126744117
2026-04-21,0.0063296958930805225,0.022481758250769774,0.06132926314097653
2026-04-22,0.024233934691509473,0.021462815870507072,0.0995417293237213
2026-04-23,0.0008420581944230676,0.021400919414013345,0.09058550564853118
2026-04-24,-0.010395445352393673,0.021502573113153307,0.06133631249894278
2026-04-25,0.0020231423764509593,0.020253844340196028,0.062388440443518656
2026-04-26,0.013471154293320797,0.018855395004390808,0.11171381324839036
2026-04-27,-0.01641182876919478,0.01926227674293781,0.03869233107412873
2026-04-28,-0.013131671764148978,0.019459565721598543,0.02923989541713823
2026-04-29,-0.007525003361340765,0.019556684159624305,0.012981133257789823
2026-04-30,0.00697036758667724,0.019244819605757735,0.0153314012108563
2026-05-01,0.024568460603834108,0.019568706923824297,0.013641483594402093
2026-05-02,0.006117371672699878,0.019110970926406335,0.03870574040630537
2026-05-03,-0.00151319093281288,0.019134201386466782,0.06339163661554581
2026-05-04,0.016421044171065935,0.019237311021938725,0.05213195282424277
2026-05-05,0.013768974900303155,0.01895502456597336,0.05990982441187098
2026-05-06,0.006184292316489204,0.018905259296327297,0.04123148088855566
2026-05-07,-0.017408596831308243,0.01786460008596614,0.022244312629548846
2026-05-08,0.0022093920105095144,0.01764040298333684,0.03526489064258831
2026-05-09,0.0059561145630133705,0.017619722603692628,0.03932833773121058
2026-05-10,0.01828022150812214,0.017656768685663782,0.044260101021387666
2026-05-11,-0.004999247178679611,0.017727079398186744,0.05637665950918769
2026-05-12,-0.015304426194186482,0.01683648599910426,0.0540508709505052
2026-05-13,-0.014915661104390687,0.014514911045642771,0.046201676504959766
2026-05-14,0.022378876470797504,0.014919683797853295,0.06221049696870651
2026-05-15,-0.024497713637975926,0.015702343691476595,0.011341660644162754
2026-05-16,-0.0118160267665125,0.015892041467357055,-0.00668485740348157
2026-05-17,-0.008985959556932488,0.015282444798955441,-0.01411892079225352
2026-05-18,-0.006136945201154598,0.014936914421438522,-0.03599911998192984
2026-05-19,-0.002641385386229267,0.014170009207935689,-0.05160386045959797
2026-05-20,0.009209887179670861,0.013392585435702233,-0.048752034496931884
2026-05-21,0.0010508749979196708,0.013351717972861044,-0.030881396747417966
2026-05-22,-0.02645023976792371,0.013464277455562305,-0.05859474940631759
2026-05-23,0.015699464786268935,0.013806660983319454,-0.04947661698904959
2026-05-24,0.004013881531345742,0.013704189617147736,-0.06279366808312481
2026-05-25,0.0038815318365379436,0.013718375115809103,-0.05442872735135529
2026-05-26,-0.01881724424932052,0.013886406939171122,-0.057801972775967325
2026-05-27,-0.019532039646005694,0.014015907772903806,-0.06221737416150286
2026-05-28,-0.010870289388891785,0.013955655281364634,-0.09271535371138628
2026-05-29,-0.00223060831034394,0.013905733789057333,-0.07200540452572712
2026-05-30,0.0052105676905831455,0.013874715347604677,-0.056015884291134466
2026-05-31,-0.002374738351372918,0.013004734984583812,-0.04971840761694357
2026-06-01,-0.030713830668280595,0.013924156053338575,-0.07321758262374911
2026-06-02,-0.06472422674681189,0.017884912770247438,-0.13090724905935558
2026-06-03,-0.04031696632071802,0.018501174517656073,-0.17355787099725206
2026-06-04,-0.0033241439086123536,0.01809301449269481,-0.17716977527689126
2026-06-05,-0.04512280904119048,0.019127461759824885,-0.19295156168256744
2026-06-06,-0.0009069515189049637,0.01912776741590622,-0.20614658915849504
2026-06-07,0.03897168140434348,0.02095396466983699,-0.17850616587832402
2026-06-08,-0.0020822373173617903,0.02082474247816745,-0.18338642259456317
