Date,PC1,PC2,PC3
2018-01-31,-0.48260392092510845,2.714488961045334,-0.47838151054642475
2018-02-01,-3.5268602069236725,2.2866304136036413,1.313377125779966
2018-02-02,-2.3366962923080927,2.519119221830808,-0.28627760835631116
2018-02-03,-0.9896725672844013,2.824902077642977,-2.1600611466142348
2018-02-04,-3.873644951471075,2.082848448096221,0.7194248138477207
2018-02-05,-5.62677289683357,2.252947855346004,1.6512296387394967
2018-02-06,0.6111588818883784,3.547773926802725,-3.7033640890024153
2018-02-07,-2.4224044085986907,3.037428094252398,-1.1466880526992882
2018-02-08,0.07196537391263481,3.564331993444893,-2.9361462620624432
2018-02-09,-0.25634584043772096,3.519484486447122,-2.087538356761439
2018-02-10,-1.89558968123637,3.129311266935268,-0.7722479020115433
2018-02-11,-3.17380096471099,2.971105210027338,-0.19063117267887905
2018-02-12,0.6575027016220724,3.682568741870116,-2.9080372208061207
2018-02-13,-1.8797700635185022,3.190666377678602,0.2711879189247154
2018-02-14,1.530660105714708,3.892900133594313,-2.2661068904921384
2018-02-15,1.8128740707710453,3.343567112860548,-0.629138175125838
2018-02-16,0.7227003108852212,3.093876616339695,0.9983982156423007
2018-02-17,2.6849391198196373,3.477449484658319,-0.38274241457151653
2018-02-18,0.1278157806953044,3.0284279798320544,2.8520766929419397
2018-02-19,4.406253673808514,3.1645010736697117,2.245419089261479
2018-02-20,2.619876953340434,2.8539257460997476,2.4660768830183555
2018-02-21,0.5821950585423479,2.61377289131149,3.760977601897687
2018-02-22,-0.49807420060013563,2.748062752702752,2.7651612874789366
2018-02-23,1.32574319077276,3.0613373513496405,0.6093089547839489
2018-02-24,-0.5350281043974904,2.84533012194222,2.0225044088940045
2018-02-25,0.42549803601965913,2.94444640747374,1.6131202539803804
2018-02-26,2.138004503891084,3.35010464698734,-0.3824353054825902
2018-02-27,1.796132753489662,3.196497539981824,0.8874864177959718
2018-02-28,-0.41507954095470867,3.0022646033753744,1.4435770032750255
2018-03-01,1.277789198573796,3.1273219946133244,-0.4453159202823385
2018-03-02,0.442640858431462,2.9835536380117755,0.4521040669976769
2018-03-03,0.6974459980989771,2.8590217211769864,-0.3475868075058066
2018-03-04,0.27835310549851044,2.6773648741681635,0.6837907548445968
2018-03-05,0.02324329426703205,2.6913383583665915,0.28841334273024
2018-03-06,-2.0057008914577685,2.3474682044989112,1.3760559020198133
2018-03-07,-2.1997906207016844,1.8463417066811307,1.3998673921360494
2018-03-08,-1.7659972351257212,1.7616861579607728,1.0333714460029189
2018-03-09,-0.8545038533813987,1.9394234064668656,-0.22612846462114328
2018-03-10,-1.81077009222432,1.7138715683513552,0.6894202028685297
2018-03-11,1.4440035361708057,2.215256771229419,-1.6002020309054594
2018-03-12,-1.6561928060315725,1.869092388353072,0.37421746497959374
2018-03-13,-1.012112133241936,1.9197167010133303,-0.6032699912117592
2018-03-14,-3.4658347388909285,1.6268513797626547,1.1722467666467293
2018-03-15,-1.447128557784088,1.9700957205325444,-1.2419934054488246
2018-03-16,-1.4479382653525155,1.6950415780296906,-1.3208685890583252
2018-03-17,-2.955995634950205,1.4260865248914651,-0.5065106300994613
2018-03-18,-0.9223298774629539,1.7788485281498159,-2.254920470499569
2018-03-19,-0.515903577910709,1.6614311997549085,-2.3286830595642325
2018-03-20,-0.4307628494946598,1.5642653878262314,-1.5384046971114493
2018-03-21,-0.7078575103682349,1.3021754021856848,-0.5237084851300543
2018-03-22,-1.0442287637557581,1.199005942956416,0.16733042737322862
2018-03-23,-0.07488072917179732,1.2564848056680664,-0.5653413983341883
2018-03-24,-0.7998283928298764,1.011121531986976,0.4392932311754188
2018-03-25,-1.2066979090369117,1.0249063849483901,-0.13690991142512604
2018-03-26,-1.4727483320976487,0.9460403990032052,0.1788744028879228
2018-03-27,-1.9499307536419734,0.9625444356975836,0.22537427712349464
2018-03-28,-0.039150790941170605,0.9624677821735647,-0.4996195236500568
2018-03-29,-3.02243831990736,0.7760971765125589,1.4156318413508882
2018-03-30,-1.9307943377823933,1.009390197784281,-0.06854164898928299
2018-03-31,-0.5562561196299469,1.0532608897519715,-0.8551978436044582
2018-04-01,-1.4691559258515405,0.9399847210664883,-0.4723460998869202
2018-04-02,-0.3924305825308944,1.1256088322277997,-1.6683321592902711
2018-04-03,0.059404692155448614,1.3100611717305148,-1.940826274918285
2018-04-04,-3.156376672482467,0.9836259354646343,0.5225767462623798
2018-04-05,-1.4961592760722244,1.1582932519313467,-0.9963888923694227
2018-04-06,-2.08464370993236,0.988553818268625,-0.7735195524128837
2018-04-07,-0.3872923072310484,1.22451402667669,-1.9228380724678922
2018-04-08,-0.7633987036591098,1.146849717701464,-1.2298865013526181
2018-04-09,-1.8838198947252949,0.9345998210129706,-0.13756016453722927
2018-04-10,-0.6449953589114837,0.8343154988594528,-0.8686979946480787
2018-04-11,-0.4116340659483441,0.8670675352795736,-1.0635925502295736
2018-04-12,3.1728866371955453,1.7667277503703167,-2.169267169866521
2018-04-13,0.6388130628604654,1.0160668818956826,0.822001392598852
2018-04-14,0.8599335473009619,1.0568528484584077,0.5946286488858408
2018-04-15,1.91604543183438,1.1979511717394373,0.32098563298965777
2018-04-16,-0.11543944405510123,0.9140308040913088,1.4838356158948822
2018-04-17,-0.2584151020338558,0.9517046674715758,0.7842760730145283
2018-04-18,1.5723185283106254,1.051646685751457,0.3767201262418298
2018-04-19,1.3557772701954727,0.9576356196640571,0.8781721486955745
2018-04-20,3.0468084527217223,1.2330718474095779,0.44709955653781436
2018-04-21,1.5046926051658913,1.019407883315375,1.4866868298956308
2018-04-22,0.9789842902360625,0.9701070059441281,1.6441393645684668
2018-04-23,1.8692846401243057,1.0232622649318326,1.4671428805884388
2018-04-24,3.9163400745407966,1.4212772472093202,0.5176758978304657
2018-04-25,-0.5982270146328894,1.059581856200486,3.4094025385926248
2018-04-26,1.814403569300362,1.5474476900847067,0.0034345238982971134
2018-04-27,-0.11767910226148016,1.3136184055745677,1.5152264872802672
2018-04-28,1.6034381511890479,1.264918688305457,0.13500586625124802
2018-04-29,0.6970922440776659,1.093006425924395,0.604310592646169
2018-04-30,0.21763208122921,1.022207376181029,1.2536230836795106
2018-05-01,0.38126992195999365,1.0317384009401247,1.1695074256085636
2018-05-02,0.8119423418126864,1.111183474910714,0.49556573684430344
2018-05-03,1.9439113885871833,1.2508638989920824,-0.16236717282830096
2018-05-04,0.26993044103375563,0.8155416489659204,0.6457742787167655
2018-05-05,0.7723667670083164,0.8725951829673525,0.2698251784360365
2018-05-06,-0.07248601207905431,0.7359223224260504,0.9872190926424149
2018-05-07,-0.512655873673168,0.7484719066456867,0.9160227177380947
2018-05-08,-0.7337750353185805,0.8482383492347602,0.08764486657201283
2018-05-09,0.3443495344795614,0.8318343491271941,0.11072652975798729
2018-05-10,-0.9408406389172403,0.7716636412640887,0.5315808047981754
2018-05-11,-1.9157747342569753,0.8286147178728207,1.132982724410335
2018-05-12,-0.471390358222627,0.5676160129456818,-0.6542314331450428
2018-05-13,0.004886264123472622,0.6432790504951069,-0.9498320670904513
2018-05-14,-0.46739711111351673,0.5441361338682142,-0.2949785924908138
2018-05-15,-1.0063504380878687,0.4336478789551112,0.13085572220585137
2018-05-16,-1.0020715941272955,0.43656316334337275,-0.16815559943128933
2018-05-17,-1.7563742507720272,0.4306693020240281,-0.22992230416465417
2018-05-18,-0.538225796830673,0.5812328364889935,-1.2296636334123108
2018-05-19,-1.0348828748519325,0.5081270735432951,-0.8865662102876836
2018-05-20,-0.08720487556389868,0.48152405517568164,-1.3494245602541404
2018-05-21,-0.9197228529570249,0.32780606385708505,-0.34301372397347196
2018-05-22,-1.7893446314564394,0.2857556889070912,0.23057064790333065
2018-05-23,-2.449177315303874,0.35576089100227104,0.24201406263266992
2018-05-24,-0.9148634970226917,0.2518318667656782,-0.9963131395134377
2018-05-25,-1.0276525937318792,-0.10614183990939212,-0.3910372329861881
2018-05-26,-1.188150667961861,-0.24708283577854076,-0.4684098434060839
2018-05-27,-0.9078599314863031,-0.2037873329788979,-0.9681402817772942
2018-05-28,-1.7501264014486526,-0.39543056583486214,-0.4148297880694402
2018-05-29,0.2382849240611218,-0.002361501222731335,-1.744626257935896
2018-05-30,-0.9148826514573233,-0.20602576140858217,-0.5220893851510294
2018-05-31,-0.2543750876735838,-0.1327362316983568,-0.7377602205336693
2018-06-01,-0.4356233331944826,-0.15807649691804782,-0.6858347053164627
2018-06-02,-0.20375372947380374,-0.30686195122983706,-0.7884374483989415
2018-06-03,-0.3867022564221361,-0.29740468954487764,-0.8207748947875544
2018-06-04,-1.2441451142926212,-0.4328657103324306,-0.12229198353621643
2018-06-05,-0.033240136889613185,-0.2810967914946006,-0.7141712995634218
2018-06-06,0.030763627551995854,-0.36758148206620755,-0.09393606433520661
2018-06-07,0.0377813779875273,-0.3649520377240405,-0.10890598535161951
2018-06-08,-0.13663440534599633,-0.4154478340385878,0.1435641082665617
2018-06-09,-0.22180086124716825,-0.46353452012338997,0.2761838879824359
2018-06-10,-2.6404120264710556,-0.4878234660044448,1.5863130269558186
2018-06-11,0.09833145418793256,-0.07704486469919342,-0.6321221646261299
2018-06-12,-1.7530530023324702,-0.2560498158712152,0.2721667791693539
2018-06-13,-1.6337954871739413,-0.18104967199981742,-0.09898285264273698
2018-06-14,0.3805633671379307,0.25917109879768496,-1.7347135820194652
2018-06-15,-1.5953533512845757,0.0005428233736047075,-0.14011695341339023
2018-06-16,-0.58525783022797,0.1575123756622122,-1.1371116595456718
2018-06-17,-1.1391652919607258,0.05512446009014886,-0.7507022666628187
2018-06-18,0.0878503091661578,0.2681120360593097,-1.3802425615059468
2018-06-19,-0.619982632812994,0.10516170705049771,-0.7805961814563301
2018-06-20,-0.7182495367173217,0.0927894489926631,-0.69864486976297
2018-06-21,-0.9307264353200072,0.0034777478949680786,-0.5869309685359331
2018-06-22,-3.263311288874128,-0.06640045908515937,0.8987650362931611
2018-06-23,-0.8365879631071582,0.31735215358099816,-1.2968254068360123
2018-06-24,-0.5785328035317587,0.2497488102382895,-0.5655763488596437
2018-06-25,-0.381083013922486,0.295374930671925,-0.8148788558473948
2018-06-26,-1.0588833651304823,0.17269101938870177,0.0871249584141854
2018-06-27,-0.06915050263290012,0.26356709831842134,-0.42528453554707757
2018-06-28,-1.6261213213021246,0.04761683418712701,0.2001136963684888
2018-06-29,0.8040316540718014,0.4931429070286284,-1.360554700772711
2018-06-30,0.38207570310601924,0.44262879970796903,-0.7809533017944995
2018-07-01,-0.28685030953622714,0.32272887887170654,-0.0629493907403067
2018-07-02,0.5289891020348361,0.5064719555558431,-0.877071489518055
2018-07-03,-0.5986812626023276,0.3374536466997561,0.055136125118858174
2018-07-04,-0.05546540208366076,0.40475221939447903,-0.38805685224341885
2018-07-05,-0.07192767280239502,0.37559529533064484,-0.2324669608920648
2018-07-06,0.5028292802041348,0.33885135977824926,0.38758178982462116
2018-07-07,1.0608752617597061,0.44620522747027663,0.004079556801211175
2018-07-08,0.13509143298595733,0.3155882339156154,0.7595380233814927
2018-07-09,0.1917490954305756,0.3440355223563421,0.5034814053112224
2018-07-10,-1.2114196969612667,-0.070055967057211,1.4543834507540447
2018-07-11,0.3047693114475928,0.16834638112542014,-0.05737174642559098
2018-07-12,-0.37170078547310476,-0.023515024778817614,0.7908776212003867
2018-07-13,-0.06739826740639172,0.03749363212221216,-0.07570608277965826
2018-07-14,-0.08843961922288818,-0.05659878891845087,-0.3114618920741151
2018-07-15,0.15283854639191552,-0.07368800829400332,-0.38245413034364284
2018-07-16,1.2666360009344093,0.2301076044140849,-1.2299697840763153
2018-07-17,2.354410211029163,0.563628011817837,-1.1963066057502494
2018-07-18,0.6518069526373722,0.24941986113976095,0.4527666277949023
2018-07-19,0.824900562174749,0.2721417066721592,0.3613530151561548
2018-07-20,0.10283913229149615,0.19461253853396904,0.8359438682812247
2018-07-21,0.5041966980481007,0.28103824209515804,0.2205918513172005
2018-07-22,0.4079451888355832,-0.19012912693405082,0.43302051508697864
2018-07-23,1.5104303509923402,-0.02172001133434723,-0.1367230305446262
2018-07-24,3.6375039476241637,0.39848386024166804,-0.21712921673001317
2018-07-25,0.7750170173510134,0.05309039792720917,2.0800274987561727
2018-07-26,0.775015974814434,0.06565303372690792,2.0501247807468945
2018-07-27,2.117983425672498,0.25831416576990335,1.063038706252932
2018-07-28,1.603836829765607,0.07175695468256449,1.5296168294622186
2018-07-29,1.5348034748254862,0.002165462590988036,1.45366550898514
2018-07-30,0.940928052271812,-0.010404166343180546,1.1926181885583913
2018-07-31,-0.8247501170188614,0.010383684842489265,1.3310062261096534
2018-08-01,-0.3627887061070089,0.11227347382887742,0.5655124047590419
2018-08-02,-0.21255639118437095,0.1554987974240426,0.1883705018531157
2018-08-03,-0.4392557263755809,0.14080168021705988,0.3879511828073305
2018-08-04,-1.563388165733509,0.1624953647494612,0.8341941488472372
2018-08-05,-0.2803211290155799,0.3666019616450959,-0.38995607877184274
2018-08-06,-1.0166524597684277,0.2949226680005097,-0.21150604359911204
2018-08-07,-1.816666779363562,0.3104830972657136,-0.49226211706209627
2018-08-08,-2.7935152271068664,0.34760917890205006,0.1558983094525105
2018-08-09,-0.1958795299136029,0.6321137008012099,-1.8371414277069118
2018-08-10,-2.7012318011969207,0.42794177920085014,-0.07653603421506242
2018-08-11,-1.0170064616956256,0.6769074822991722,-1.6344927869649288
2018-08-12,-1.3032789263200508,0.6294287655919402,-1.3406743901736582
2018-08-13,-1.476131175982456,0.6004609040591544,-1.16321994609363
2018-08-14,-1.5758184956669279,0.5547193309173728,-0.7722822514806448
2018-08-15,-0.7000103073786955,0.5382993203761812,-1.3215706963566813
2018-08-16,-0.9155706096836926,0.18182443496864906,-1.0192612231077396
2018-08-17,0.07841460469170414,0.3572334987184182,-1.486083240045262
2018-08-18,-1.1012742804460331,0.13493005867614138,-0.0067973998020619385
2018-08-19,-0.2839230325813711,0.2667690961178363,-0.7439645779203564
2018-08-20,-1.2736124327112384,0.14108252561038695,0.10232646431000826
2018-08-21,0.2670586279218859,0.37183482747997165,-0.852354887005279
2018-08-22,-0.4306887590717342,0.12473230054927237,0.3820205956597668
2018-08-23,0.3961674945867598,-0.1108328122282976,-0.6397105738084605
2018-08-24,0.9659492596321023,-0.09028224202101791,-0.21552863679242013
2018-08-25,0.43464528580331546,-0.1797052866918303,0.17958849605254362
2018-08-26,0.0517626847381632,-0.2763745640613266,0.4128489167410853
2018-08-27,0.9633979391408796,-0.12008552564073385,-0.14212649890883894
2018-08-28,1.3304948190350838,-0.06496617494473489,0.05060228894325516
2018-08-29,0.3801597079274075,-0.1872466193016779,0.6993280979896574
2018-08-30,0.24023144555441897,-0.2858578650563937,0.66579638909776
2018-08-31,0.45523971645092726,-0.22035891135340216,0.10427348813761345
2018-09-01,1.0165089038212092,-0.16284482439934994,0.09070024424702354
2018-09-02,0.7707946241277567,-0.20738375564410563,0.31381510671655144
2018-09-03,0.6855606539017897,-0.4087823240605785,0.7463723263923018
2018-09-04,0.9313842408866336,-0.3416512086255688,0.3260544403635817
2018-09-05,-1.3999859082692372,-0.3617975401548879,1.914779250212106
2018-09-06,-0.9424055405065366,-0.17706792443683259,0.747122782232078
2018-09-07,-0.5078962172654259,-0.2639906343460656,-0.09387105320200674
2018-09-08,-1.3242550215019604,-0.3650698499290692,0.2664089725881281
2018-09-09,-0.1646815696583767,-0.36351608973757443,-0.6939111343886537
2018-09-10,-0.4308786447977537,-0.398233831398443,-0.6459060182234759
2018-09-11,-0.711967227287868,-0.4105902876251624,-0.6751294568301426
2018-09-12,-0.5232268298194759,-0.3923574693835181,-0.7490818838627084
2018-09-13,0.10399983113879382,-0.31108289819702406,-1.0201829368015614
2018-09-14,-0.5107672863957662,-0.41467220131568133,-0.5011240946752249
2018-09-15,-0.48182606267548556,-0.3908385352244096,-0.7003777015257429
2018-09-16,-0.7351444995585813,-0.494665867332807,-0.5987007978320443
2018-09-17,-1.5906284919505285,-0.5568055504369267,-0.0788940130611668
2018-09-18,-0.5139622471874062,-0.37859117011127763,-1.1471989778576424
2018-09-19,-0.3106035236058705,-0.48777159689932115,-0.5267851043540398
2018-09-20,0.3093460958849224,-0.4793835449686772,-0.5343429390815935
2018-09-21,0.8395761375574258,-0.4065449798279668,-0.5970347968216764
2018-09-22,0.30531592977447947,-0.569231660522842,0.34594488610478613
2018-09-23,0.23328939051844041,-0.6068667438150507,0.25716352836412004
2018-09-24,-0.22176116441895483,-0.6395266971210424,0.4619994339731103
2018-09-25,-0.4583336164251149,-0.627726568110183,0.4595964439618711
2018-09-26,0.19895464786619577,-0.5633216312165524,-0.16749086404019117
2018-09-27,0.6449282825953618,-0.5026191223275411,-0.5912470487111103
2018-09-28,-0.07731439327358962,-0.6166902446452963,0.08131944811837334
2018-09-29,-0.16899594489993267,-0.6208549115830635,0.05152106039362093
2018-09-30,0.08374246637492845,-0.593112242749468,-0.11771198216990607
2018-10-01,0.07028343862133161,-0.6687056199054212,0.24428042318197257
2018-10-02,-0.030930626234654496,-0.6726470155018528,0.12739010784737065
2018-10-03,-0.1655166005566542,-0.6781318621716671,0.12383916605197537
2018-10-04,0.2099357846804024,-0.6127338745366872,-0.3313019886722437
2018-10-05,-0.002487554000154634,-0.9938819203959276,-0.4162906678628183
2018-10-06,-0.271343634432847,-1.1524320861441215,-0.1898988182351462
2018-10-07,-0.0930767519198169,-1.1363198362672216,-0.3263738443731713
2018-10-08,0.15910935267874962,-1.256687713137427,-0.31874539015657255
2018-10-09,0.08847415951091622,-1.302638850494451,-0.013384803519835745
2018-10-10,-0.15365027743820628,-1.3133411444268193,0.050086494054546425
2018-10-11,-1.4630654348588343,-1.2147351784279365,0.5356806841959757
2018-10-12,-0.29728491255717715,-1.0339932396948504,-0.5452862712788369
2018-10-13,-0.2758427202773772,-1.0971276857909673,-0.48614655206031476
2018-10-14,-0.3121690882779484,-1.0996328383127394,-0.4785396753716102
2018-10-15,0.9743082296810582,-0.7682830661495512,-1.1919059640402399
2018-10-16,-0.03279150134908326,-0.9406085432691553,-0.13501875456525994
2018-10-17,-0.19106390550519606,-1.0650745057667668,0.02044558984754867
2018-10-18,-0.36167688855408614,-1.0705047420871576,-0.043528440341894195
2018-10-19,-0.22485786907273475,-1.038536051391308,-0.27168454119271035
2018-10-20,-0.06108816348608445,-1.0487048440820448,-0.3425893449473663
2018-10-21,-0.17428820964636066,-1.156412821354532,-0.2700356637273675
2018-10-22,-0.17162498256659386,-1.1478904141183084,-0.34338505911094097
2018-10-23,-0.22653547287826156,-1.1564967029800948,-0.2920904425671208
2018-10-24,-0.059514085334025565,-1.1650014202690842,-0.33537990801491985
2018-10-25,0.0774271372623632,-1.2452605041265294,0.052546521641935684
2018-10-26,0.11889668678747735,-1.2394920412167174,-0.024331134744792135
2018-10-27,0.14113311556417737,-1.310329611966669,-0.061374578111151795
2018-10-28,0.1432263663207959,-1.3114881535546554,-0.06195982396480404
2018-10-29,-0.7686038594179702,-1.329202486640226,0.08092510132704779
2018-10-30,-0.2571399051474677,-1.2478760437867105,-0.42491805501399016
2018-10-31,-0.29119093465959717,-1.2608853237634958,-0.3367183203827482
2018-11-01,0.07196944030507568,-1.2157594531990474,-0.48840359226400065
2018-11-02,-0.07651591358222694,-1.2488408042790453,-0.304499166493873
2018-11-03,-0.24423986701607495,-1.2795944513742383,-0.22259717262249343
2018-11-04,-0.085720958274401,-1.262647031004034,-0.3447347230912339
2018-11-05,0.041985209808562,-1.244842689865797,-0.40704118911383674
2018-11-06,0.07766285791875448,-1.244758451875756,-0.35454399299216927
2018-11-07,0.2089014945430945,-1.2264815426082214,-0.40326865130525413
2018-11-08,-0.3156841100494735,-1.2906095724868045,0.024892601817622716
2018-11-09,-0.34713844843572017,-1.280298818680508,-0.054613399240820565
2018-11-10,-0.015392689832738029,-1.4876486910143176,-0.36962888654108506
2018-11-11,-0.09042374767575216,-1.4997097660250598,-0.3014574077101317
2018-11-12,-0.13429933599144553,-1.5226158337669833,-0.06655927777476861
2018-11-13,-0.05246200072977388,-1.5060562201741279,-0.17087091106304128
2018-11-14,-2.6402571057640336,-1.2278820445975607,1.4058147086314385
2018-11-15,-1.0213897755039043,-0.9285459025643887,-0.4505326797287585
2018-11-16,-1.029310166559834,-0.9107302356929478,-0.5808776175230601
2018-11-17,-0.8350913588229495,-0.8813094020616073,-0.7700569906086915
2018-11-18,-0.44236904337010224,-0.8074904199590669,-1.0645916742256596
2018-11-19,-4.265282859890621,-0.41558676690473034,1.4613371266650532
2018-11-20,-3.6441905476214993,0.008075519556151583,0.10324096851788274
2018-11-21,-1.01285136742721,0.4949209782858297,-2.341812567964903
2018-11-22,-2.9788738121720693,0.26450393386205534,-0.6867012926312762
2018-11-23,-1.9554135654621183,0.4201027396338932,-1.6597433913167472
2018-11-24,-4.569831596129712,0.39183735031489697,0.14771937159326434
2018-11-25,-1.4757310231243062,0.9479102840112574,-2.712272787197311
2018-11-26,-3.5859415123723606,0.6895993764479457,-0.9578541155347279
2018-11-27,-2.086925134463111,0.9410172792012924,-2.36656049742962
2018-11-28,0.8487782222896959,1.7569453542219484,-3.735829472311181
2018-11-29,-1.3903644071847092,1.3756612731762337,-1.3378106241718195
2018-11-30,-3.0019411330014463,1.2193106678693566,-0.13028089067456203
2018-12-01,-0.45390484649816276,1.6837642414997738,-2.247678554479509
2018-12-02,-1.9989338054701409,1.4529181766038575,-0.9545398955716005
2018-12-03,-2.5440184559297783,1.341159002643252,0.27343071720963
2018-12-04,-0.45456184401107835,1.5937741350242063,-0.8396161219852992
2018-12-05,-2.2855753887956167,1.4027017968540996,0.19472295845249368
2018-12-06,-2.566349370128641,1.4049707161938632,0.3769254661990235
2018-12-07,-1.9640787177791652,1.5054641610424395,-0.43733498519329267
2018-12-08,-0.414132394822363,1.661286638163809,-0.8012233892390993
2018-12-09,0.1072853302053249,1.8264528911178015,-1.2549736190855536
2018-12-10,-1.2554807454429564,1.564848803794704,0.37663192958787267
2018-12-11,-1.2379670448506583,1.594913856474325,0.029134675283607768
2018-12-12,-0.7975128392587254,1.7912223390481796,-1.2419170319904993
2018-12-13,-2.4843697440256625,1.5844241763178062,-0.0434658280256389
2018-12-14,-1.6985018951938229,1.5112292119397726,-0.48196162683653726
2018-12-15,-1.4918498225518062,1.5984285105242055,-1.1100887429999742
2018-12-16,-1.252999628748852,1.628485568161008,-1.1553986136026617
2018-12-17,1.219516735022777,2.1641796814907566,-2.252518163562114
2018-12-18,0.3288855708155916,2.0497495538542876,-1.1087249402675612
2018-12-19,0.08098359678298374,1.553827847537546,-0.19524890283448645
2018-12-20,2.949021186501035,1.9436975607597007,-1.138621172448642
2018-12-21,-0.6716458242999743,1.4362702764721262,2.091704691151242
2018-12-22,1.2796192941456022,1.704663733416609,0.31420964551193575
2018-12-23,0.2948163531936252,1.601343882278703,0.7725686786999407
2018-12-24,1.12927586811124,1.364523207595557,0.5504263138994016
2018-12-25,-0.9436693685713857,1.1762098668867123,2.0760752634671262
2018-12-26,0.6231107003644137,1.3512351717448292,0.42565386190540316
2018-12-27,-0.7479051325917576,1.2064193953801159,1.7595107274820097
2018-12-28,2.527243195447235,1.3953367397682441,-0.35560308152627174
2018-12-29,0.2376995421364496,1.0718185429415967,1.602032915287773
2018-12-30,1.1018078547350028,1.1041862528369732,0.8244001643389718
2018-12-31,-0.5483613714935309,0.9433931423686056,1.0283795208758537
2019-01-01,0.6169450573747283,1.1713434064540202,-0.29902696247318067
2019-01-02,0.670831264051035,1.078429552985788,-0.21927414340654217
2019-01-03,-1.1344820730141296,0.9485961076912657,0.23208782393969948
2019-01-04,-0.10200072224930154,0.9593903569823654,-0.13061215033250076
2019-01-05,-0.45454642726170846,0.8063772836352895,-0.13433731011208974
2019-01-06,1.2250374282571246,1.068280213125809,-1.1384732457298052
2019-01-07,-0.49982750947440746,0.8329672609316844,0.2279737824185104
2019-01-08,0.17692775574365874,0.822081796971599,0.30275615156544805
2019-01-09,0.1171581986096787,0.7830517293163773,0.2486837904612061
2019-01-10,-2.012281960903847,0.7318818491860601,1.9555841452670168
2019-01-11,-0.44756982538852486,1.0611500913184488,-0.3242834386398489
2019-01-12,-0.541175527279118,0.9392647485902947,-0.034739595829470664
2019-01-13,-1.2342528318561132,0.8879867529190013,0.23151056044856705
2019-01-14,0.6952504063727892,1.1629478812443315,-0.9180777923028179
2019-01-15,-0.9020584214875272,0.9759129286120436,0.1807894004191383
2019-01-16,-0.41065779367849015,0.8383447035372973,-0.5138301806173902
2019-01-17,-0.24013563713645783,0.7726786186237169,-0.3422531247491677
2019-01-18,-0.5542010507251032,0.72930136584919,-0.14420092781531485
2019-01-19,0.11338411662722091,0.43328977559215737,-0.5986162413144093
2019-01-20,-1.4895827100983847,0.19590400138783992,0.06023260114835096
2019-01-21,-0.8798268820848002,0.24757283749596,-0.4943748662848349
2019-01-22,-0.5310604166364264,0.30252309658956333,-0.7781095089745051
2019-01-23,-0.8459771413498747,0.23651901131212338,-0.528581998479587
2019-01-24,-0.1395588318804805,0.08708781011786368,-0.2653944732520804
2019-01-25,-0.2528586918930782,0.06487991570836771,-0.1804169475778838
2019-01-26,-0.18261603798992052,-0.04937485957460433,-0.1740678929498093
2019-01-27,-0.15911748510696777,-0.3427765774483746,0.05487929100747894
2019-01-28,-1.116434914686476,-0.3987297631458698,0.22797358816381555
2019-01-29,-0.5070179876271048,-0.3258571823984704,-0.23575899492632035
2019-01-30,-0.11139679617445047,-0.29969654010357233,-0.5873028817762991
2019-01-31,-0.5920440110931482,-0.40569010435417635,-0.2606820558964177
2019-02-01,-0.15777920306411083,-0.3891465388496608,-0.5486373357746146
2019-02-02,-0.19008323604603528,-0.40555331222293145,-0.6171600375932129
2019-02-03,-0.6413890950044261,-0.49476719100895206,0.022488380089178833
2019-02-04,-0.2975768986602333,-0.4447352651139487,-0.26183559714746263
2019-02-05,-0.2416903761890694,-0.6653816533174618,-0.39221617207877885
2019-02-06,-0.6600482071445243,-0.7197813454692524,-0.07767562163247942
2019-02-07,-0.47041606873991426,-0.6816960422492078,-0.3543899513593473
2019-02-08,1.6753692851386797,-0.04129720293923533,-1.663581035887705
2019-02-09,0.053561948280938375,-0.7316940712115253,-0.06872310066401106
2019-02-10,0.1950718598136082,-0.7198957575762703,-0.09553548672874801
2019-02-11,-0.038438856230965046,-0.7790384818071778,0.37088008917841786
2019-02-12,0.2799804608325018,-0.7954014232895623,0.1400442387364414
2019-02-13,0.03563364206506523,-0.9358397851784578,0.18488810155397556
2019-02-14,0.0956297480083172,-0.9587475445258306,0.16849451801604587
2019-02-15,0.1649197363730227,-0.9411169665509498,0.013880275703699624
2019-02-16,0.15555533741332467,-0.9366839816404174,-0.0548356947257313
2019-02-17,0.5215307302947833,-0.9040798152539641,-0.09805507893668984
2019-02-18,2.037551288802164,-0.48617978668823336,-0.8213125745454958
2019-02-19,0.8484595070009258,-0.7718598733629536,0.4298122550751297
2019-02-20,1.1410868724529017,-0.7645389456561306,0.49462154506928163
2019-02-21,0.5670794540428781,-0.8349787107616021,0.9747798903454946
2019-02-22,0.7027214963310389,-0.7274803581884792,0.07569191979679268
2019-02-23,1.3459593857058154,-0.6096013083975025,-0.1726629671065805
2019-02-24,-1.62654529107614,-0.5931468963517389,1.7740940053773122
2019-02-25,0.6526803195270414,-0.24463667999345567,-0.15232147757495634
2019-02-26,0.043855303216841626,-0.3312555317475989,0.35401423951250477
2019-02-27,0.21289740091902792,-0.37107325047142714,0.23968731073236912
2019-02-28,0.28183294400852865,-0.3714493257179455,0.2300119788098975
2019-03-01,0.28869662317066724,-0.3728057135050115,0.22486758899346507
2019-03-02,0.28214197144342995,-0.3794370695759304,0.21689045846710978
2019-03-03,0.0658375865956428,-0.39160905301376714,0.2438479679469742
2019-03-04,-0.7836550784052929,-0.39607766955219875,0.1567338576315042
2019-03-05,0.593985465535282,-0.16862680932689558,-0.9262529023856388
2019-03-06,-0.18721945667311551,-0.28452577304564747,-0.26881955488022247
2019-03-07,-0.1159125450237132,-0.2886268327776424,-0.19740609764580627
2019-03-08,-0.2952691713330601,-0.31671376921997396,-0.1848396725714437
2019-03-09,0.0066636899637182575,-0.24517065564920146,-0.6709697671642563
2019-03-10,0.05619060232835068,-0.6332560590265174,0.1295207281155425
2019-03-11,-0.30062891670217745,-0.6423190095315626,0.14802392356386573
2019-03-12,0.016010400392428077,-0.6009882010230689,-0.07632390318151325
2019-03-13,-0.01680981545787582,-0.6171313820286054,-0.04168471781346197
2019-03-14,0.11204944262868803,-0.6002140747500632,-0.1311194319522094
2019-03-15,0.25858933829322056,-0.5881690876280425,-0.18854619518206772
2019-03-16,0.6474755842964173,-0.5334508098253209,-0.3431762233366752
2019-03-17,0.04459664454845917,-0.6253823269770661,0.24193931735501664
2019-03-18,0.34613484305085485,-0.6067639387570266,0.21981402222523555
2019-03-19,0.36447383737209904,-0.5733197052487576,-0.0918477840902596
2019-03-20,0.27038694131364693,-0.8419524106370444,0.01053596669515778
2019-03-21,-0.209528360474001,-0.8871419847443447,0.30668003370699365
2019-03-22,0.07269072808595785,-0.8532411858049962,0.03984253893484433
2019-03-23,0.09260593409244618,-0.8437005752195359,-0.12294886930741764
2019-03-24,-0.04392237985961121,-0.8749508977145103,0.007675340950466587
2019-03-25,-0.2972535627824413,-0.9830911969746886,0.22288836866679348
2019-03-26,0.18861232241893933,-1.4829636334228347,-0.24399864232057067
2019-03-27,0.7581473623982571,-1.390087420201628,-0.5203497213124257
2019-03-28,0.0703314956997563,-1.4966413482124268,0.06376560640079335
2019-03-29,0.30483853056649707,-1.4535125376873155,-0.19303107168172118
2019-03-30,0.08425242487485325,-1.4653300554683255,-0.1936784186688017
2019-03-31,0.06514044279597338,-1.4745838753865683,-0.11406493963672969
2019-04-01,0.4054101306758847,-1.419885812664875,-0.3306027860288655
2019-04-02,4.643277432377738,0.7484484396509107,-2.6441985458209007
2019-04-03,1.4575291361693616,0.16935823624375929,0.7191323215921699
2019-04-04,0.8651734066434174,0.05191104360276711,1.3629006895698124
2019-04-05,1.7339329828472394,0.1650184625203087,0.821681336072536
2019-04-06,1.3508329247615156,0.09858534315206686,1.2251153164722108
2019-04-07,2.0479973259029594,0.17314370144157626,0.9508758507040561
2019-04-08,2.064017463760773,0.12600902608742143,1.3906379749496158
2019-04-09,1.1947579573241365,0.038817701904107216,1.9476877183010732
2019-04-10,2.007062053120641,0.16255568723748182,1.1024424435807882
2019-04-11,0.15704603920397947,0.06429733133068584,2.3236917435409405
2019-04-12,1.2861412578548317,0.24934086280578427,1.169698385097253
2019-04-13,1.2060251206299273,0.2387301122835765,1.2410084514001762
2019-04-14,1.5694193925813913,0.2778047807404291,1.0705206854335014
2019-04-15,0.6393418617780848,0.19755468498428233,1.5639197052095488
2019-04-16,0.9694393249553849,0.4412733109534076,-0.3368028521818017
2019-04-17,0.2378456030510374,0.3409690071028534,0.20995560383589662
2019-04-18,0.46901578218965023,0.3545916148599605,0.19804982286041592
2019-04-19,0.17647873049837792,0.3361415002944539,0.23821312347974186
2019-04-20,0.3028698119044594,0.33306413582206207,0.13189249087796587
2019-04-21,-0.10440886923770264,0.3086137220029057,0.18425730384137842
2019-04-22,0.31990844859070444,0.3792655214469394,-0.254577495088971
2019-04-23,0.9318278875711028,0.4290350591988879,-0.32470838174946387
2019-04-24,-0.4003299608003091,0.2740279819849194,0.5242619186077274
2019-04-25,-0.9728407524867202,0.298159556623515,1.1278598099959605
2019-04-26,0.3443632165004631,0.4944978093112832,-0.09240899428212793
2019-04-27,-0.0005738363958835247,0.4402507217149012,0.21189552537937917
2019-04-28,0.05243264891589597,0.4632474263265998,0.0407788983655665
2019-04-29,-0.09835599046745738,0.4309363073134706,0.3300496053330703
2019-04-30,0.3990227214402671,0.529427869189481,-0.3115246131872996
2019-05-01,0.2230167197848225,0.49215002147441594,-0.06393502384594348
2019-05-02,0.545811305793525,-0.7845767312674493,-0.34942328880827705
2019-05-03,1.4155131850176057,-0.5924198871880199,-0.6849727750901087
2019-05-04,0.6582582099591089,-0.7358643200741487,0.12019828384624348
2019-05-05,0.28756238016311747,-0.8060470792604394,0.46829031206732974
2019-05-06,0.09480723247708873,-0.7951555381805894,0.37801603015202745
2019-05-07,0.48305385085085784,-0.7379762130424022,-0.20657848220727443
2019-05-08,0.9974086641088671,-0.6919819996339679,-0.19304397686923686
2019-05-09,1.6110166557186556,-0.681886765647507,0.17214694966266544
2019-05-10,1.756602282839434,-0.6579627343919056,0.27988019256956964
2019-05-11,4.639531496770224,0.2126678351515202,-0.8357382441180792
2019-05-12,0.9331071343994773,-0.2506635693098201,2.336575026450775
2019-05-13,5.086929599015969,0.6926666457245882,0.06505458305844987
2019-05-14,3.0311698285051545,0.35272105151956784,2.1629365729791643
2019-05-15,3.239239670847074,0.3140133765168722,2.219327549515888
2019-05-16,1.374209638810886,0.21158969736273991,3.1478120962532974
2019-05-17,-0.13002218112324299,0.38739296834615466,2.9407399253581166
2019-05-18,0.9758781956474292,0.6152138986416505,1.558068066695292
2019-05-19,4.783333121921336,1.4430839527854842,-0.4001106516942098
2019-05-20,1.3598674176951522,0.9635160410222857,2.728097369311415
2019-05-21,1.76847645403008,1.0544941277397402,2.080871098762935
2019-05-22,0.6019450290030061,1.0326605632642585,2.35777506528764
2019-05-23,1.8781887999554523,1.2447810807806727,1.0088224864534419
2019-05-24,1.4737244707439896,1.1771904526302877,1.1468113814265417
2019-05-25,0.6388150547752753,1.092330961519626,0.5194642194653747
2019-05-26,2.783755637954275,1.3998285834179705,-0.2460214604485624
2019-05-27,0.8347514655392914,1.2097107101169644,0.4284782075392168
2019-05-28,0.10613117130257256,1.1497345377336567,0.7655963204635365
2019-05-29,-0.02600943426522241,1.1702120645991112,0.5150579771522003
2019-05-30,-0.7197515491080577,1.147230996364874,1.208005599464712
2019-05-31,1.3769751853252266,1.360338011086167,0.33539960544781927
2019-06-01,0.7540443310481691,1.2545253949170416,1.0663639444672246
2019-06-02,0.622394002510064,1.3375240993057613,-0.005713726915177089
2019-06-03,-1.3330810620997047,1.2188011852329514,1.543725959073038
2019-06-04,-1.670677669806081,1.3704469002046584,1.2288190611798728
2019-06-05,0.22563558147131085,1.610115004713191,-0.1101097816842674
2019-06-06,-0.244865663757581,1.568006113340762,0.07378943894291443
2019-06-07,0.44404637104069766,1.6650080275202872,-0.4533944959538269
2019-06-08,-0.5015652314847007,1.5332336007146006,0.27938798356853034
2019-06-09,-1.5268281636774117,1.5176470166008187,0.20731421751470533
2019-06-10,0.18874642876809625,1.3841371082656617,-1.283856584786856
2019-06-11,-0.8629471123057035,1.17664554658193,-0.2324174764072334
2019-06-12,0.10795909333389625,0.8883961266334315,-0.8818708851174435
2019-06-13,0.0094560779281922,0.8016716595864766,-0.2590673882003501
2019-06-14,1.112644095203867,1.029485371647094,-1.0875483860197326
2019-06-15,0.37125240463789433,0.8321844181152881,-0.15710384227437676
2019-06-16,0.3853457292038977,0.6534475527159287,-0.217053922943925
2019-06-17,1.3576142574954466,0.7006587447131167,-0.03285521247826891
2019-06-18,0.30255108001589115,-0.042256024093576434,1.4503438728261757
2019-06-19,1.3354743306943029,0.08788876110562638,0.495714200385948
2019-06-20,1.6449072845671862,0.11599656595388944,0.5423796150334492
2019-06-21,2.6726267213442303,0.2867764642664627,-0.01158348698299824
2019-06-22,2.9158059821659967,0.29645059364980275,0.6604226789006845
2019-06-23,2.4141143199078052,0.1348076952561624,1.878280160273251
2019-06-24,2.22048177278205,0.14600376124011336,1.6862008920033364
2019-06-25,4.025155107632818,0.27638942428568947,1.086167038140528
2019-06-26,5.311958082419764,0.6765237111605746,1.017888480277216
2019-06-27,-1.2303464332710985,0.6263620595669859,4.988903454410413
2019-06-28,4.452136658052519,1.734441227303568,0.08744701435383381
2019-06-29,0.9543747666965992,1.2419396515437164,2.7692764846543936
2019-06-30,-1.1403465794311733,1.3676024720855073,3.246269617475035
2019-07-01,0.06547708675556908,1.6662855275540163,1.3222066646716304
2019-07-02,1.2570989230744256,1.7965747806028571,0.7179785038600376
2019-07-03,3.640690750544371,2.1652518517354613,-0.5643548441316568
2019-07-04,-0.5797371458548832,1.6142776429324364,2.42081727390172
2019-07-05,-0.21978602268695957,1.8162134727829116,1.0385126884478546
2019-07-06,0.48654274417142734,1.9706135086691448,-0.04084483931173874
2019-07-07,0.5413904118022712,1.9668108202923829,-0.014761143466749269
2019-07-08,1.9596901624217886,2.1915877485207114,-0.7649352380131056
2019-07-09,0.6422852422242058,1.9743819139713612,0.009714761082319518
2019-07-10,-1.2826838224006798,1.8648641528803855,0.49848083510875785
2019-07-11,-1.5365200476795475,1.8646920300622913,1.6420413846236008
2019-07-12,0.37122184129236363,2.264796300314855,-0.9404957875084746
2019-07-13,-1.2491248551104637,2.0550813521343994,0.6782475471996969
2019-07-14,-2.643926408016015,2.054340122854221,2.031203665940436
2019-07-15,1.2405162591651415,2.654998480029108,-0.9533404915552973
2019-07-16,-3.6966364041496034,2.414772463439283,2.341460690838718
2019-07-17,-0.8071955650130938,2.954107817133316,-1.2586085556948103
2019-07-18,1.5961117601134196,3.3373715771880312,-2.1234284199754128
2019-07-19,-0.7645372945662836,2.9451198510009355,0.3146196472773246
2019-07-20,-0.008627597813965599,3.0636476250249918,-0.422857842108166
2019-07-21,-1.004580431871496,2.8809864765563082,0.18703904279376338
2019-07-22,-1.6384646734472572,2.8370259439436927,-0.0885934497085808
2019-07-23,-2.331389856304612,2.821444336004822,0.01510155827752845
2019-07-24,-1.5055195613696954,2.9294155123520538,-0.5942163457666277
2019-07-25,-0.7373954626280166,2.872215335769336,-0.6577246914875631
2019-07-26,-1.2323248677172445,2.588878664798749,-0.5819122587335915
2019-07-27,-1.9877617187269563,2.0916784862631626,0.11151946824784659
2019-07-28,-0.417038181845861,1.9198934722628764,-0.3954545415204798
2019-07-29,-0.9727856378529646,1.8770049243178113,-0.46673740132158065
2019-07-30,0.06957279083136354,1.6742802940908152,-0.004777283783010414
2019-07-31,1.0728920634367924,1.8635555006029236,-0.7115959730483719
2019-08-01,0.32089086911168846,1.8328215337045508,-0.6687395988964779
2019-08-02,0.046531426309328355,1.4497356714562628,-0.15630166694236133
2019-08-03,0.4559976323355494,1.4321558186641252,-0.5006966031807818
2019-08-04,0.2967991257900943,1.3619051217663336,-0.019466384573972637
2019-08-05,2.1943143965770195,1.6871589797561108,-0.7513219827855606
2019-08-06,0.08105847691567289,1.3336697172847196,1.546364285026798
2019-08-07,1.8489715911923366,1.454045686691094,0.4045822242858155
2019-08-08,0.9807520378594698,1.3083526786439341,1.1620453345620778
2019-08-09,0.7255369732788176,1.2444228144129612,1.3561001185682569
2019-08-10,-0.02039736098515787,1.056087248645117,2.052310066625541
2019-08-11,1.256797201677781,1.2158409599520459,0.8686195564132203
2019-08-12,0.6236723289572267,1.0909319532588608,1.3831002001281185
2019-08-13,-0.34678007804901473,0.7531561426788485,1.6688308812477106
2019-08-14,-1.8342581466004704,0.7455564001106239,1.669330197498892
2019-08-15,0.3646856068956754,0.5580305171766551,-0.6064521271642352
2019-08-16,-0.08307120191711474,0.4771081723776516,-0.21773022447429005
2019-08-17,-0.7063180627853659,0.04240760260651692,-0.060321048254558286
2019-08-18,-0.18985772061141012,0.12923046250530146,-0.6002965615887652
2019-08-19,0.6397872328374196,0.3916527689486671,-1.619130718451377
2019-08-20,-0.7592381114322543,0.14492445685397545,-0.08564872441610329
2019-08-21,-2.184267437332935,0.131079133689354,0.38087098195227836
2019-08-22,-0.9722185468054007,0.257537052621953,-0.8548779444341197
2019-08-23,-0.21069565708319588,0.3665303499858972,-1.2799052799359818
2019-08-24,-1.2052276692846982,0.20655602657457728,-0.0998837751329168
2019-08-25,-0.8247964145589484,0.28608219073715896,-0.6408292795442412
2019-08-26,-0.11991754565543498,0.3090251466973003,-1.007625411583976
2019-08-27,-0.8596422399561461,0.17637514870427934,-0.014529982192648927
2019-08-28,-1.1905836859329462,0.1562869981267317,0.7038363668854618
2019-08-29,-1.0852649237265244,0.2544569537869908,0.08062774872494988
2019-08-30,-0.3352747561660145,0.27805345889370287,-0.6401059454091751
2019-08-31,-0.3706366447591553,0.21070682577575786,-0.4338552339327762
2019-09-01,-0.15114786584673118,0.2464499484220889,-0.6313919641449838
2019-09-02,0.8702346246429914,0.5236445492234792,-1.5909806227797958
2019-09-03,0.3672046369321888,0.4155685242341681,-0.6661378953550967
2019-09-04,0.06769781746891301,0.05055754484623232,0.2439851230214769
2019-09-05,0.08296544794255116,0.027584974578142456,0.21482583916234926
2019-09-06,-0.5886630520956978,-0.09302653257400043,0.34895897513122603
2019-09-07,0.4134364149146974,0.03838568632904255,-0.21119634795951625
2019-09-08,-0.10574712368121802,-0.04075050360640693,0.24827454865219992
2019-09-09,-0.34575254385240317,-0.10817407574496118,0.12352384657573542
2019-09-10,-0.5981416131833865,-0.14600723003894353,0.33833042001603847
2019-09-11,0.2564119409199784,-0.06547559469792433,0.030729245144406787
2019-09-12,0.8894591381130942,-0.06998560251690923,-0.04967375302427762
2019-09-13,0.23709787268171187,-0.4549624108111956,0.4184937216910215
2019-09-14,0.313862285650912,-0.47105489028596276,0.29804973572704724
2019-09-15,0.21600811458427302,-0.47067947776692687,0.23242346552886478
2019-09-16,-0.27258019670427414,-0.47804141971223707,-0.007221508527610987
2019-09-17,-0.35850951149201465,-0.462873487480109,-0.2375039935618209
2019-09-18,-0.37257306457611206,-0.6430121915016355,-0.24915606358448694
2019-09-19,-0.09648491459701278,-0.6125470095329492,-0.43602310598534183
2019-09-20,-0.3346698421561586,-0.8751475958936564,-0.07438620663848147
2019-09-21,-0.6648544723248314,-0.8750446964984575,-0.07647255894126954
2019-09-22,-0.1524245233873315,-0.856562190353498,-0.46222948827962507
2019-09-23,-1.107518934222649,-0.9467533040880567,0.241451488740418
2019-09-24,-3.3309754426091076,-0.5183207022542231,1.53075813768979
2019-09-25,-1.3345103757322454,-0.20367152488164675,-0.656480122963553
2019-09-26,-2.2226908160891936,-0.22666259014751064,-0.3511918510763979
2019-09-27,-0.8605533611347022,-0.06141542496135609,-1.5304191000142664
2019-09-28,-1.2249891136933688,-0.13947566618083798,-1.172871155486334
2019-09-29,-1.64512041401131,-0.1948518683553566,-0.8941007243591798
2019-09-30,-0.6541950043302468,-0.026399578379168467,-1.6207908191281624
2019-10-01,-0.9834219728179139,-0.09923482612259404,-1.2113511306606652
2019-10-02,-0.9270600016887898,-0.31044362800890213,-1.189783336161163
2019-10-03,-1.4879456022099982,-0.43803434130950547,-0.833751269871829
2019-10-04,-1.2823580537234491,-0.40747337222711855,-1.023458117850401
2019-10-05,-1.242990550939699,-0.41223932963081206,-0.9808033287008173
2019-10-06,-1.6381886597192432,-0.45386294373409924,-0.806834720947865
2019-10-07,-0.2351206071676182,-0.23322084127568005,-1.6142340953654846
2019-10-08,-0.3835301242670008,-0.3841800788387012,-0.3106657857144483
2019-10-09,0.917321544933386,-0.10814310313959229,-0.9688102761958134
2019-10-10,0.18936759360726418,-0.2923280050080004,0.2384433181148333
2019-10-11,-0.7110201694093846,-0.35663841062749263,0.6058351806546993
2019-10-12,-0.0017752312555141454,-0.28286033737386657,-0.07517055919865454
2019-10-13,0.006164827287431181,-0.29939992413065075,0.0871583217483653
2019-10-14,0.09043692796028396,-0.25861715305877064,-0.1799854371342115
2019-10-15,-0.6196221730581118,-0.3364786918839438,0.24351208974826208
2019-10-16,-0.732734804998302,-0.3187105697806719,0.09049058682211891
2019-10-17,-0.05431712707815055,-0.2247297321984343,-0.34377634863479595
2019-10-18,-0.5978476381190658,-0.2993316781931386,0.09521099088607239
2019-10-19,-0.16816303420285764,-0.24473510225000325,-0.24241341893999174
2019-10-20,0.6764064017183893,-0.1007895618703265,-0.5473636442424821
2019-10-21,-0.04936220170513037,-0.18463730398077033,-0.1436395760816727
2019-10-22,-0.6304915996388265,-0.25567291862005137,0.2398556574151324
2019-10-23,-2.277741627202937,-0.2495484213654043,0.7276446746183729
2019-10-24,-0.8310257934798286,-0.6043827546275582,-0.7629811250520919
2019-10-25,3.394182936360445,1.0018320032053574,-3.090257415052806
2019-10-26,1.8825281087575632,0.7440472160692636,-0.8447889338536089
2019-10-27,1.3633366973945584,0.6357479953617955,0.09370161043074772
2019-10-28,-0.23410629564074495,0.46984304270388233,1.2258094446281707
2019-10-29,1.0558307161438956,0.6174056126946371,0.4131583302496526
2019-10-30,0.13271978645211993,0.4888557964776531,1.2784549019079736
2019-10-31,0.5719443748381734,0.5718487431180839,0.7471983771582499
2019-11-01,0.8711295857541653,0.589383134753874,0.7336240873639666
2019-11-02,0.9068152989159288,0.5743060528363039,0.759165978196804
2019-11-03,0.3180099982011138,0.5334105843391612,0.8701326347695318
2019-11-04,1.0305499305516994,0.6300029620625015,0.36133809196425626
2019-11-05,0.54471975192575,0.5156627281669416,1.0028310879685856
2019-11-06,1.22980511027378,0.4959063074892161,1.282197941439853
2019-11-07,0.9272421343737856,0.463144128694494,1.487272068055358
2019-11-08,-1.1183052005454102,0.43024621011278213,1.1492223991080535
2019-11-09,-0.37884453875913143,0.6269386158359096,-0.2703312869353791
2019-11-10,0.156216411434901,0.7036221738802139,-0.8609615643225499
2019-11-11,-1.1395222186633431,0.5384956222867663,0.41088852561218203
2019-11-12,-0.3597732151335848,0.6793335946033756,-0.4848310635680925
2019-11-13,-0.4002397283114085,0.6464962145475442,-0.20982545252015372
2019-11-14,-0.6792470998692061,0.601861320584302,-0.04342029869988678
2019-11-15,-1.1263449290747447,0.5737250172002308,0.08233651859145738
2019-11-16,-0.45110876324254695,0.6841623687553124,-0.589256490599415
2019-11-17,-0.4658392231542943,0.6551283703115923,-0.4477001350507968
2019-11-18,-1.4514991588109996,0.5887134740152642,0.038635340735084324
2019-11-19,-1.0721970753667152,0.6357618917308027,-0.38776856657586833
2019-11-20,-1.3856572812981507,0.6259615084187523,-0.29971244619544113
2019-11-21,-2.122359615055145,0.607952816737828,0.08248238132269523
2019-11-22,-2.040091330262607,0.5214217145813914,0.0385084778732412
2019-11-23,-0.7242237359145705,0.7304353734595843,-1.1557178264388612
2019-11-24,-2.3057447848109747,-0.41476292098447115,-0.29607356075243896
2019-11-25,-0.7843977089199881,-0.4907745205648535,-1.4197233978515431
2019-11-26,-0.8459789006358919,-0.5881559847148876,-1.3326274586646711
2019-11-27,0.05222167463670276,-0.3607335391672521,-1.828088928281973
2019-11-28,-1.0518238568295308,-0.5814072777095189,-0.7101479231248767
2019-11-29,0.2945246950026406,-0.3235742523269333,-1.4296501264799442
2019-11-30,-1.2367432266842229,-0.5215991808761131,-0.2141997801076001
2019-12-01,-1.2270872124977705,-0.4973606811815708,-0.43711578956803643
2019-12-02,-1.0263188522303273,-0.4922105876399931,-0.4682321945840664
2019-12-03,-0.6798976237190236,-0.445784014771993,-0.6957379959383682
2019-12-04,-0.8085013204840232,-0.5211424345304096,-0.44707205035519715
2019-12-05,0.34727278586737603,-0.3502053934107777,-0.8256320827838023
2019-12-06,0.3766481396243884,-0.3991983485378528,-0.20863793386113944
2019-12-07,0.050766405727933867,-0.4343218899400099,-0.023414513068153783
2019-12-08,0.33436810476742956,-0.5557565204399263,0.24807517660725656
2019-12-09,-0.3527487610138711,-0.609957084782646,0.5265662986422832
2019-12-10,-0.39139629799266734,-0.6423628799815551,0.26610768167973686
2019-12-11,-0.484965558013397,-0.6381908060706609,-0.1828977072907147
2019-12-12,-0.16521525871398496,-0.6046373386264008,-0.369170446789707
2019-12-13,-0.3468720849296006,-0.5896997140619976,-0.5536927821465109
2019-12-14,-0.8248804685308476,-0.6638524054156617,-0.028196086396435827
2019-12-15,-0.19723643779600572,-0.6031125734207181,-0.41471204716305915
2019-12-16,-1.0245636833246474,-0.6927227125068427,0.23145944000979146
2019-12-17,-1.4849616971505553,-0.6577714778812268,0.26529355944267896
2019-12-18,1.9449295927316155,0.27755529058877576,-2.0812291464639614
2019-12-19,-0.5063035300371482,-0.08154261002158066,-0.034143864348532046
2019-12-20,-0.2993720727469945,-0.04865628164880911,-0.35457529733731785
2019-12-21,-0.44917558514037037,-0.1630018737176468,-0.26312230673034087
2019-12-22,0.804310668936983,-0.009291033395572303,-1.0645665846127004
2019-12-23,-0.5810289818820303,-0.22330173785886878,0.32438587926422274
2019-12-24,-0.16305091047003267,-0.2799108546855666,0.033914617011902966
2019-12-25,-0.1944152569672481,-0.2922498157047111,0.08532205655617074
2019-12-26,-0.20896051050354,-0.2871487113816883,0.007072319592214579
2019-12-27,0.07029801676159347,-0.3389442673566214,-0.2397574123519617
2019-12-28,0.13359102580044063,-0.36053850335193516,-0.04027800522759445
2019-12-29,0.41820120483487877,-0.4023387749960693,-0.21276861006339998
2019-12-30,-0.17961997201250435,-0.532840589513387,0.534731977354539
2019-12-31,0.07220603062862645,-0.5385580812963242,0.6213031111609454
2020-01-01,-0.12684001976610093,-0.4681845283346689,-0.19403499360859444
2020-01-02,-0.889455691233297,-0.5237340494515648,0.35553976461980547
2020-01-03,1.0903468122845899,-0.12259071005312504,-1.0929665455656832
2020-01-04,0.259044901793564,-0.30642436320789024,-0.12638159662452955
2020-01-05,-0.16698450997166397,-0.3326063874378722,-0.17651225168719528
2020-01-06,1.2295545210917813,-0.07379427071434543,-0.8088428787622918
2020-01-07,1.5945320750822394,0.027474509055838994,-0.5325308927380249
2020-01-08,0.2742134069589882,-0.20355161542932662,0.7344792716851052
2020-01-09,-0.15721476953806565,-0.2292754821824068,0.925435065072431
2020-01-10,1.3175866432860435,0.016117345114712685,-0.19673993710818422
2020-01-11,0.08584568677006685,-0.14117094964469462,0.7938652365605329
2020-01-12,0.8605620139646837,-0.010583614401402886,0.08152331780925644
2020-01-13,0.39681987082490394,-0.12428096803001554,0.6821786949348283
2020-01-14,2.8927666815666844,0.4101822246164189,-0.5947828289815945
2020-01-15,1.0389753186635122,0.05417795604673714,1.2038716720464853
2020-01-16,1.0323692292537443,-0.07418779748314322,1.4821502229234582
2020-01-17,1.5720506728635055,-0.2912342650192884,0.5670233573856347
2020-01-18,1.0567460432650524,-0.37870271734053057,0.9827101067692667
2020-01-19,0.28473347881609995,-0.41153598891151166,1.408539142877794
2020-01-20,0.40106990741883847,-0.3181772079261749,0.6410656224863014
2020-01-21,0.5070767071978046,-0.3230922735455689,0.06666945605431311
2020-01-22,0.15023614187341974,-0.4122481170130808,0.4534164559764998
2020-01-23,-0.4076132326851091,-0.4297866395576047,0.9320666947015459
2020-01-24,0.18552650026901188,-0.30015885564083594,-0.012755395683692676
2020-01-25,-0.07092130986186236,-0.3452327713956468,0.3178025167234146
2020-01-26,0.7499981244482675,-0.1970447250221604,-0.40877453746752557
2020-01-27,1.1821985555708159,-0.13588031860976435,-0.3543324453813789
2020-01-28,1.290873864186502,0.007869818296224622,-0.8233382366996357
2020-01-29,0.11323945956406234,-0.20580834499674305,0.32299643726001886
2020-01-30,0.8230243389819252,-0.14654204515250863,-0.03752834457644209
2020-01-31,-0.20419957906773825,-0.23452346474136845,0.5244675023069452
2020-02-01,0.26735484490383526,-0.23463208274114034,0.08458078771810183
2020-02-02,0.18985268024002397,-0.35237677273589596,0.40522062921990826
2020-02-03,0.18430847238983125,-0.3441828242084012,0.412921293749028
2020-02-04,-0.08699259224942112,-0.3434054903365669,0.42803625104288273
2020-02-05,1.4854997944869144,-0.15993220533655597,-0.5146898116264793
2020-02-06,1.0173995382027374,-0.3939149426694316,0.48529338388451876
2020-02-07,0.918834270739302,-0.4277686356750528,0.6095212760198115
2020-02-08,1.030526938683921,-0.4875774551263143,0.700526435352751
2020-02-09,1.4125345859451062,-0.45057949933564256,0.2955679627933322
2020-02-10,-0.06063202512224884,-0.5767876719221771,1.0022019971999623
2020-02-11,1.1590067700442,-0.32319593896598575,-0.37681453282214694
2020-02-12,0.7414905578534651,-0.4221355164344432,0.22778115703324536
2020-02-13,0.09816720181284795,-0.8176595303374623,0.4801761738387015
2020-02-14,0.687242538977127,-0.7581628458482007,0.20307740695808715
2020-02-15,-0.6653166255016266,-0.8012117171964747,1.0166458974454875
2020-02-16,0.3602231422501086,-0.668473449203287,0.10557114951381669
2020-02-17,-0.3730479289703022,-0.7171973957357375,0.6171292773669679
2020-02-18,1.475265303098682,-0.4381913197669012,-0.5503010760262836
2020-02-19,-1.147942344198059,-0.5846054162905755,0.9622246827832989
2020-02-20,-0.21525349240864375,-0.41469892341108855,-0.12318638341946271
2020-02-21,0.01961580338365956,-0.3833702718505706,-0.3433442771307747
2020-02-22,-0.2508497854672807,-0.4843131945765764,-0.17835616561751955
2020-02-23,0.3820450094824413,-0.3567000096064908,-0.7908931969423605
2020-02-24,-0.7941037309294622,-0.49972177626629277,0.3614563600268317
2020-02-25,-1.234930313733802,-0.4554334660119686,0.11219176061904082
2020-02-26,-2.0775793007465957,-0.41517370536934267,0.29933566599731104
2020-02-27,-0.9393248712374885,-0.36935320377845543,-0.7785741084605433
2020-02-28,-1.2271533130813037,-0.3878431180462538,-0.6970490071774903
2020-02-29,-0.9784302274967552,-0.4080452810602169,-0.6377062963566887
2020-03-01,-0.932245877937748,-0.40140311199661327,-0.7670617602838138
2020-03-02,0.20840835698378238,-0.20521446183213823,-1.3213034038853986
2020-03-03,-1.016114697901546,-0.34475043358111684,-0.6297820515929893
2020-03-04,-0.6686997104786475,-0.33919004796575597,-0.51818167774102
2020-03-05,0.38784724135415083,-0.14339433668920729,-1.177063712402382
2020-03-06,-0.3060861625828872,-0.36924808016532734,-0.5263431108659969
2020-03-07,-1.0120160794028619,-0.44777914440401695,-0.03597085800802533
2020-03-08,-3.018685736731348,-0.3006710398423704,0.8471045536080262
2020-03-09,-1.5664999324449926,-0.06387919315905506,-0.5537326476363796
2020-03-10,-0.9785133583677565,-0.045458330381850764,-0.8650617992396675
2020-03-11,-0.6635186368215478,-0.06698617224852751,-0.6371112973341229
2020-03-12,-10.545006865523709,2.0518855626072465,5.816411209014589
2020-03-13,0.2902245280431155,4.063697010314236,-4.132473062778404
2020-03-14,-3.8372650847164977,3.471176582218231,-0.4193260328256025
2020-03-15,-1.5296347886553003,3.8585335491887744,-2.4436687854744976
2020-03-16,-4.1562228529335155,3.5435096759986777,-0.5225225768167232
2020-03-17,-1.614371770328141,3.978131147852617,-2.7331862259281317
2020-03-18,-2.438164711824441,3.844430361985361,-1.873245781933913
2020-03-19,1.8013680969726191,5.008458143328271,-5.157411468052977
2020-03-20,-2.052875145496124,4.359135522804027,-1.34866739643438
2020-03-21,-2.046396549145425,4.342700728967002,-1.1966851326814554
2020-03-22,-3.0858521527183274,4.169875585378808,0.1082164434777091
2020-03-23,0.753988007043332,4.8803035368812715,-2.7235274594455627
2020-03-24,-0.10379201638288635,4.722302147786693,-1.417768407744602
2020-03-25,-1.3667192419923877,4.51810357319253,-0.23635947142009606
2020-03-26,1.6641615316540233,4.399737276498658,2.216943756203797
2020-03-27,-0.24965068611569752,4.288908275940604,2.0873006450477405
2020-03-28,-0.014228206005817803,4.295128210375438,2.2583444352795237
2020-03-29,-0.9121001477254308,4.299289530351304,2.051394979186275
2020-03-30,2.993681734439098,4.8460776695478,0.15785385556058712
2020-03-31,0.9272161701293911,4.568511050410564,1.6735637453866925
2020-04-01,1.6117600207395828,4.635220496562615,1.3055872738586047
2020-04-02,0.7680737521806736,4.709286385613992,0.3766660180764936
2020-04-03,-0.08200039648856843,4.583762527735715,1.1033992113958082
2020-04-04,0.6618386949953915,4.659992107781543,0.6222055300428527
2020-04-05,0.2970080477127586,4.534162285033513,1.5733513471405298
2020-04-06,1.864115956092839,4.90470460256996,-0.3219662983700081
2020-04-07,-0.281439050688834,4.518445793401049,1.0754112752030922
2020-04-08,0.6394117639033077,4.628350514459883,0.5060583469242644
2020-04-09,0.022044886832327484,4.540340831511872,1.006700193807049
2020-04-10,-1.3008811703907603,4.410170444100063,2.045562348808523
2020-04-11,0.29246500589723373,2.0212536352885793,0.716245176169608
2020-04-12,1.0995155617532566,1.7726820784488078,0.7419670323754227
2020-04-13,-0.23637968084813604,1.5650055089967605,0.849172292867323
2020-04-14,0.1308597226924049,1.6109827612925882,0.46260691652628466
2020-04-15,-0.7880186722612006,1.4007182281458952,0.750481003794917
2020-04-16,1.5798271515396127,1.809267258430886,-1.1463851571658363
2020-04-17,0.032277985420223546,1.551706233293626,0.46228155741629523
2020-04-18,0.6403731378303552,0.7633663852902397,-0.16230833706425915
2020-04-19,-0.033972916848979705,0.657965432172796,0.5291867425036335
2020-04-20,-1.356339867345321,0.6507040811017579,0.6377421421788325
2020-04-21,-0.37792754743577706,0.6645743445609188,-0.2103765306297279
2020-04-22,0.43847993483116937,0.4857899675313825,-0.914012963163849
2020-04-23,0.8963059295654286,0.4855371195844762,-0.8628013265453581
2020-04-24,0.7559725831734333,0.3636575263948081,0.16599623555222473
2020-04-25,0.4833306484159606,0.3146276941865099,0.4784390519662295
2020-04-26,0.7314007083812876,0.29163276582700115,0.20652705535236052
2020-04-27,0.9484182542529203,0.21365531251150782,0.38812389585966167
2020-04-28,0.6784222572212069,0.018713125104447278,0.6710959357276887
2020-04-29,4.336300234986141,0.7183682189483037,-0.964102229148461
2020-04-30,0.69496113063518,0.27646496286810107,1.4913700824639962
2020-05-01,1.722719510289156,0.4031141851535166,0.8201489627700508
2020-05-02,1.455695144782721,0.36049401461392955,0.9693774305149191
2020-05-03,0.9378992270219584,0.2787135509967275,1.4749449932541496
2020-05-04,1.5017545702792028,0.3004476633787349,1.5343839318285837
2020-05-05,1.7550206095739325,0.30939657518204594,1.4265515612830661
2020-05-06,2.1400754876726578,0.2488264967618152,0.9685711196332546
2020-05-07,3.2732138421559775,0.5259318560735622,0.24926058956371364
2020-05-08,1.278436818142057,0.2561305065534905,1.8478507679333418
2020-05-09,0.7754564248930691,0.25618958693546023,1.9605576988767004
2020-05-10,-1.2420400787936234,0.24323106907004455,2.6050036659545324
2020-05-11,0.03840206918605946,0.5178130400545348,0.9348069738980637
2020-05-12,1.0468368200777025,0.6595219189411895,0.19419798419655773
2020-05-13,1.2642644881100984,0.8222005774424432,-0.8241015563215984
2020-05-14,1.5858326307368908,0.8349932594144,-0.3762151634156152
2020-05-15,-0.7562257384124056,0.5777809770932059,1.181045056962507
2020-05-16,0.1984872588265537,0.6213130058832971,0.12577295835453545
2020-05-17,0.9899216328776941,0.707288897605654,-0.1897099387785884
2020-05-18,0.4706654690948818,0.6129176465220182,0.3745411332198922
2020-05-19,0.29583748083069755,0.5868362104314097,0.4325912040355922
2020-05-20,-0.4451088768425796,0.46349486514258753,0.5918500763459599
2020-05-21,-1.608646737022354,0.5208429568937707,0.5166140983654578
2020-05-22,-0.27574929447614266,0.6934665163621097,-0.5917615842078499
2020-05-23,-0.30143488500955734,0.6144217369047521,-0.277411413377357
2020-05-24,-1.0971444234920917,0.5232609778241019,0.994545623887447
2020-05-25,0.32364876977205936,0.719322452848407,-0.07842201711476261
2020-05-26,-0.3037942649357709,0.658949751215442,0.2008385935132608
2020-05-27,0.6279460668462888,0.8618566693453835,-0.8656833475539985
2020-05-28,0.5282660725884887,0.8903146340444765,-0.8917557539742091
2020-05-29,-0.25507048372872254,0.18569852515176444,0.2160968420815497
2020-05-30,0.6492394963622927,0.3141284612842625,-0.4396133389596285
2020-05-31,-0.7697416495370764,0.16457173057732877,0.367222444507824
2020-06-01,1.6959310535637193,0.6771365817420919,-1.352841796582716
2020-06-02,-1.5899473897942842,0.37146941400849515,1.2163454193847805
2020-06-03,0.21380260908832427,0.6288557326715227,-0.2061101528628424
2020-06-04,0.6005206118225188,0.6171405302982866,0.11211945322438889
2020-06-05,-0.15288017213006336,0.5102716682970108,0.5743704629965193
2020-06-06,0.10088876511840086,0.3633872766985545,0.2637717924091818
2020-06-07,0.6945163007570182,0.38634192872032486,0.341421968900306
2020-06-08,0.42060219970691,0.331442571550655,0.4710351494283543
2020-06-09,0.5263663754771853,0.005894629086985089,0.47276971847677485
2020-06-10,0.4536607621102629,0.013110488495014718,0.18032659004995905
2020-06-11,-1.4195764237568396,-0.045026444666047064,1.0110198957187486
2020-06-12,0.27023419158504564,0.10024070053146593,-0.3978247187629201
2020-06-13,-0.24928163912689005,-0.060378483080744165,-0.18527488256800465
2020-06-14,-0.3481155252804865,-0.17084172476860135,0.07454889255725697
2020-06-15,-0.3443946732299082,-0.09437302235755994,-0.605259191451032
2020-06-16,0.09642235258556824,-0.14928945457042123,-0.27620558678332185
2020-06-17,-0.33268674735091797,-0.1967283848184097,-0.055699761380397034
2020-06-18,-0.4735098218869793,-0.1920777034255283,-0.14642105221614396
2020-06-19,-0.5958413089359751,-0.2255097988113879,-0.018773597585435935
2020-06-20,-0.17766206059913855,-0.269924929720728,-0.3788048941416958
2020-06-21,-0.41682275451047457,-0.2973137211277793,-0.28524511229895594
2020-06-22,0.6190065923096288,-0.10550620241835462,-0.9446550626876096
2020-06-23,-0.22959887133970927,-0.35423480658742534,-0.1539770242560081
2020-06-24,-1.1025264992064951,-0.3918379069011666,0.29253218852288826
2020-06-25,-0.24315845613752063,-0.3138599592107262,-0.02025435345649789
2020-06-26,-0.5108671275896334,-0.3912017610806019,-0.05367393830297874
2020-06-27,-0.6103236894349992,-0.46199704337241804,-0.08642040077794633
2020-06-28,-0.0013339676973345507,-0.38144324509435756,-0.482242604236668
2020-06-29,-0.1285980001881148,-0.44312537301505656,-0.3751518041220921
2020-06-30,-0.437684461171668,-0.5056542397710365,-0.2251464554216577
2020-07-01,-0.003307102372983981,-0.8033541791312757,-0.5117848644074662
2020-07-02,-0.46336696623033496,-1.1404507256289245,-0.11317897196853346
2020-07-03,-0.25578980106049587,-1.1353073178352227,-0.2232789175149139
2020-07-04,-0.06375476588390669,-1.1241577861031493,-0.41347084764503167
2020-07-05,-0.32307147692408994,-1.1727165822562091,-0.1912725010511409
2020-07-06,0.49513045275143525,-0.9358270497751041,-1.0391959317727837
2020-07-07,-0.5500256308466865,-1.094285102906594,-0.11627991309196084
2020-07-08,0.4118181282971328,-0.966679602588444,-0.5157268494708023
2020-07-09,-0.39197829941285006,-1.0699181754410845,0.16755607546291998
2020-07-10,0.010372659675251935,-1.0239915952726886,-0.11207814947842566
2020-07-11,-0.018214284859261232,-1.2896759792898742,-0.0018972315552851875
2020-07-12,0.1165383416570798,-1.2864850532325796,-0.21334560380659384
2020-07-13,-0.08982056115326553,-1.308928690668658,-0.10286787450617048
2020-07-14,0.016361601733234987,-1.3058595228794372,-0.14664225756292856
2020-07-15,-0.18177690515996894,-1.3229819204771198,-0.11543747465919138
2020-07-16,-0.1795930685840143,-1.3358539755068926,-0.06608848338518127
2020-07-17,0.03833622459708736,-1.308689592471737,-0.21736709122149311
2020-07-18,-0.010820000764477788,-1.315305431535357,-0.2133958769510616
2020-07-19,0.08545373126730735,-1.3253760042462577,-0.20833773029462552
2020-07-20,-0.21565672984142084,-1.3351630484193042,-0.2851267614254727
2020-07-21,0.5145949611504971,-1.207511485503515,-0.6227169419680325
2020-07-22,0.35693864824210025,-1.341954764044067,-0.504218396116987
2020-07-23,0.26113497494963034,-1.380888026572292,-0.16705419692921408
2020-07-24,0.01873224047693438,-1.5358706717710078,0.014831010214747472
2020-07-25,0.5341245332290966,-1.4579784471170336,-0.2871757565504296
2020-07-26,0.8320609201935631,-1.4002370739845678,-0.36044297923307755
2020-07-27,3.2755344274245166,-0.3079839142893238,-1.4352191481962666
2020-07-28,0.7472726941545547,-0.7019610128203055,0.9912504875486144
2020-07-29,1.4094420347624466,-0.6189117781013704,0.6227812968767982
2020-07-30,1.1145576720276316,-0.6854086727942541,1.0151073432565247
2020-07-31,1.611782672099736,-0.6205045330517786,0.7435644665250815
2020-08-01,2.275564541889869,-0.5346114084910616,0.5877081365960916
2020-08-02,-0.27033826823591683,-0.6117632886555914,2.2656108036393126
2020-08-03,1.506474974629964,-0.34429309493131555,0.755016705989707
2020-08-04,0.8863520786028704,-0.4111170004529916,1.027748585218005
2020-08-05,2.192933541467197,-0.19229225941968456,0.13961187042715714
2020-08-06,1.2059707253330645,-0.3706508478472093,1.0802498296520269
2020-08-07,0.7531803467267862,-0.4089301038308065,1.3917468330757856
2020-08-08,1.3461221310772569,-0.3364652394914316,0.7799303088426008
2020-08-09,0.729768881092952,-0.3865586947018388,1.0065952113364194
2020-08-10,0.7086273492810213,-0.2763949145937102,-0.030922929382792605
2020-08-11,-0.6934814571916466,-0.3541054209346536,0.9918439767803116
2020-08-12,0.4583431851216873,-0.16637450913581822,-0.17600657003153816
2020-08-13,0.5906970778200774,-0.16438818663816565,-0.12504983123833208
2020-08-14,0.0825566766720692,-0.22688701541046363,0.15127013403066147
2020-08-15,0.12129826571265379,-0.19575891151417787,-0.21521269379760355
2020-08-16,0.35773592759112666,-0.23737041839249703,0.271684896168433
2020-08-17,1.0292842452874378,-0.12681087986763645,-0.24769870386832937
2020-08-18,-0.18247202507532428,-0.2576334716204084,0.7498866254917367
2020-08-19,-0.5154831255605299,-0.1974815448307418,0.33689263946067727
2020-08-20,0.15560313858837832,-0.1061191598693508,-0.25161042783203613
2020-08-21,-0.6253538895243327,-0.17978976085004567,0.42947876002191915
2020-08-22,0.021292434582612325,-0.06755156138820896,-0.27214168948003853
2020-08-23,-0.14509692856177883,-0.10396002357140698,-0.050429005235757024
2020-08-24,0.04383305226393806,-0.0661349933178144,-0.32263793084436254
2020-08-25,-0.8711034693680217,-0.16071045909947448,0.6436459015935715
2020-08-26,0.10137217057919572,-0.56697935882941,-0.4051841127894344
2020-08-27,-0.600136270342744,-0.6344007803254907,-0.0384505340703753
2020-08-28,0.2242992791123719,-0.5190466095767096,-0.6443577831569242
2020-08-29,-0.31264799608989385,-0.5925292983170602,-0.22866535352437098
2020-08-30,0.21272520426686226,-0.5271399717468137,-0.5898372664939684
2020-08-31,-0.38793615089381794,-0.672641743149014,-0.3376169220812357
2020-09-01,0.4508042100770015,-0.8007352662810114,-0.6979843105319198
2020-09-02,-1.2219879333471342,-0.902112731010886,0.6776654034350769
2020-09-03,-3.027628448010492,-0.5051308877685398,1.3391056523979215
2020-09-04,-0.05198459524625373,-0.15816873666981984,-1.1498678094320673
2020-09-05,-1.4962175797556418,-0.31293171023669075,-0.10131674135528546
2020-09-06,-0.5139571279298227,-0.1601091471926755,-0.9625129316078146
2020-09-07,-0.5642056516589848,-0.1739530300136216,-0.9197518188098828
2020-09-08,-1.1798433559867736,-0.27050107590533773,-0.19041852332972428
2020-09-09,-0.4574544633212386,-0.16400132067071432,-0.9083497301612579
2020-09-10,-0.3083035909097922,-0.21887901724917688,-0.8043443671005247
2020-09-11,-0.5573008436989224,-0.2573026428142307,-0.7095683672700636
2020-09-12,-0.5148993518418322,-0.27673821934539855,-0.6840157763762057
2020-09-13,-0.9814160461846181,-0.3194418587008967,-0.4998774986725318
2020-09-14,0.17029597482344777,-0.10471487661706562,-1.2874124608549742
2020-09-15,-0.4019433290234047,-0.17543879348789143,-0.8515262903703799
2020-09-16,0.04235276253219751,-0.2105300348890569,-0.652798996508226
2020-09-17,0.22368053128374946,-0.32635938020533556,0.32264015467809204
2020-09-18,0.11688008342786962,-0.32535233293654936,0.1310542334523603
2020-09-19,0.686115284320712,-0.2869595543808543,0.10203422689000702
2020-09-20,-0.049286861306454016,-0.39256550921116773,0.5421761794870489
2020-09-21,-0.9784180394302298,-0.39961187072617643,0.8771114039230365
2020-09-22,0.2711207392528072,-0.2273467591351594,-0.02918786451455591
2020-09-23,-0.6905014751949486,-0.31701838498502155,0.4995192875785461
2020-09-24,1.1672365089280217,0.02656784722140994,-0.9352182025131786
2020-09-25,-0.08779370159448073,-0.17281718609061472,0.20299618556363658
2020-09-26,0.16907951458299936,-0.13778499182991127,-0.03686187855302234
2020-09-27,0.18025563898399954,-0.17288280079907495,0.10403093276104267
2020-09-28,-0.22043241562343935,-0.18852370479936398,0.05984384895278871
2020-09-29,0.18692253023280786,-0.13236875995801417,-0.32754492054059076
2020-09-30,-0.3171947873375573,-0.18826927254518727,-0.06074285464587812
2020-10-01,-0.592298412626691,-0.24735012681236684,0.07376511858742717
2020-10-02,-0.36841742874236244,-0.2995802648403778,-0.19311693401181781
2020-10-03,-0.3866480044769718,-0.8921318929954907,-0.37675616737224926
2020-10-04,0.044547318818832414,-0.8881446414043592,-0.5429117680960918
2020-10-05,0.35776779005717985,-0.9822141791484713,-0.25231264714913676
2020-10-06,-0.40003319961079914,-1.054421747864615,0.22910740404819413
2020-10-07,0.2917256034633071,-0.9855876293152257,-0.08165410648376478
2020-10-08,0.5093621184820118,-0.9303135044939392,-0.5883372267634284
2020-10-09,0.4173228365013612,-0.9657924901851853,-0.2772994196400315
2020-10-10,0.658949503301713,-0.9267732077548492,-0.3441207558017471
2020-10-11,0.4096648740292421,-0.9728658864235074,-0.033751678821892526
2020-10-12,0.6853917905434329,-0.944521556256763,-0.06515998037705771
2020-10-13,-0.010269881694201337,-1.0282769708459267,0.35336540092137214
2020-10-14,0.2724025676954911,-1.0651293540051614,0.13470189596364268
2020-10-15,0.511421935012678,-1.0579966717045381,0.14127898704188657
2020-10-16,0.0034450634130693204,-1.1218802030040986,0.5183895333357392
2020-10-17,0.4247263656595656,-1.0610074542629202,0.16503662636693786
2020-10-18,0.5891910845710767,-1.0268961328501796,-0.0025424829921927134
2020-10-19,0.8956220458075682,-0.9684824140911006,-0.1807544342114475
2020-10-20,0.9270041216572051,-1.0157965843582115,0.17417450139476606
2020-10-21,2.644818621783425,-0.6330656666841253,-0.6796342615667176
2020-10-22,1.1844833353519841,-0.8540448482093096,0.6213243638891695
2020-10-23,0.7929974340137999,-0.9743361319366862,0.800483002362339
2020-10-24,1.1013352793008087,-1.047487569243116,0.3955504550919113
2020-10-25,0.6011198456857771,-1.1113249314199327,0.7238348801035571
2020-10-26,0.7264835678522141,-1.0743111921119868,0.45719911914589734
2020-10-27,1.9353548662593345,-0.8518283701556251,-0.05476240038590443
2020-10-28,0.20931161058104697,-1.0165323420966046,1.3019151966288405
2020-10-29,1.115293708720197,-0.8776808440891799,0.484803799331811
2020-10-30,1.1699292048869911,-0.913617349637725,0.7264247161728984
2020-10-31,1.4592973121985413,-0.9202240718355292,0.6184141525185903
2020-11-01,0.9310239978909732,-0.9878733896747014,0.9599936174219958
2020-11-02,0.4793034115047281,-0.984889707315658,0.9550150139604863
2020-11-03,1.484641251124762,-0.8111704791248695,0.1360242565714666
2020-11-04,0.7650068026356938,-0.8461343145828254,0.11246786798302935
2020-11-05,3.177244601233791,-0.12210151196793767,-1.189074183904641
2020-11-06,0.99310003457321,-0.474345692890589,1.0081713991718457
2020-11-07,-0.38793528379670045,-0.44460727481172857,1.6145264593728161
2020-11-08,1.8406849853500211,-0.09686152768849231,0.006309480242695568
2020-11-09,0.6288028642539574,-0.2612775068237862,1.0486443865185895
2020-11-10,0.4871349377272394,-0.21340049923627777,0.62054496231139
2020-11-11,1.4578353173133964,-0.11867273694224714,0.3377837176052087
2020-11-12,1.8180528791254709,-0.08779818011180825,0.28317961824784305
2020-11-13,1.0574059279170576,-0.20659560439117486,0.9683353583636986
2020-11-14,0.46666355415278865,-0.224165264193834,1.1413572057708175
2020-11-15,0.6197651682818534,-0.21080876355671535,0.9397429669105855
2020-11-16,2.170886614894282,0.008999237065378021,0.17749449887232613
2020-11-17,2.504999632538549,0.10280590117050444,0.18683498293685288
2020-11-18,1.485717760303089,-0.059140471238748896,1.1452459098665129
2020-11-19,0.6801568178115736,-0.04391507761993798,0.6942187424799867
2020-11-20,1.9172805459708464,-0.03688599032633887,0.024104456316255927
2020-11-21,1.308734310892799,-0.20281236080172907,1.2828557553228987
2020-11-22,0.5932896594077885,-0.212819771370898,1.2403686138274514
2020-11-23,0.9564354282613504,-0.15982230081763163,0.9982082422826697
2020-11-24,2.104318490356228,-0.01372616611269554,0.4167024008174918
2020-11-25,0.5165318575280096,-0.16232413129342557,1.388866149994379
2020-11-26,-1.6340650045240805,-0.021094610125406577,2.044198972257235
2020-11-27,0.08316819718393034,0.2180303748594179,0.275322415350806
2020-11-28,1.1851241300489053,0.360196836805465,-0.23488713224624205
2020-11-29,1.1783716222354046,0.32493948271769013,0.1676758450496577
2020-11-30,2.5002442175399455,0.6754580927971378,-0.762081210392591
2020-12-01,-0.6794250099005023,0.3817496436136798,1.2373691647364125
2020-12-02,0.7333866119856985,0.5776860296140901,-0.031103559774904137
2020-12-03,0.6243576721136761,0.5334398074487271,0.21627849665274057
2020-12-04,-0.9391359153087232,0.4681955850498631,0.836274225201454
2020-12-05,0.5359556136291689,0.36728603835190365,-0.3990467938714514
2020-12-06,0.37011226588671753,0.30677268168290084,0.04245070120957423
2020-12-07,-0.04816372923010223,0.1353889895837682,0.3657044779935579
2020-12-08,-1.3149278777987996,0.09298323942924572,0.6993367691585324
2020-12-09,0.09201932916442966,0.2765302838867051,-0.3599933050501663
2020-12-10,-0.1062376632592802,0.17108322304463616,0.642487813905211
2020-12-11,-0.06579324990344991,0.18316889032038514,0.5002178048083838
2020-12-12,1.0818219468715506,0.37647401518310114,-0.5792559991513733
2020-12-13,0.5429213399742048,0.30382445068103975,-0.13135534985995304
2020-12-14,-0.11607954442473964,0.2643215276481004,-0.25816705029481934
2020-12-15,0.2387290246078429,0.25257871134288623,-0.05057016497285571
2020-12-16,2.530177750997753,0.7814467884102008,-1.483646291881845
2020-12-17,2.2859755072511097,0.7227895094888407,-0.5580531168541992
2020-12-18,1.4548632825609564,0.5103496685518183,0.9662691503049207
2020-12-19,1.8645037735912555,0.5805369894485977,0.6548878307691683
2020-12-20,0.6664166560466843,0.401906747006035,1.49433048973494
2020-12-21,0.2650655657069058,0.41296250687143893,1.621990754550338
2020-12-22,2.384860292538466,0.6516708604340687,0.7003594414979363
2020-12-23,0.7381037002936278,0.4688622208933324,1.8502923453661797
2020-12-24,1.9310529841485489,0.577606513789308,1.1674256575695123
2020-12-25,2.6699334401622075,0.6224203162054301,1.1475806987168464
2020-12-26,3.5949068771049766,0.5118567891981501,0.6481191526970046
2020-12-27,1.7522924410321326,0.2559213175688133,2.1209785323254318
2020-12-28,2.73155628833976,0.3680535811466189,1.521400624021168
2020-12-29,2.302587333920196,0.2913270010013689,1.9691473307820158
2020-12-30,2.9364928351847155,0.35731267917749165,0.7293691678406408
2020-12-31,1.4695570766680948,0.0910981441955473,1.3008839340541383
2021-01-01,1.612290459804666,0.11565649459488184,1.1350299999081237
2021-01-02,3.734503073209826,0.6082158674450782,-0.13869056437641927
2021-01-03,2.454450018496574,0.21393082187707405,1.6723094545516428
2021-01-04,1.52287105967239,0.12644913853670184,2.6658731247396
2021-01-05,3.5361506961580256,0.49568703112517926,0.9596118851433408
2021-01-06,4.799619229830216,0.6277454020414757,1.383592532935498
2021-01-07,4.907051713403892,0.45014988155584285,2.0724558113717166
2021-01-08,4.181956527725906,0.3328628313615418,2.743993294453739
2021-01-09,2.415790505051349,0.19424474679940393,3.082628432228298
2021-01-10,1.3482491980201912,0.2414451885336354,3.4767382153329325
2021-01-11,-0.008267148800648385,0.504151938820498,3.2598444380212865
2021-01-12,0.15010068105257413,0.7615133676296192,2.318077750286454
2021-01-13,3.54460749605866,1.4291794270836946,-0.4663495682384113
2021-01-14,2.793738807829153,1.2508773141037437,0.9008602406799715
2021-01-15,-0.08520536143009574,0.9282154868614312,2.7151599911207547
2021-01-16,0.13320715429454097,1.0742687016980184,1.1179372227902868
2021-01-17,0.0924842105379958,1.1296598455900475,0.7894443187254002
2021-01-18,1.1109816461180977,1.2260000322090627,0.35726571778096683
2021-01-19,-0.1713929147028556,1.1153840895687184,0.7203781616606995
2021-01-20,-0.671749734452068,1.1170655895085468,0.18253139271586322
2021-01-21,-4.207688499455619,1.3149137519006633,1.7651558548896005
2021-01-22,0.25986196469413847,2.0736221957632623,-2.3969179713535578
2021-01-23,-1.9180564947578154,1.77163498970929,-0.3606082070567259
2021-01-24,-0.9203060636446854,1.861322040411181,-0.8668200883339314
2021-01-25,-0.6415899780441694,1.7270301833576207,-0.4136219770800402
2021-01-26,-0.2866625225677275,1.7197480515270365,-0.22640150175711676
2021-01-27,-2.6064478509329176,1.6320991478146574,0.5284658249409607
2021-01-28,1.1068411880315123,2.4037652339730746,-2.7400869277617472
2021-01-29,-0.04819876534801119,2.077687412746556,-0.7522712164993541
2021-01-30,-0.5343080408473273,1.9813993635432587,-0.10232006704413879
2021-01-31,-1.343659169629961,1.9126797918421734,0.4675087702038331
2021-02-01,-0.3973005637483445,1.8857284558921918,-0.5897084761135888
2021-02-02,0.9526232877446806,2.0926946816293905,-1.1852790823353037
2021-02-03,1.2520431049721565,2.096460966326736,-0.7291827564876057
2021-02-04,0.5506717751334652,1.7376705813353432,1.5169371323457206
2021-02-05,1.3405942606460421,1.7791032455364046,0.2669699268470237
2021-02-06,1.642576727475882,1.6486764593633167,0.7034415984904883
2021-02-07,0.715901887839532,1.4893835044397785,1.4120035033101297
2021-02-08,6.063271707931405,2.9058259363085197,-1.4622296750482855
2021-02-09,2.2097874386142924,2.20993934979439,2.367677710320551
2021-02-10,1.6344149731616302,1.9481384157078596,3.4617235626408847
2021-02-11,3.5252443180574997,2.3049142455658718,1.0998331510898902
2021-02-12,1.6822351169721401,1.8867443495924359,2.4140875331440097
2021-02-13,1.6318693302911205,1.8561708680389426,2.356889515076669
2021-02-14,3.0677711182757315,1.8738708191440017,1.9649907762248844
2021-02-15,1.7775701163648396,1.7102076446153347,2.8002171567509664
2021-02-16,2.432498288560594,1.8635218030056748,1.6718352008110378
2021-02-17,3.1814512185742028,2.0301813959861295,0.9958934771316194
2021-02-18,1.7583459334203977,1.7800263804329521,2.4969252535063973
2021-02-19,4.033081595924107,2.158142926370412,0.9461702829044167
2021-02-20,2.2144066706930405,1.3241267753746033,2.329220262632077
2021-02-21,2.9567056369001032,1.31652628107983,2.129907180544527
2021-02-22,-0.4842017006691558,1.2208322289626246,2.2608917769215395
2021-02-23,-2.0497896016750596,1.4603210026852087,2.5113824533378866
2021-02-24,0.7507125740826793,1.8472557158114407,0.3299817435541657
2021-02-25,-1.4265476992663237,1.7486793993954524,1.1690534229125293
2021-02-26,-0.6832450683492081,1.7436903066393745,0.34037132943455917
2021-02-27,-0.37512847549046585,1.6063837912984869,0.07782369781372625
2021-02-28,-1.0837137150163145,1.5800204625759762,0.20147026623224998
2021-03-01,2.0965772643476144,2.16013173734047,-1.7801483327408274
2021-03-02,-0.837554654130118,1.723708307141399,0.5794638684172864
2021-03-03,0.5700900634972074,1.9935010796386063,-0.9736936977100631
2021-03-04,-1.3718639237938224,1.7286489253261967,0.6422232041902262
2021-03-05,-0.7251746363834735,1.8632363095166948,-0.6974086667039248
2021-03-06,-0.910673610909413,1.824314302020137,-0.5519970067954273
2021-03-07,0.19024167734678546,2.0030515278861225,-1.4517936182854312
2021-03-08,0.025625057830086125,1.881261590373819,-0.49050771022030787
2021-03-09,1.5044169947698367,1.9564912768417277,-0.2438401157937752
2021-03-10,0.9816778725064099,0.9985091568089921,0.2689058791946587
2021-03-11,1.7492442913432191,1.0218588497300019,0.5924364971845644
2021-03-12,0.948442591243371,0.8320327428183248,1.4922490392541368
2021-03-13,3.0542346684412345,1.0763220468779493,0.3545210283598372
2021-03-14,0.8614141173633292,0.773810059661001,2.4085791768644746
2021-03-15,-0.7047281420900201,0.8624232560886458,1.9516255742005604
2021-03-16,1.1142533747219898,1.082465558116245,0.6550416146766685
2021-03-17,1.4953564897211489,1.1663474964927756,0.17604546124790774
2021-03-18,0.5000820597515114,0.9784163060621738,1.4541282031809353
2021-03-19,1.0554008231510217,0.978189170710559,0.9075759178942358
2021-03-20,0.8626628548233677,0.942021355666542,1.0957727316555448
2021-03-21,0.22278789627515083,0.7354956972664874,0.9787436342326457
2021-03-22,-1.032905835904767,0.7153301255321538,1.3736547631796205
2021-03-23,-0.08827442383610754,0.9030315339063336,-0.05626465225672749
2021-03-24,-1.2347403006151418,0.7166311988563216,0.47439023989094214
2021-03-25,-1.1443960354022182,0.45698479703925593,-0.15067852132410972
2021-03-26,1.056826269538215,0.870152730295346,-1.6078017575640395
2021-03-27,-0.2858039742971296,0.5925480725249652,-0.7936919894741147
2021-03-28,-0.45596795810737206,0.5124494126323483,-0.30650671248173184
2021-03-29,0.7210816419582122,0.6155572312832996,-0.5109878355131166
2021-03-30,0.491629384642299,0.5413611963839501,-0.2387685072130884
2021-03-31,-0.11824342844015281,0.16287372048050874,-0.04305809092900778
2021-04-01,0.058957014230704555,0.12550213861209744,0.00017048335955229283
2021-04-02,0.08264431194965943,0.07241918178122768,-0.06572954548466177
2021-04-03,-0.819617717090199,-0.07130661688803387,0.5070873565066573
2021-04-04,0.42639139294476497,0.10033515520224723,-0.36944696424125445
2021-04-05,0.44251210967026705,0.0271600812020033,0.27922923765472407
2021-04-06,-0.08284695495188989,-0.09084435830736783,0.5833991539806185
2021-04-07,-0.5633290376266274,-0.10813119768884426,1.05390193950122
2021-04-08,1.442872426304431,0.1089852253461466,-0.23247047098376752
2021-04-09,0.16295287243554932,-0.03070438537024503,0.2668071411214099
2021-04-10,0.8222115374774462,0.04952762205951439,-0.2619140524030733
2021-04-11,0.44577067487476046,-0.02473336699231415,0.19672829682759904
2021-04-12,-0.010815201706746713,-0.2617413978004218,0.21893654534658236
2021-04-13,1.5959612086731403,0.06690529920974869,-0.9341436400432027
2021-04-14,0.1549347363287525,-0.33388474068268365,0.417846106780622
2021-04-15,0.3573890936517995,-0.308063812246117,0.2186232387449234
2021-04-16,-0.48310916839859447,-0.4140755724620168,0.6818923573738398
2021-04-17,-0.11489798727980542,-0.3786388615504699,0.49448610200760573
2021-04-18,-1.9119323078191666,-0.2979603507625043,1.2536907682559846
2021-04-19,-0.6038685310193406,-0.06533056032682208,-0.1904170350927569
2021-04-20,0.013845394250422312,0.004909046263010196,-0.5147493576723481
2021-04-21,-1.2842407063452035,-0.22615445421139604,0.6818560764030535
2021-04-22,-1.569721944303342,-0.11636846758318463,0.16802816440673257
2021-04-23,-1.0518363152852033,-0.06718250587232959,-0.46115870080466126
2021-04-24,-1.4289733114350058,-0.08054611947251193,-0.5192745928490655
2021-04-25,-1.5542054643358452,-0.2777130281424059,-0.6558856604424205
2021-04-26,1.5205937644968708,0.5920854613493229,-2.739053294371392
2021-04-27,-0.45134579601319563,0.3263300836509406,-1.1570642663704245
2021-04-28,-0.9163694752519551,0.20456571111586178,-0.67396245103858
2021-04-29,-1.4522131152871884,0.14260730135207844,-0.3874619506631673
2021-04-30,1.192471084138737,0.7128330433115084,-2.011764083524796
2021-05-01,-0.36332127138939013,0.43990084047392813,-0.3010226049290299
2021-05-02,-0.5376998162708071,0.3601559680708508,0.4611102108477105
2021-05-03,0.22145412960210825,0.4325960669542068,-0.08988822928169687
2021-05-04,-1.882892818825661,0.33201444350562714,1.1268866398793327
2021-05-05,1.8304937633119072,1.00336320587632,-1.2524714607895098
2021-05-06,-0.04978865010268194,0.6699784335633032,0.8812931875328969
2021-05-07,0.8739791913909197,0.7435605080602349,0.31638922996527175
2021-05-08,1.334111747947875,0.7232765662142873,0.4212173736260204
2021-05-09,0.6633853073287985,0.6010465167983228,1.234045379872072
2021-05-10,-0.834854301112632,0.5712739512204683,1.0613412032017004
2021-05-11,0.33312751278972463,0.773677874177663,-0.14025037408462435
2021-05-12,-3.5754127649977057,0.8172555131624513,2.3349557570792405
2021-05-13,-0.31845920115120085,1.1916891545507189,-0.5703219150408727
2021-05-14,-0.8433950452763167,1.186310874158593,-0.7449684555618526
2021-05-15,-2.547557449459027,1.0576332150695873,0.3610058945647384
2021-05-16,-1.2913230319126756,1.2389907966091747,-0.7634397239387507
2021-05-17,-2.814486444142299,1.1429644196974282,0.11839003328332745
2021-05-18,-1.5434065754761963,1.1786121591907937,-0.685082421766524
2021-05-19,-5.056876663408351,1.2464555425031798,1.108721161890296
2021-05-20,0.4548006706005268,2.360758389816419,-3.509253306071662
2021-05-21,-3.93192689152321,1.8359796412023206,0.07785867516781704
2021-05-22,-2.050535314007635,2.1432154223378213,-1.9259166765432618
2021-05-23,-3.9786653263763676,1.9721673209107418,-0.44646476200239743
2021-05-24,0.49788163178922223,2.9220095576418084,-3.848671436922062
2021-05-25,-2.1609917408278405,2.5010952883105655,-1.371696285881963
2021-05-26,-0.824036955602028,2.3249793618559402,-1.3970770232620882
2021-05-27,-1.924083124025856,2.161656268290231,-0.5873573994069822
2021-05-28,-3.2917825696803704,2.087253191256151,0.1582081240742201
2021-05-29,-2.2870625699384592,2.2267475176249194,-0.5756961721777761
2021-05-30,-0.8320569161214604,2.283111438950424,-1.7333537017346605
2021-05-31,-0.016925963170443346,2.38707600342572,-1.5740519746543415
2021-06-01,-1.3862113426743015,2.1650437258609774,-0.23869365715595384
2021-06-02,0.3687310557530869,2.2790949823810926,-0.251135218187755
2021-06-03,0.48442845611872243,2.3540967903358943,-0.9505845583766065
2021-06-04,-1.5394216481485794,1.866564062518153,1.3547007055410702
2021-06-05,-1.2856530437263902,1.9702857421776927,0.6507066587486985
2021-06-06,0.13153139596667496,2.09087175413224,0.1493516854065772
2021-06-07,-2.311358032950851,1.9051010227287413,0.8076863860482393
2021-06-08,-0.977598714527975,2.121449830420936,-0.4703885799161738
2021-06-09,1.9468487214223165,2.867937582068673,-2.510007427366297
2021-06-10,-0.8544947894134511,2.388734963386458,0.3258024565182722
2021-06-11,0.3880414454405135,2.158764430643585,0.052548097347708544
2021-06-12,-1.0964989968976788,1.9647611832024012,1.3287518455458167
2021-06-13,2.3990174928475914,2.7119474288997276,-1.3929334619015135
2021-06-14,0.7896652523624818,2.421766280483566,0.00579120391167871
2021-06-15,0.41029660272664586,2.3317739735754546,0.6441489575374046
2021-06-16,-1.210149476698173,2.1349762446244287,1.3820154917071379
2021-06-17,-0.5601694514727157,2.29868028861603,0.19501407400385828
2021-06-18,-1.6483263829061652,1.7684885317272958,1.2519185754366626
2021-06-19,-0.29704974971741854,1.6858584918256432,0.23501315408266757
2021-06-20,-0.17093752903410342,1.5318168456120225,0.030178983106790513
2021-06-21,-2.91223276685121,1.4571073135395296,2.2200352636610297
2021-06-22,0.19370511393050713,1.8264380057010101,-0.583408756715535
2021-06-23,0.08063245208036456,1.5792792112185763,-1.2239791732641692
2021-06-24,0.09981503986772307,1.5579185943484675,-0.7946186697664702
2021-06-25,-2.8832958183429165,1.3511421160443544,1.1369306103467496
2021-06-26,-0.34500870111284004,1.7034000002374703,-0.7640957020674931
2021-06-27,0.8085508409727478,1.9519023219109932,-2.1162533687668033
2021-06-28,-1.1130637443557678,1.6496265650302395,-0.5293307037210294
2021-06-29,0.07422719525044853,1.826061282905705,-1.3699140326225705
2021-06-30,-1.1577286346824698,1.5520617128632312,0.13576913610259278
2021-07-01,-1.7318474427656445,1.532312764774548,0.36872596927031137
2021-07-02,-0.28155096214312353,1.677512586960776,-0.3744587928010863
2021-07-03,0.14091055059168225,1.6765841709763243,-0.5141106978971195
2021-07-04,0.12272214787418206,1.5776682326713343,-0.3374786133728177
2021-07-05,-0.7705354593672472,1.354902962031073,1.3819587283799346
2021-07-06,0.40108416502721417,1.564902245726752,0.08515780994064003
2021-07-07,-0.4047169444561714,1.3821555281597921,0.34879508796471564
2021-07-08,-1.0849500299484323,1.3613877819114755,0.42890540668829485
2021-07-09,0.7938817959818377,1.1595953215546297,-0.1690901066154878
2021-07-10,-0.12148691538793953,1.036214394605227,0.4520693407797949
2021-07-11,0.2205325657312704,1.1615264409187815,-0.4631760239219701
2021-07-12,-1.0449382561528358,0.9476487357337855,0.5210097332828275
2021-07-13,-0.922109344264369,0.692541731095956,-0.17268554124795513
2021-07-14,-0.41548099894695917,0.7086467220734695,-0.4097147547065767
2021-07-15,-1.1156081551854873,0.5993687453146883,0.39559968585096916
2021-07-16,-0.7841937745958429,0.6101145813328037,-0.1505117245230575
2021-07-17,-0.5629109567506712,0.6700306600022805,-0.5585831591600016
2021-07-18,-0.5011777771765419,0.5884666189122707,-0.7175242897907094
2021-07-19,-1.2693229002932755,0.47443166851570673,0.17982324240125655
2021-07-20,-1.5441115029838028,0.506739249615385,-0.004701103693494134
2021-07-21,1.2301395877360635,0.6507254608104023,-1.938551760575587
2021-07-22,-0.09162497250477089,0.36963730061122857,-0.2532216124000383
2021-07-23,0.6672574594784441,0.48620031547064874,-0.8921266407947852
2021-07-24,0.4429002365793726,0.4017873914611816,-0.35175766787977425
2021-07-25,0.71499985051169,0.14304182452484096,-0.5380404736342391
2021-07-26,1.757355405651415,0.306141949530858,-0.5578532010257098
2021-07-27,2.1741468980103402,0.17132408807811442,-0.12703185375296283
2021-07-28,1.3866811512218524,0.024848564292860115,0.8027333704576262
2021-07-29,1.2972990636179667,-0.09656791148359863,1.3237741346139058
2021-07-30,2.9330986963989463,0.14369331339724017,0.620481602170904
2021-07-31,1.3162120094025522,-0.1768733504523198,1.9650138658794034
2021-08-01,0.43336176381806657,-0.1522702366223063,2.170259842212313
2021-08-02,0.9457212136207852,-0.07339159936776071,1.82140713510867
2021-08-03,0.8292396790061043,-0.07071920988272018,2.0247816522195663
2021-08-04,2.060619490768826,0.1417826226048351,0.3416895734125218
2021-08-05,1.9174962391147692,0.10375417612995519,0.7763514699003327
2021-08-06,2.3827908056546168,0.22125919005859546,0.42645532502200845
2021-08-07,2.3664245786642484,0.1683276494920459,0.7037543570317023
2021-08-08,0.8128162166618252,0.002946778388453754,1.5999652129549462
2021-08-09,2.432103160520506,0.34605806343938367,0.023255640603927298
2021-08-10,0.36503060324663794,0.13554122324939663,1.1643758395687462
2021-08-11,0.6393633680772705,0.13271470407730018,0.7058223353423054
2021-08-12,-0.06972249339726223,0.0815516884569321,1.0949946116410656
2021-08-13,2.191004962206816,0.5830208589197822,-0.9182184565420399
2021-08-14,0.27191625986555057,0.22072217501488195,0.9873928444447885
2021-08-15,0.8068101905988206,0.23770186519660885,0.9451656774228493
2021-08-16,0.33729224791948104,0.21067649476086828,1.3785575759780153
2021-08-17,0.18890912921860617,0.25225816088911046,1.5077927827909887
2021-08-18,0.6075910926381205,0.3064462912619484,0.6085361890692161
2021-08-19,1.5563753791783035,0.3874540533901361,-0.16686675610715854
2021-08-20,1.8948435908534895,0.34502110835061234,-0.4088897125839578
2021-08-21,0.21663249831381165,0.15535968895441654,0.6719018670204887
2021-08-22,0.740381262924078,0.18219059555531428,0.45675011047325326
2021-08-23,0.3442606244055947,0.1866709374245526,0.2301343090845202
2021-08-24,-0.666366634609573,0.12863146657022712,1.0024363674710741
2021-08-25,0.8349399990158434,0.2671175332464402,-0.2012179906459646
2021-08-26,-0.6952788850081755,0.044335393152982225,1.1358684866102795
2021-08-27,0.9742277660476876,0.4094519700255202,-0.8477317610638995
2021-08-28,0.011778825652841137,0.2401310025802983,0.23842437472784106
2021-08-29,0.050613240014037,0.15141587761285408,0.18951033258502945
2021-08-30,-0.7753985378143534,0.08832250398138858,0.8522059166795803
2021-08-31,0.22851186354823966,0.13146150312677837,0.19864901325407322
2021-09-01,1.125328238651963,0.24172263694284649,-0.3156656063155929
2021-09-02,0.3928982609356394,0.11130974490403693,0.03859597848790688
2021-09-03,0.25921115668392697,0.09413800672040305,-0.2840104570403415
2021-09-04,-0.035342946053547195,0.022601298715140522,0.08758328239229006
2021-09-05,0.9232310011897392,0.11107211411493502,-0.5656355220360684
2021-09-06,0.5877104680424834,-0.006382563788308706,-0.09392499732020371
2021-09-07,-2.5935889398089365,0.08580715057309148,2.226997067827052
2021-09-08,-0.7781586977314844,0.3200127179254948,-0.016561558404217882
2021-09-09,-0.05792639152488907,0.3710581192243815,-0.22800877957882684
2021-09-10,-1.2875923043765847,0.2995291097138553,0.2062906919514403
2021-09-11,-0.3936413539078639,0.41007044586181973,-0.5832479049744429
2021-09-12,-0.024271595803299944,0.23589918765800694,-0.7577235107850386
2021-09-13,-0.872316745335455,0.09655659356056157,0.2189136927779562
2021-09-14,0.8706805017768026,0.42164122102777896,-1.0477447882410926
2021-09-15,0.287173532863577,0.33737618511784545,-0.5983937872475877
2021-09-16,-0.469374665752371,0.2009608051696545,-0.037077772538605565
2021-09-17,-0.6550567798009986,0.20628863091758648,-0.10902451463616875
2021-09-18,0.15017497790346931,0.25987927348152856,-0.6785131884565898
2021-09-19,-1.0372741067270148,0.018822555168538393,-0.08010313451055918
2021-09-20,-3.1315773420925246,0.12563424624655034,0.9527495310734722
2021-09-21,-1.9151404932722398,0.32876805390335323,0.34320855587234517
2021-09-22,1.0599656581652497,0.9235541578262707,-1.785252624192344
2021-09-23,0.3203749275450877,0.7709231515075942,-0.8080535253097662
2021-09-24,-1.3718305636217656,0.5457932827029885,0.7348861565390961
2021-09-25,-0.5078006518988304,0.6484461493800991,-0.22982087814877597
2021-09-26,-0.23582536523767253,0.6279110098700144,-0.5803484820126411
2021-09-27,-0.953103398655092,0.521269353678608,0.14852316963813347
2021-09-28,-1.4488827766567998,0.5412662898275034,-0.09082599923715601
2021-09-29,-0.6147187562411182,0.6621196391501625,-1.0155256834321098
2021-09-30,0.5354575194710316,0.8945788173832567,-1.574427212301571
2021-10-01,2.0330926433013894,1.29786562258667,-1.9528958916587273
2021-10-02,-0.40828180100751416,0.9331935845732072,0.15631077139278776
2021-10-03,0.16036233638275182,0.9853120762622121,-0.0684206929066563
2021-10-04,1.0306438239675064,0.9873243030473202,0.431076551185586
2021-10-05,2.3148272541145682,1.08728459588907,0.44592830263486594
2021-10-06,2.879546113761886,1.3280209403754988,-0.05781806983729689
2021-10-07,0.3232455325881599,0.6172190553855719,1.687254369475244
2021-10-08,1.3179087994120404,0.6920049375292104,1.357959295298812
2021-10-09,1.794616077168794,0.7426102492237425,1.1758062429657328
2021-10-10,1.2226985726024504,0.6236738346606969,1.5349715155162076
2021-10-11,2.8560893533244163,0.8362592394515509,0.9212385018127706
2021-10-12,1.291943636819221,0.6070634756704222,2.5302731858321144
2021-10-13,2.426622720980529,0.7491381039560965,1.5647302598334283
2021-10-14,1.4928361807905828,0.6345337522754225,1.7136980171594576
2021-10-15,2.943579058425713,1.0438329982597676,-0.034351509728356586
2021-10-16,1.0950767291577859,0.7497740234960256,1.764432933696202
2021-10-17,1.573378878165797,0.8141757496317309,1.296126222937653
2021-10-18,1.4292614212935129,0.8030202960934374,1.2868832062282138
2021-10-19,1.9492457843865914,0.8967235031236239,0.6015972682031852
2021-10-20,1.4751359969777043,0.501280247121042,0.45313448088302055
2021-10-21,-0.5130545560878399,0.2546145111465257,2.0471901861521844
2021-10-22,0.019365859219468415,0.3106277151999314,1.1721708058916567
2021-10-23,0.742967247583652,0.42502556535296937,0.3679532081887605
2021-10-24,0.3186934784093661,0.24911385278931486,0.7358877969398708
2021-10-25,1.128925127282104,0.4090172979028046,-0.24088360634674
2021-10-26,-0.6218938893534882,0.2612291864812459,1.2979219910513358
2021-10-27,-0.6994343079395201,0.34308016112325357,0.7471202573176278
2021-10-28,0.9539065131435382,0.5259900373668533,-0.48262950375652125
2021-10-29,0.4823455725973567,0.5113296031267552,-0.523452583363303
2021-10-30,-0.16144591779453119,0.35037444410238033,0.18014280455526507
2021-10-31,-0.33512723474561346,0.048337392210746476,0.11799593301024962
2021-11-01,-0.3168220139596303,0.062181307037599054,-0.03714836351735636
2021-11-02,0.5672137368948021,0.23787954481203946,-0.9114170855648923
2021-11-03,-0.4548836828474711,0.10955862603311377,-0.2144139248852429
2021-11-04,-0.6973794703976689,-6.238916041085763e-05,0.3882352762437424
2021-11-05,-0.18186230450740673,-0.14910525496275862,0.0716384547711334
2021-11-06,0.04663504122326461,-0.1547216975209219,-0.2121749204438532
2021-11-07,0.728916634500341,-0.06079674099016065,-0.48870972414436153
2021-11-08,1.6986466146511405,0.21764024654865965,-1.0940648949325507
2021-11-09,0.2913492041269476,-0.05168582833972961,0.71362133750973
2021-11-10,-0.13727483675252064,-0.1529117786495058,1.1590434372137841
2021-11-11,0.26085735519747955,-0.07869516611933705,0.32894885838173366
2021-11-12,-0.20327258997351846,-0.11039204458649139,0.35442686594474754
2021-11-13,0.21888420885616497,-0.05555145113898102,0.04984833499008356
2021-11-14,0.5969408567816551,-0.257841768945925,-0.05975989838226478
2021-11-15,-0.4941667596092893,-0.3661464408061103,0.7501370546821139
2021-11-16,-1.5076577759467262,-0.28900681408214973,0.7913798484910253
2021-11-17,-0.25902288134621865,-0.09555569217436442,-0.37431611306429613
2021-11-18,-1.7167198076932395,-0.22544810488623332,0.7344150006977771
2021-11-19,0.062158257131024665,0.021204996216888185,-0.7756788793106594
2021-11-20,0.3102960034340198,-0.06046230710192795,-0.8185759440317575
2021-11-21,-0.8429552950759766,-0.2129849621673331,-0.1340293125771796
2021-11-22,-1.897680350851932,-0.20588847235548088,-0.09873752729358297
2021-11-23,-0.38771809288334164,0.03603439930359355,-1.31393504146955
2021-11-24,-1.3107309375435177,-0.16735236010453777,-0.3296101482926089
2021-11-25,-0.3696452589527183,-0.08911791538276488,-1.0978042288932415
2021-11-26,-2.3826546258970764,-0.22006857983211667,0.40840987563160835
2021-11-27,-0.42767260427590864,0.04233348993707988,-1.3750559964279727
2021-11-28,0.15017838645210382,0.16914047040943656,-1.6852377038612218
2021-11-29,-0.3968475660475476,0.04328638774289808,-0.7620590397481001
2021-11-30,-0.6928709222222043,-0.04679122469689045,-0.056562713096419456
2021-12-01,-0.31188761210431315,0.015985099015174906,-0.43062526896896414
2021-12-02,-0.4340502542286435,-0.11927842041065971,0.16056016852093427
2021-12-03,-1.6218020508425504,-0.13259592745811433,0.5965649361318651
2021-12-04,-2.826103480087644,0.01529168798471188,0.7499510214169425
2021-12-05,-0.9195532872212906,0.3116337728606806,-0.9701378751757352
2021-12-06,-0.15630265236963112,0.3980508070144553,-1.1016626557125881
2021-12-07,-0.7245981306252834,0.2792464543672054,-0.7323783869080295
2021-12-08,-0.7530073102378322,0.02025084996620686,-0.537353854174796
2021-12-09,-2.2215093227948604,-0.050670720887570235,0.227446539925792
2021-12-10,-0.9503398510114092,0.08261807552222385,-0.5036302684001223
2021-12-11,0.28975228469638914,0.3820808711783866,-1.5300292706713918
2021-12-12,-0.4862249458409543,0.3062734213056462,-1.0309524188759456
2021-12-13,-2.5978235177968694,0.16634363609875863,0.3591712697915528
2021-12-14,-1.1768773686628444,0.36446887828188534,-0.9574934563993558
2021-12-15,0.11514941861075804,0.6463131322690088,-1.8406537071059832
2021-12-16,-1.5155684207248412,0.3244207118129515,-0.3339518494266253
2021-12-17,-1.5358763263811606,0.3148971217279879,-0.1180696262354994
2021-12-18,-0.09205135682462831,0.3653634194702679,-0.5859545187392521
2021-12-19,-0.48575379669626495,0.2801868813865607,-0.2617128046074412
2021-12-20,-0.4448482124214168,0.26813681231749076,-0.5129583058405389
2021-12-21,0.6124343959128196,0.49093147111571145,-1.1451059247893356
2021-12-22,-0.46444504445430923,0.2651251884332355,-0.10181519092187015
2021-12-23,1.1646902947424036,0.4719386626833835,-0.6137915064330798
2021-12-24,0.29498840331377446,0.3034233839814305,0.36408438206237903
2021-12-25,-0.17771011100390455,0.274819018196678,0.2492328516147161
2021-12-26,0.11426422928611286,0.18055893874461423,-0.1302647018749381
2021-12-27,0.26064257961908405,0.09585120253918608,0.470879899805893
2021-12-28,-1.2913605930589325,-0.04802439079896087,1.3422303906356712
2021-12-29,-0.9068032757200266,0.10282887439111837,0.1921019605912566
2021-12-30,0.15598882391518842,0.24637833609600093,-0.43372004224073235
2021-12-31,-0.5052329977958614,0.12528646996367843,0.3592978467876429
2022-01-01,0.6039141008680535,0.3369196586430332,-0.5731299000228854
2022-01-02,-0.200695682681203,0.12228888063261965,0.1770676195087137
2022-01-03,-0.5558951365711974,-0.17235420493074866,0.2706859743940454
2022-01-04,-0.7021804633100421,-0.1289874472681796,-0.15674540822648064
2022-01-05,-1.7555969669546005,-0.18418953707858632,0.44280634257847074
2022-01-06,-1.125598883515005,-0.027092607099028485,-0.681753111408144
2022-01-07,-1.893133830042669,-0.06985669900023546,-0.2625684074976685
2022-01-08,-0.9537211451338117,-0.04122555606812195,-1.097773189726899
2022-01-09,-0.9679400285030021,-0.03860412911943211,-1.1125316144011035
2022-01-10,-1.0930503284521982,-0.17420445395802767,-0.9840891644915312
2022-01-11,-0.1914681323835418,-0.09743380237254627,-1.1013519655402435
2022-01-12,0.21690590240325583,-0.24086561933628378,-0.995742090111609
2022-01-13,-1.2818931706417114,-0.39197424024731564,0.029038858692891117
2022-01-14,-0.2126425457238754,-0.38114694972001595,-0.7408251031336751
2022-01-15,-0.5640484397071509,-0.43249014218868553,-0.6657276227928745
2022-01-16,-0.6032108505378657,-0.4889973322081556,-0.5732298197653335
2022-01-17,-1.0043685553043062,-0.5516012291626341,-0.1867420555235814
2022-01-18,-0.4406105997543525,-0.47388658284513446,-0.5984283774183189
2022-01-19,-0.6316366485932117,-0.5420995241336805,-0.031708270645247734
2022-01-20,-0.9355592095616668,-0.6838754270435392,0.09609780218818799
2022-01-21,-2.9808081355303524,-0.4575297857572403,1.455053085980733
2022-01-22,-1.805468064435,-0.32409911708756695,-0.1299632314909437
2022-01-23,-0.07928690562924141,0.025107300782241,-1.5597795203963658
2022-01-24,-0.5567289128961596,-0.04622757919663579,-0.9657655787246365
2022-01-25,-0.6679349204803299,-0.04927425238567832,-0.9818146170592567
2022-01-26,-1.042514238252151,-0.07881884122753631,-0.8917004457231237
2022-01-27,-0.6315001933645694,-0.1629385183051312,-0.9461439634681718
2022-01-28,-0.40188038927314296,-0.11561924783983664,-1.1229528009799374
2022-01-29,-0.5361898211477771,-0.15744320604498943,-0.9185073665001943
2022-01-30,-0.8786934564960283,-0.21591568694028765,-0.6191836531174376
2022-01-31,-0.26619081973966935,-0.19551515573288858,-0.8927468752158777
2022-02-01,-0.42136551381545667,-0.21633266555704456,-0.7005375700634265
2022-02-02,-1.7091551298616736,-0.32350566760509536,0.2714858864472381
2022-02-03,-0.45821201588242017,-0.14640013271009863,-0.6698412785311311
2022-02-04,3.106179744433255,0.6959286036396201,-1.757907760039168
2022-02-05,0.8300974588834336,0.2670906717632471,0.9897064687827453
2022-02-06,1.285658088502894,0.3249222178187431,0.38451812414996156
2022-02-07,1.647097578999073,0.39108671776050713,0.31758133714155956
2022-02-08,1.054225629409392,0.2971381620649962,0.8842764544742099
2022-02-09,1.0758679401799134,0.2890044214611555,0.9628927751898847
2022-02-10,0.43531878283451847,0.21926686635454573,1.2754215459727587
2022-02-11,-0.033252877120278815,0.2007964106438212,1.194461970296754
2022-02-12,0.3718664813094089,0.2485959851295976,0.6304417891587807
2022-02-13,0.4587277292907632,0.2511432963448917,0.5998701135945863
2022-02-14,0.6446426755890909,0.2922562148490145,0.3476852704722787
2022-02-15,1.6751340890478459,0.4887840324491022,-0.19954457509792475
2022-02-16,0.6022991088326135,0.2573527265600182,1.2903886929766777
2022-02-17,-1.308140082623402,0.2879274449429177,2.1403192897307486
2022-02-18,-0.6036281107205236,0.5526609099114608,0.07341584180226578
2022-02-19,-0.2685218926653077,0.5808520521333478,-0.222661593454161
2022-02-20,-1.5314887752529973,0.10327114592321322,0.3447808645587573
2022-02-21,-1.712892040512622,0.1337366473329669,-0.12795182644706968
2022-02-22,-0.14756240514630692,0.3559237438446771,-1.4477219027359736
2022-02-23,-1.5376280698451184,0.18788287873789314,-0.3500186049934315
2022-02-24,-0.18854345467097394,0.3881248298107553,-1.2733120703536942
2022-02-25,-0.04807288910002229,0.37355734117872325,-0.9285432147895105
2022-02-26,-0.5909660644775125,0.28347281494270743,-0.37741799471758625
2022-02-27,-1.4667727034925733,0.22227057290710553,0.15095189572714637
2022-02-28,3.001990409269552,1.5071766405841125,-2.954934634422831
2022-03-01,0.376644279561317,1.1104651653407005,-0.5483422645224807
2022-03-02,-0.3797254746135716,0.9864853090694197,0.24893865321623898
2022-03-03,-0.6278246987944166,0.9325948640723346,1.017397570770943
2022-03-04,-1.95896325444429,0.9226222775759987,1.5988942747174604
2022-03-05,-0.13218271308242893,1.2166639915997979,-0.1726081549174278
2022-03-06,-0.6873902788982029,0.7045236870068178,0.5479402374343796
2022-03-07,-0.21035310451286762,0.7521456109583078,0.3637688572641931
2022-03-08,0.2851183556853552,0.8424771423155422,-0.2899904312499214
2022-03-09,2.297177723871377,1.2285094706991952,-1.0522465157013747
2022-03-10,-1.304982732497691,0.8595910014758363,1.4938097335655292
2022-03-11,-0.5764439631305428,1.029411795296137,0.3422346533490789
2022-03-12,-0.13982485200407826,1.089143662942704,-0.03275374295820256
2022-03-13,-0.7280200822406773,0.9830405231987185,0.6483319697320139
2022-03-14,0.4025482469050744,1.3450052073527519,-1.3941938717342701
2022-03-15,-0.964940838130472,1.1603276583971183,-0.37242123602637806
2022-03-16,0.4536750058993255,1.393687335520513,-1.243391444976459
2022-03-17,-0.4666955150301401,1.1432349514949254,-0.029343496197489157
2022-03-18,0.6344644485891074,1.20926015927506,-0.00848479196658351
2022-03-19,0.4160246068011076,0.9848971374474467,0.22802955108992945
2022-03-20,-0.24291564377760425,0.8856168230576744,0.9147223203547752
2022-03-21,0.1752964255127707,0.9483847178749214,0.5593478109718057
2022-03-22,1.0053191060752324,1.028840768340863,-0.11515726633145171
2022-03-23,0.22347298768749685,0.9377292169574771,-0.11510347875806345
2022-03-24,0.9899631363106088,0.9401980502739932,0.12562250413420606
2022-03-25,0.8040781205675964,0.8432793053260838,0.6160075230579227
2022-03-26,0.6940122179960627,0.8096023451086071,0.7323260470808931
2022-03-27,2.231826436768765,1.008223651138588,0.21070978792871944
2022-03-28,0.9977512897689697,0.8618679215410193,0.9107881897835333
2022-03-29,1.11396610725328,0.7979153325648303,0.9912383505962546
2022-03-30,0.47763761635524565,0.06823643781044826,0.9069476049572831
2022-03-31,-0.20445713287965708,0.01984611783377871,1.2436031229113773
2022-04-01,0.8048648987356986,0.19397783744527292,0.18697929663547003
2022-04-02,0.16229885711338268,0.06414742739351859,0.6077989896142373
2022-04-03,0.8505097891366887,-0.17050410403829946,0.32678957005789766
2022-04-04,0.704431736524246,-0.20467124393953676,0.5669184922095373
2022-04-05,-0.1819986526782727,-0.2841455289906592,0.8065109180082404
2022-04-06,-1.1692129470688992,-0.22458330087482548,1.0612568438975978
2022-04-07,-0.021869410503857555,-0.023165605864900393,-0.27242975927134333
2022-04-08,-0.94407213190335,-0.40177425633193026,0.2403888597549025
2022-04-09,-0.04755909993152557,-0.46684805200878543,-0.5788383943876277
2022-04-10,-0.9064029941162903,-0.5413888725181688,-0.3710168502622319
2022-04-11,-2.327197082574875,-0.4700363388213113,0.37756246152939005
2022-04-12,-0.6096468269425643,-0.22912927129525312,-1.2606008876496202
2022-04-13,-0.22107684176316209,-0.28120909662314303,-1.335358528681251
2022-04-14,-1.398435917653623,-0.4305682255889531,-0.13667172451745313
2022-04-15,-0.4320215551197007,-0.36961751877338356,-1.1120851859046081
2022-04-16,-0.8012201176618771,-0.4367423576150356,-0.6898809889854851
2022-04-17,-1.2480577809408964,-0.4883353348551746,-0.5298788186840793
2022-04-18,-0.1716877524165139,-0.29716315154543754,-1.375566595501327
2022-04-19,-0.22089463448653568,-0.35911265686465715,-0.9455540984983891
2022-04-20,-0.3865434415836839,-0.4424958633441281,-0.2779837477704582
2022-04-21,-0.8955472772813071,-0.5265217746842088,-0.05399236264543217
2022-04-22,-0.829119876326124,-0.5195083295037275,-0.03144995798685168
2022-04-23,-0.6406736227463055,-0.5101560190670555,-0.4026794447412844
2022-04-24,-0.448040788591155,-0.5011134853074477,-0.46370968119784334
2022-04-25,0.5724565789403907,-0.39825050777227045,-0.5207913824817773
2022-04-26,-1.5899736138494718,-0.686155927737957,0.8337770570053102
2022-04-27,0.2822659241746536,-0.3230522441570486,-0.9905575572542682
2022-04-28,0.17518183681912022,-0.38074939280685643,-0.42203747345284803
2022-04-29,-0.9754565133527152,-0.48783630471705236,0.25117026557898237
2022-04-30,-0.9484952842173527,-0.4817037992027704,0.016892799964680228
2022-05-01,0.16244251922459735,-0.33312542560348607,-0.7038809765053609
2022-05-02,-0.36442066732525774,-0.3873846157556035,-0.4475342903346742
2022-05-03,-1.01245796138677,-0.46055118567246456,-0.171673696581743
2022-05-04,0.7769278062846372,-0.06364314254594035,-1.404543675001527
2022-05-05,-2.315271771947601,-0.2678581437729117,1.0712259677707823
2022-05-06,-0.9239061046984823,-0.13522633359790884,-0.2710131337138242
2022-05-07,-0.9735491882673949,-0.1378615203769137,-0.3063066591748259
2022-05-08,-1.7175606113979922,-0.1840283031198145,0.045765426035396226
2022-05-09,-3.8432629194522394,0.019281289649555434,0.9537428729471519
2022-05-10,-0.6339210239975646,0.5109466344372589,-1.536018344691496
2022-05-11,-2.9895874814359304,0.23238689376887084,-0.01609388718613969
2022-05-12,-1.5147374325781249,0.46533557305901624,-1.561456541743731
2022-05-13,-1.2698488642926968,0.43438748117418363,-1.5038362475711906
2022-05-14,-0.6347119207844935,0.5294276177770983,-1.7052822395085283
2022-05-15,-0.2970002067661718,0.6323923439232428,-1.8686786208862578
2022-05-16,-2.339951825241952,0.39482379274309903,-0.25016928092150265
2022-05-17,-0.792933944221758,0.6358918476973549,-1.454919753281989
2022-05-18,-2.8350337963191428,0.4278375350075844,-0.3115550575134886
2022-05-19,0.10241302790993784,0.9088763313736753,-2.0905481298830524
2022-05-20,-1.9614382662855698,0.6157205800714745,-0.2359491954672925
2022-05-21,-0.9098909274603202,0.7730670942696243,-1.0789691692846692
2022-05-22,-0.1044154752858457,0.8798692571659706,-1.2161924776715787
2022-05-23,-1.229028811674772,0.6449269483302807,0.6623032479688968
2022-05-24,0.011059769256083677,0.8770126375253787,-0.6195798565297981
2022-05-25,-0.10430967958927885,0.7418940416041192,0.2025063754641092
2022-05-26,-0.32186263923374325,0.6420383077266979,0.26238151987822056
2022-05-27,-0.7343922500744117,0.5656704824568042,0.3471585954940685
2022-05-28,-0.2402512462126031,0.6612324985410996,-0.3649370607080967
2022-05-29,-0.0049764638623406975,0.7388789872802927,-0.7778130813797436
2022-05-30,1.8249820678598365,1.118350085701268,-1.271376837416957
2022-05-31,0.12819998953781472,0.8428363197164019,0.22761333841934825
2022-06-01,-1.2944412280312743,0.7171791237944128,1.5699769092941773
2022-06-02,0.338568096251295,1.0448443396502327,-0.40520556378082345
2022-06-03,-0.599713922575881,0.7758542126500384,0.6545796278767375
2022-06-04,0.013888561396670393,0.7174187962392644,-0.004807094513721087
2022-06-05,-0.17396807014920193,0.71905390371841,-0.11331683758327818
2022-06-06,1.3078080591744912,0.9426013970946283,-0.5915983707705935
2022-06-07,-0.02584694693655017,0.7101985440777115,0.4363218808591135
2022-06-08,-0.6561451833953487,0.24365410643363647,0.7328560095115575
2022-06-09,-0.04768141805254968,0.3136267907745356,0.19949873059759357
2022-06-10,-0.764953509119831,0.07884023141686478,0.7662154772602464
2022-06-11,-0.7406591420721076,0.14562116882758788,0.40126628762133654
2022-06-12,-1.82528125542389,0.17369629380361506,0.6737918789401852
2022-06-13,-5.149769842056597,0.6333283708121447,1.8666795862003926
2022-06-14,-2.0695615185047216,1.0756260421212473,-1.3146455599888283
2022-06-15,-1.1324772992598175,1.1373673299274931,-1.6115360385070083
2022-06-16,-4.038361753309413,0.9685556440528947,0.3365265454784651
2022-06-17,-1.7677347787884734,1.2639464922043657,-1.7083565499158038
2022-06-18,-3.6505080569820563,0.983746769390744,-0.3944805536408655
2022-06-19,-0.16511434724250643,1.7285141955318573,-3.312811493164636
2022-06-20,-2.000276019746149,1.4598347380163514,-1.8168072475112471
2022-06-21,-1.8874118100142485,1.4279851004587014,-1.8440332473005545
2022-06-22,-2.762277285126116,1.280541704968473,-1.0087037013892388
2022-06-23,-0.6449023633660539,1.676757895237667,-2.6924485210977505
2022-06-24,-1.5060353573295653,1.5067159247856068,-1.5135501450516926
2022-06-25,-1.2299415707143382,1.5316915610518889,-1.4836177105417678
2022-06-26,-1.821678457750101,1.4020147960640759,-0.5974528870081982
2022-06-27,-0.9068507213365421,1.3818356382777883,-0.03579839173459861
2022-06-28,-1.1247821095079604,1.3314459794976994,0.08432026953639693
2022-06-29,-0.9539948451748641,1.1545216104792444,-0.34339921742201723
2022-06-30,-0.6718029708529364,1.0968005900499025,0.23987682104511066
2022-07-01,-1.0441477276029427,1.0045424575647717,0.2888743359051699
2022-07-02,-0.13567091779398252,1.0334559547140159,0.14407966618350693
2022-07-03,-0.4409413036446635,1.0754183888915194,-0.33918409140634515
2022-07-04,0.7571614955704618,1.3228013647147077,-1.0589342212850246
2022-07-05,-0.3548667174402831,1.1462497039537525,-0.03056888832369802
2022-07-06,0.35876078785571575,1.1134264871542605,-0.17134873841146966
2022-07-07,1.0920234664686452,1.3610892140777073,-0.9146495696059442
2022-07-08,0.042398573592042466,1.187371200577395,0.10129678408585568
2022-07-09,-0.29035748866988714,1.1552091676014427,0.22360200745988298
2022-07-10,-0.9408651202383088,1.0628955328955625,0.7402769318662964
2022-07-11,-1.2857068679300823,1.065660473192997,0.7723214684430494
2022-07-12,-1.1203217798695493,1.0568772267594229,0.49389366344141766
2022-07-13,0.8667029563203283,0.6391087535762847,-0.9557333414536383
2022-07-14,0.4512463783541012,0.5409770599152577,-0.17112641436323864
2022-07-15,0.5761789398535537,0.5072384552112373,0.1537474409794429
2022-07-16,0.7887350189156985,0.1644499953954989,0.13686821412326966
2022-07-17,-0.11847011170238637,0.06277086747710078,0.7771605125133509
2022-07-18,2.226941160149459,0.4301352874333844,-1.182147217679072
2022-07-19,1.6002989165502797,0.08199179622241563,-0.06159747284474547
2022-07-20,0.45067627426206525,-0.06734375540964489,0.7821537949924393
2022-07-21,0.20699073425418554,-0.033048591801520685,0.37682927851292203
2022-07-22,-0.2793348856739362,-0.1258464175635253,0.585249068086283
2022-07-23,-0.12044549310100935,-0.2052115344978678,0.3685434083895761
2022-07-24,0.4845082200276442,-0.15840066753764823,0.2347926462498416
2022-07-25,-0.9091977349514643,-0.22991013006449665,1.477087262430598
2022-07-26,0.3038724542208243,-0.0876479008204663,0.5867630057356922
2022-07-27,2.297318514168018,0.43845230300247,-1.0017751900514982
2022-07-28,1.5841080983070208,0.3122186475484481,-0.024427633204214278
2022-07-29,0.6117092418980016,0.16670140605992337,0.7627359095633123
2022-07-30,0.3733260665956035,0.1454101438787186,0.71756094705067
2022-07-31,0.25669294838090523,0.09124197288295903,0.9045683045699303
2022-08-01,0.05538541206810831,0.16137018723804972,0.1738960813996296
2022-08-02,-0.5266577408164479,0.14883505214366335,0.16657883397346634
2022-08-03,-0.3327104541939574,0.10857945097462755,-0.019708547825894807
2022-08-04,-0.44690233865307916,0.10390154765760318,0.024608633588200115
2022-08-05,0.6336139401322947,0.24065671510209152,-0.5281520395052042
2022-08-06,-0.2973666803120863,0.0023508134339751074,0.3586213097500548
2022-08-07,0.21714062897524108,0.08482261483840838,-0.12103452762065714
2022-08-08,1.0842233163224098,0.14041874709831467,-0.016376326109321573
2022-08-09,-0.2025092590125431,-0.06134532306246887,1.0043770542508248
2022-08-10,0.8454968248550319,0.1015198515417637,-0.541848996610827
2022-08-11,-0.0760919578700669,-0.06924977205560065,-0.055843270235337826
2022-08-12,0.4241935039357047,-0.074813918940719,-0.33759099780650337
2022-08-13,0.08740611299242826,-0.14321893890118514,0.07651251007645114
2022-08-14,0.02983440106837861,-0.16175855356934218,0.23802147463903356
2022-08-15,-0.07541600272724355,-0.16989290408036437,0.2693417542111658
2022-08-16,-0.11634766463174939,-0.197967159189554,0.35342412757125213
2022-08-17,-0.46309945752952114,-0.508929912712027,0.4886963275021085
2022-08-18,-0.06048983787000211,-0.5308244324482326,0.12942778581631117
2022-08-19,-2.8142749210394227,-0.3431908945793535,1.502684568558277
2022-08-20,-0.2438523775397404,0.05937474832361042,-0.7811642540411382
2022-08-21,-0.12824270131582907,0.07248520854133501,-0.8167644798971627
2022-08-22,-0.7963645348590536,-0.003494331356349926,-0.4801856366483459
2022-08-23,-0.3684083744971768,0.02962896966301123,-0.5757053579481378
2022-08-24,-0.8161579421795814,-0.13555254238925737,-0.5260056442500889
2022-08-25,-0.4355173391077447,-0.08132702592209681,-0.8159744703682459
2022-08-26,-2.3403400889718196,-0.44636415930966195,0.3011359984904127
2022-08-27,-1.296442082641327,-0.36267530833367706,-0.8478869453777095
2022-08-28,-1.594432157893898,-0.3832066877115003,-0.7011048693764627
2022-08-29,-0.2231937814733859,-0.1178856515961242,-1.690763020812697
2022-08-30,-1.5530524663448597,-0.30530561422455205,-0.49629550908966613
2022-08-31,-0.5927042144613749,-0.16977602233813685,-1.1244291938525275
2022-09-01,-0.739467162855831,-0.20495744903147955,-0.8932019211379265
2022-09-02,-0.5027402426361887,-0.2728668560248046,-0.1631094805914137
2022-09-03,-0.5890257015618959,-0.2645925559324312,-0.28827643861795516
2022-09-04,-0.32193062893964663,-0.2587301060736191,-0.6522990869949375
2022-09-05,-0.6854577161024613,-0.31915827909713174,-0.3153157807348352
2022-09-06,-1.8263544025835683,-0.3614465814100368,0.2762958518243972
2022-09-07,-0.1241631611611001,-0.12511100146363094,-1.1314084917095342
2022-09-08,-0.6273851158684249,-0.2176574272315994,-0.7046111012112428
2022-09-09,2.4313047910985657,0.5672614456174087,-1.9890911864197713
2022-09-10,0.6148712186471779,0.24942024562132992,0.1049161784005766
2022-09-11,0.556597669491127,0.1896340807148741,0.46376585999237363
2022-09-12,1.0136503548694231,0.31014106657596274,-0.07135614559825694
2022-09-13,-1.9777480293089909,0.21016405341004557,2.0935813173620272
2022-09-14,-0.14967620971221848,0.5282450988845677,0.10440664229437233
2022-09-15,-0.8260007431005145,0.46953947472270274,0.44696683300168105
2022-09-16,-0.12002098541497982,0.563247047713474,-0.13434615368487962
2022-09-17,0.31819899857919287,0.6230697963898368,-0.30203854492712406
2022-09-18,-1.0297728629863434,0.13573370371051835,0.5540678054907603
2022-09-19,-0.06423088157380781,0.2688567964082581,-0.24717970470559927
2022-09-20,-0.8240392528161381,0.1453498423956494,0.6868953923532828
2022-09-21,-0.7242548418512681,0.2189640950431043,0.14177784260542642
2022-09-22,0.8829592798101539,0.5248320825115765,-0.9899891020972729
2022-09-23,-0.7892346120454181,0.37307612186672234,-0.42439060975702864
2022-09-24,-1.2176526066182738,0.3404864431778672,-0.3119521369240906
2022-09-25,-1.0174699290282079,0.24885369653157463,-0.6243845507568235
2022-09-26,-0.415138845389501,0.37172005771116184,-1.2704459244811441
2022-09-27,-0.5678855378958314,0.2322582583376195,-0.23110163463037117
2022-09-28,0.00881780859308579,0.26638168462438766,-0.6107647481679533
2022-09-29,0.001212789268277526,0.2032186452371084,-0.2402905878232851
2022-09-30,-0.3704250667512093,0.15039199618187557,0.013489906642784292
2022-10-01,-0.47421681306006686,0.16168675074357733,-0.1345162649243957
2022-10-02,-0.5237035690010942,0.1330991448313665,0.14373932518165602
2022-10-03,0.5435153601443516,0.3167159181654005,-0.6637970438960936
2022-10-04,1.0599590266717647,0.3631937676926035,-0.3924774803332737
2022-10-05,0.15933038201907532,0.2032251739506359,0.6166268556646577
2022-10-06,-0.18818356808441616,0.11809631518296264,0.319076744807598
2022-10-07,-0.48844050036273534,0.08664346851730569,0.45598711807546377
2022-10-08,-0.12753488606950797,0.13307469681581413,0.2308666899527712
2022-10-09,0.12313778550998616,-0.3621115757592091,0.047665496094817794
2022-10-10,-0.45144399655330586,-0.41762051963773716,0.2035613746738102
2022-10-11,-0.2117081430830062,-0.38306607126319825,-0.02305816469518221
2022-10-12,-0.04909560016858084,-0.39235843727526937,-0.3039715904662161
2022-10-13,0.1301788834377687,-0.8394514558665883,-0.4648038698289661
2022-10-14,-0.3528336607022549,-0.9098104346914815,-0.015606889340323452
2022-10-15,-0.26487541337047643,-0.9393191061869037,-0.10559776680328208
2022-10-16,0.22158574538194975,-0.8812161111515409,-0.32570649979293875
2022-10-17,0.22650189097772225,-0.8698701433910199,-0.498106437721599
2022-10-18,-0.5638036959764929,-1.0253401968127145,-0.20822456527362143
2022-10-19,-0.5504161008601827,-1.017617914706342,-0.2360173831096269
2022-10-20,-0.39723769185766367,-1.0844033999392733,-0.33438234513282455
2022-10-21,-0.026757168426678656,-1.0819805353043306,-0.42363790557817504
2022-10-22,-0.06400029425044991,-1.2876142566339421,-0.30656386861599993
2022-10-23,0.38397535050126846,-1.2054609141073522,-0.5679685202892236
2022-10-24,-0.22865547026232771,-1.333027169721131,0.08871802104808585
2022-10-25,1.0701130064987503,-1.0543455846604897,-0.7203919203251713
2022-10-26,1.1159711660868976,-1.0337113488913225,-0.44611323498994543
2022-10-27,-0.30073915477406055,-1.1719416088070351,0.5607299474291183
2022-10-28,0.6659865870237862,-1.0487936807237015,-0.11132611838220485
2022-10-29,0.6712045789903722,-1.066200945566316,0.08176678231958703
2022-10-30,0.1407510429899777,-1.1254827974147517,0.3847991567216171
2022-10-31,0.06064127470060003,-1.1106149696731773,0.22019671246126118
2022-11-01,0.2556192420844089,-1.1126320500854057,0.14572419153568544
2022-11-02,-0.10330490984175933,-1.205684025306922,0.4332853334335891
2022-11-03,0.33420543701775995,-1.2555866300084562,0.07112914479059752
2022-11-04,1.4877946911783104,-0.9472766628064088,-0.6104335443653118
2022-11-05,0.665390075967788,-1.0982730481582592,0.2615443219926106
2022-11-06,-0.03507074480928959,-1.1794636885419247,0.5421122743010933
2022-11-07,-0.03341389563192204,-1.1548128197873921,0.4930886059914753
2022-11-08,-2.638901556301498,-0.7602532228394105,1.5871019952717207
2022-11-09,-4.465058658123477,-0.010992703620805023,1.7478088608504483
2022-11-10,1.4040097911630545,1.2556681342933385,-2.9641513753839797
2022-11-11,-1.766318474267146,0.8096629898893886,-0.23738638403192294
2022-11-12,-1.5008529963438246,0.8732570818212048,-0.719479619436933
2022-11-13,-1.850906039483764,0.848237222636719,-0.526235186529892
2022-11-14,-0.8433434149140249,1.0041752245471265,-1.3304922717862016
2022-11-15,-0.7743336020893515,1.0053278993503458,-1.253944000415321
2022-11-16,-1.3715244576951078,0.8957948057275053,-0.6314603349792124
2022-11-17,-1.083742445045083,0.9436940711032182,-0.9305829547596867
2022-11-18,-1.2895485394030084,0.9526729240844767,-1.115625347497935
2022-11-19,-1.3088657098724612,0.9553482668596399,-1.1436377178789372
2022-11-20,-1.8974216362013607,0.8779437069435542,-0.6294250036986219
2022-11-21,-2.089458570372523,0.8810170744058143,-0.5694875707891194
2022-11-22,-0.30938547084878776,1.0561279607028455,-1.1864047923974652
2022-11-23,0.6370248485239518,1.0323422576606884,-0.2612986646883096
2022-11-24,-0.4730384538474855,0.913295285454051,-0.259074847309352
2022-11-25,-0.4284377170720279,0.8392075921414579,-0.0281403295644295
2022-11-26,-0.34119113304800097,0.832305027346861,-0.005942309645784113
2022-11-27,-0.153336422512667,0.8181440115900963,0.08173432723191627
2022-11-28,-0.5825558849839791,0.7745798458996709,0.1877579172757033
2022-11-29,-0.0011608426414143659,0.8864646063750424,-0.410775372187058
2022-11-30,0.9354867221270909,1.0525193000051984,-0.7340919573359812
2022-12-01,-0.321403169891747,0.8632782999399121,0.3746289418626078
2022-12-02,0.1165004386031904,0.9278668227986044,0.010642750396624502
2022-12-03,-0.32347837578117167,0.8691545608466205,0.32287466813074567
2022-12-04,0.3999683734832784,0.8644937466046929,0.027135827694779537
2022-12-05,0.05620380112989391,0.7746727378330652,0.6253631744558659
2022-12-06,0.28648080685164545,0.8378554710410708,0.18415018501560762
2022-12-07,-0.3814516503826953,0.7772299109287271,0.40324923111747374
2022-12-08,0.5487025326120106,0.6094250564051248,-0.2847166642346501
2022-12-09,-0.020530026959493863,-0.351579164939714,0.22230245039189014
2022-12-10,0.15220904953942407,-1.0145104718595739,0.04702236105135727
2022-12-11,0.12988551831620115,-1.0934978493341974,0.062204699603694145
2022-12-12,0.40150055243113625,-1.0884580475920758,0.016482791505278364
2022-12-13,1.0941200024177575,-0.9848539310799237,-0.45324216326711125
2022-12-14,0.1890569930564848,-1.0954026136101789,-0.023634996399714794
2022-12-15,-0.46965247118258885,-1.1439544354297808,0.48060979777163415
2022-12-16,-1.0835562250817228,-1.066769055651759,0.566684836335017
2022-12-17,0.08710211000857011,-0.8927960611053063,-0.39174739496177235
2022-12-18,-0.23014558871529986,-0.9262175140264355,-0.2384727524974155
2022-12-19,-0.6414977101038652,-0.956300295291831,0.06684492099411332
2022-12-20,0.47854045820626906,-0.7895306293413595,-0.8228784156294796
2022-12-21,-0.18461965593178892,-0.9825982096609301,-0.07091995829856693
2022-12-22,-0.17157572288931314,-0.9963650860204167,-0.31925847393595935
2022-12-23,-0.207000660730379,-1.054445033975301,-0.24605030313122553
2022-12-24,-0.08304296959379757,-1.037610711460758,-0.3346513902864628
2022-12-25,-0.14870088967719255,-1.0520997279110451,-0.2578513819312883
2022-12-26,-0.050330300880888856,-1.0348506685831913,-0.37013322504410606
2022-12-27,-0.6382072576351007,-1.0666784292165452,-0.25053052527998854
2022-12-28,-0.6524353415841885,-1.0636112819338912,-0.3561301181890715
2022-12-29,-0.168179088951421,-1.0317735395367218,-0.5226340874675857
2022-12-30,-0.11457858181219088,-1.2348264744449737,-0.16539966334580505
2022-12-31,-0.19913480339083806,-1.2444239410114413,-0.2118671061049512
2023-01-01,0.008257532570066868,-1.2216763680053477,-0.3449278849085761
2023-01-02,0.11511640233113421,-1.2392335684349856,-0.20271051340454246
2023-01-03,-0.130760152641783,-1.2627431073976354,-0.2669784453801753
2023-01-04,0.20114838862041104,-1.222448854078273,-0.42309159020012743
2023-01-05,-0.07854560491634202,-1.2698599497053265,-0.17019057624703934
2023-01-06,0.14918167013810235,-1.2573902705892415,-0.3021421911351621
2023-01-07,-0.00528981767920071,-1.3303382366026255,-0.18219450326151246
2023-01-08,0.20698383961665942,-1.3020523961105872,-0.3023265103256886
2023-01-09,0.1757620507903196,-1.3054280792046504,-0.2541705326682142
2023-01-10,0.5003020713703009,-1.2660727437000383,-0.281822155018477
2023-01-11,0.9999865595606994,-1.1662874900594182,-0.3446606677751791
2023-01-12,1.778681162835749,-0.966625929902082,-0.5688428727704404
2023-01-13,2.1860545782893914,-0.7721327656884924,-0.25685300274015843
2023-01-14,2.5195861955109593,-0.7030442977926586,0.15580951299252915
2023-01-15,1.2281339475112738,-1.0546481654672037,1.3064937643498837
2023-01-16,1.6870123098211154,-0.9919939117963434,0.9852451538221425
2023-01-17,1.3857153960226092,-1.0439888412584195,1.2868201065085967
2023-01-18,0.691136841526258,-1.0935446254531322,1.5273646684639475
2023-01-19,1.7152384510625607,-0.9781901769804922,0.7828456318225794
2023-01-20,3.3570087228686454,-0.5278481097314973,0.08562197536300473
2023-01-21,1.8795615917465216,-0.78003048044131,1.617712895484591
2023-01-22,1.6551442622541448,-0.799108937602485,1.689527318463403
2023-01-23,1.932376748714476,-0.7622246249608575,1.4597780660383783
2023-01-24,1.258161054769015,-0.8027998682695103,1.7418806207694804
2023-01-25,1.94035648256835,-0.6758174263382986,0.9713070270708771
2023-01-26,1.040036282797902,-0.7601459821021717,1.1283379248769903
2023-01-27,0.8286081858934068,-0.7431796815015422,0.6740519523181733
2023-01-28,0.40977253366419114,-0.7294727889097068,0.43050410838318437
2023-01-29,1.3598539306095692,-0.6087432357983357,-0.0757338912743748
2023-01-30,-0.4936593032145579,-0.7005978334292833,1.1329628049360887
2023-01-31,0.6998398911456795,-0.5249008536549693,0.10196746851449077
2023-02-01,1.2468828414316906,-0.4922867531318037,0.13262749690649803
2023-02-02,0.3006113616032917,-0.587039443788449,0.7130013281024582
2023-02-03,0.07691290613283841,-0.5202255944681583,0.08292831185419061
2023-02-04,-0.06235576272048977,-0.5257636924264499,0.11664953944918849
2023-02-05,-0.37658806045880794,-0.5213378997284064,0.2807653277599047
2023-02-06,-0.31296390706418675,-0.4757315499957986,0.024375493530628754
2023-02-07,0.5306197262518204,-0.37284789229656795,-0.43337726204581023
2023-02-08,-0.43143077569270916,-0.45725736357724633,0.14318303219717293
2023-02-09,-1.4259488692516349,-0.3979935268444845,0.6571824020639491
2023-02-10,-0.5999740038171242,-0.26200026945305277,-0.26442814642996615
2023-02-11,-0.15267709581339658,-0.3090763557887665,-0.5918470547288102
2023-02-12,-0.6216936945940854,-0.48088290506935244,-0.4909314075314461
2023-02-13,-0.3058478170639508,-0.6260206835839802,-0.39979997611825663
2023-02-14,0.10621854547665949,-0.5503699519253,-0.7498089541134816
2023-02-15,2.0275404833289894,0.11508567897546641,-1.9431993385389217
2023-02-16,-0.6699111854105219,-0.25508204433493514,0.5485046767863064
2023-02-17,0.9990978187992899,-0.009875760033462203,-0.6673045872787424
2023-02-18,0.26304304400102757,-0.14852885049093453,0.15683555567562674
2023-02-19,-0.040961773439968555,-0.43880579646646717,0.4851715183127338
2023-02-20,0.8362169999917803,-0.3164401765805403,-0.0508046470337934
2023-02-21,-0.15935443836123353,-0.4141640307401462,0.5035666705667334
2023-02-22,-0.016442467310872545,-0.3900915252824969,0.4057637132446894
2023-02-23,0.22065858988742967,-0.4071365971076299,0.634661455377308
2023-02-24,-0.3760088377184587,-0.43960662835845093,0.9487049437051329
2023-02-25,0.20467870977985997,-0.3311847959440432,0.243242666338014
2023-02-26,0.6968110776567522,-0.2640979639187216,-0.011282025351244323
2023-02-27,0.29323640097925546,-0.3269900420971625,0.36077613099961214
2023-02-28,-0.20994803412676874,-0.4037494314942616,0.46065820968361476
2023-03-01,0.21764038285013937,-0.3100014642088646,-0.712224419576844
2023-03-02,-0.2811312189335412,-0.42059693166592294,0.010078307171044621
2023-03-03,-1.592011132479952,-0.4552121699234516,0.4189522214811493
2023-03-04,-0.6097273902511631,-0.29482723262327437,-0.5932805187967124
2023-03-05,-0.44099450845047494,-0.2840653118116295,-0.5984318144213221
2023-03-06,-0.6268716827324268,-0.29264339020268054,-0.6170718539802711
2023-03-07,-0.787948097778966,-0.3342814381882355,-0.3932180862029486
2023-03-08,-1.1321585494671935,-0.35614944030695234,-0.17288131865971842
2023-03-09,-2.244360060320478,-0.33696933353038055,0.4292492766824884
2023-03-10,-0.9928931801421145,-0.15967721131609858,-0.6018712202355281
2023-03-11,-0.22763962881230684,-0.13147943680270516,-1.1511684308706862
2023-03-12,1.1422449093047173,0.2850146220412306,-1.9557421469381453
2023-03-13,1.9750498501896567,0.639471391886748,-1.8161243010705779
2023-03-14,0.7242939085891883,0.39663446320175216,-0.1345655386001014
2023-03-15,-0.2839738309232768,0.2915181432041732,0.457185120827087
2023-03-16,0.8211010463372458,0.44157469994451387,-0.24963987373227647
2023-03-17,3.106341484723124,0.6297989317872003,-0.8058955128833404
2023-03-18,0.6310671951253449,0.22479806313526263,1.4408009376103594
2023-03-19,2.0678140836288565,0.40767960631468325,0.47926533833455603
2023-03-20,0.9514882298800864,0.24698447223012682,1.4636671072854555
2023-03-21,1.6339632937686204,0.31413972179976535,1.1087098442670782
2023-03-22,0.6055324194375322,0.196749873120397,2.0191231904732794
2023-03-23,2.786424359252117,0.4180003274934829,1.2974099731536517
2023-03-24,1.1937995180660474,0.2292848373911427,2.565938765851856
2023-03-25,1.6673307983881545,0.3344745726821886,1.7776743756915165
2023-03-26,1.677999589345728,0.37287713439886155,1.0135763872053214
2023-03-27,-0.12742896968421524,0.295841480544837,1.2861858081976116
2023-03-28,0.5157057414297898,0.42029039546821784,0.43331447029767417
2023-03-29,1.5868715688811055,0.5613674435446377,0.028481855422995105
2023-03-30,0.2698479713824613,0.3912282907080348,0.8640620192917998
2023-03-31,0.4071417269559073,0.5052966553633226,-0.142263430399111
2023-04-01,0.10154954681360738,0.4329298797873697,0.3251043238963455
2023-04-02,-0.26062128643547133,0.3257934756796927,0.16278479383012892
2023-04-03,-0.4381267017704593,0.3193413458867731,0.28751360730249637
2023-04-04,0.15359576628156169,0.41796129604413573,-0.31333110004991077
2023-04-05,0.0462915242758294,0.3614797808175009,0.1405955744085486
2023-04-06,-0.290301029599119,0.3514717532196556,0.02069438412542368
2023-04-07,-0.13652944837752237,0.31446938512921596,0.1461538808899488
2023-04-08,-0.01519310559062224,0.12690627590516143,0.02153149847452749
2023-04-09,0.2384036757132183,0.15699783371237327,-0.27912932668979895
2023-04-10,1.3702512816382966,0.29074629624569054,-0.5340413221178213
2023-04-11,0.8934569221151911,0.02987601259151811,0.10611265773449008
2023-04-12,0.1773907186454541,-0.34557636920406076,0.30806568647120514
2023-04-13,0.544095284287652,-0.3226741397716952,0.1714554882957512
2023-04-14,0.34714110708068124,-0.36297353546742406,0.2160083660230148
2023-04-15,0.15245119388582634,-0.40419375201099667,0.3729235242184535
2023-04-16,0.33440840776081304,-0.8517289409977821,0.25016497448285796
2023-04-17,-0.3601782696290325,-0.9052995267758751,0.7766608430679152
2023-04-18,1.0464207336526063,-0.7311254105413151,-0.41365301087186157
2023-04-19,-1.057914017129941,-0.8321988391361004,1.0835354810248314
2023-04-20,-0.4674024797778281,-0.7019466829276075,0.3273129179821063
2023-04-21,-0.9373340785911606,-0.7287562677795486,0.46725041673954915
2023-04-22,0.31784945014768834,-0.6072767026997741,-0.5850997258864813
2023-04-23,-0.39054974389732855,-0.7481066232449035,-0.11519003108158435
2023-04-24,-0.5157866941418384,-0.7135227756042017,-0.4825484082541882
2023-04-25,0.1814043728729245,-0.5796273811274293,-1.0884145261519316
2023-04-26,-0.2963318244269568,-0.7290492115273305,-0.5431003656431833
2023-04-27,0.5434938192065439,-0.5478376262339444,-1.0884621582572123
2023-04-28,-0.3735101863001913,-0.7757091652926049,-0.25772557550191
2023-04-29,-0.3308422974696044,-0.7804053151586896,-0.2760872817756025
2023-04-30,-0.24464047090481503,-0.7809859585681249,-0.3543664672657095
2023-05-01,-1.1824641667882363,-0.8155995588849156,0.46160280486121485
2023-05-02,0.06064427763446025,-0.5770811447031351,-0.8880054270347164
2023-05-03,0.19769380345247584,-0.6388723710324241,-0.3463108197605292
2023-05-04,-0.0788478458971209,-0.7084046149166616,0.08978964197055105
2023-05-05,0.8754155608282305,-0.5953778221239718,-0.1947561060784956
2023-05-06,-0.3227744773341004,-0.7101686364737309,0.5279416648962606
2023-05-07,-0.24310276001743436,-0.6730833247382095,0.36547989329967046
2023-05-08,-0.6195628124872905,-0.661560930471524,0.4710084731156774
2023-05-09,-0.23525048429987114,-0.5752193285363657,-0.22589276572244316
2023-05-10,-0.2576836258790986,-0.7110190458478846,-0.2683193041205787
2023-05-11,-1.0091880860648395,-0.7747181448987969,-0.12236712761446102
2023-05-12,-0.6989121964382182,-0.7201074512528777,-0.458191256569739
2023-05-13,-0.5491213914863246,-0.7073905367496689,-0.5845877343037023
2023-05-14,-0.3925827330184306,-0.6843173154076015,-0.6930457218708093
2023-05-15,-0.042860943274224975,-0.6734018303299067,-0.523489319193941
2023-05-16,-0.5091615287607781,-0.7197788666677256,-0.33273262951559524
2023-05-17,-0.09059728139560984,-0.6790042253353028,-0.7303274114322722
2023-05-18,-0.8904192582846174,-0.8539693361498762,-0.09373993594346712
2023-05-19,-0.502692046300074,-0.9311985830826366,-0.7014317277880123
2023-05-20,-0.20580760102078444,-0.9330103869272738,-0.694291181396624
2023-05-21,-0.6771082404042668,-1.0850845097677522,-0.2118277460303079
2023-05-22,-0.14420607073474204,-1.0653287775858662,-0.42729905766369847
2023-05-23,0.15441960424590861,-1.0214459260450783,-0.5642069181961596
2023-05-24,-1.0100665907917288,-1.0960300463497616,0.2654344705375517
2023-05-25,-0.04910533998876213,-1.037616806238357,-0.40161978490012107
2023-05-26,0.11964118074392145,-1.0224756563123492,-0.3939419982024725
2023-05-27,0.08392237046750105,-1.1590779430903548,-0.2969948721818424
2023-05-28,1.1348232004922125,-0.8532829519764606,-0.9034967605467932
2023-05-29,-0.20874739578093104,-1.037842533573857,0.19090868341614384
2023-05-30,0.038396829852480566,-1.0029280722391911,-0.00891620894489689
2023-05-31,-0.4626656598518566,-1.1453047853724188,0.1477699579734754
2023-06-01,-0.3699649714605612,-1.1644899306448484,0.11960836898570193
2023-06-02,0.3573554530614213,-1.0499906558402634,-0.4543935713722063
2023-06-03,-0.20291523850762416,-1.1226582860557732,-0.06268567919564941
2023-06-04,0.05563452640552399,-1.1548894604620652,-0.15418504081471074
2023-06-05,-1.3470387801181773,-1.1687678576555345,0.6645157333366339
2023-06-06,1.1499739225004073,-0.5703332246743292,-1.3632089799050342
2023-06-07,-0.7694132496578229,-0.8622991347977771,0.5479403730322553
2023-06-08,0.06269367219239796,-0.7234632372849272,-0.27162463212195753
2023-06-09,-0.14565136263498538,-0.7453972644234308,-0.1738382215776999
2023-06-10,-0.7856188585458647,-0.811915961865065,0.15119868941801565
2023-06-11,-0.41609982722192446,-0.7064036766838862,-0.6327090894027839
2023-06-12,-0.46616737801156266,-0.7265085124514211,-0.47542303026012966
2023-06-13,-0.4106929465703795,-0.7223822301452759,-0.5086190297848481
2023-06-14,-1.1461642590698156,-0.7833111940383503,0.09016629969462514
2023-06-15,0.05248961416030126,-0.5999667234685684,-0.7711970627767705
2023-06-16,0.3602882149890146,-0.5206246183624872,-0.9397801639238709
2023-06-17,-0.04469906344649419,-0.6232298526407913,-0.3975992899165726
2023-06-18,-0.3762677657481794,-0.6658751109326775,-0.15403780975998907
2023-06-19,0.5647191766489598,-0.5786560474758349,-0.3207000719814527
2023-06-20,1.2974112359885832,-0.30183787028383685,-1.0668184160582788
2023-06-21,1.9362339377600615,-0.1465042309272964,-0.6158163996353417
2023-06-22,0.5173249794089959,-0.36748502401741195,0.6742228014568523
2023-06-23,1.3249507287481723,-0.31877396721332774,0.1997886946157057
2023-06-24,0.7883333747863601,-0.42838839946280166,0.9774879232847635
2023-06-25,0.8060149734693905,-0.4157724811630545,0.8877670302225892
2023-06-26,0.6728640176654426,-0.4233278915524392,0.9519608996447921
2023-06-27,1.1995818688400324,-0.44076713508724824,0.5885940428411315
2023-06-28,0.561642518846954,-0.546069999277902,1.3697985792695402
2023-06-29,1.1939445796778503,-0.4312577707576022,0.6638463030445111
2023-06-30,0.7860107341589561,-0.48238581199253466,0.7149754781924368
2023-07-01,0.8231863463883858,-0.49143426867515194,0.6364171345881633
2023-07-02,0.8139197676714863,-0.5101646312264773,0.7403642884282434
2023-07-03,1.1518013217271268,-0.44955636688287043,0.37890526434602534
2023-07-04,0.1197850790814233,-0.5149672761963988,0.6096509608135207
2023-07-05,-0.17625869620585372,-0.6410053290310204,0.1362574715017462
2023-07-06,-0.49720834623514765,-0.8078697899832474,0.27188731247735054
2023-07-07,0.1746409544612666,-0.7661159210022757,-0.524724947902249
2023-07-08,-0.15126973785099293,-0.820569961027301,-0.1664753562365119
2023-07-09,-0.2112426693350578,-0.8254703038945397,-0.12555029734164375
2023-07-10,0.12900404293182244,-0.8435255806158497,-0.3068541298319241
2023-07-11,0.06438280620815179,-0.8460587092540575,-0.31731689670328755
2023-07-12,-0.1727792830716553,-0.8912582605854659,0.05246573928251066
2023-07-13,0.8709026357845263,-0.6917858078932296,-0.727172521044808
2023-07-14,-0.8702495075952101,-0.9008337215850266,0.5913804502933762
2023-07-15,-0.151856257255539,-0.7828110754699649,-0.1771268402300376
2023-07-16,-0.16960284287910576,-0.8176764256343173,-0.1886509605990952
2023-07-17,-0.31972821781690824,-0.8139226199912196,-0.2581370953330338
2023-07-18,-0.43791178468623343,-0.8312469911559025,-0.11311722074608938
2023-07-19,-0.13649107294523571,-0.8098318789366294,-0.30333107116082814
2023-07-20,-0.16854307236181704,-1.0249748491463406,-0.11240615075521236
2023-07-21,-0.03902949260524006,-1.289700822415578,-0.37040827896733153
2023-07-22,-0.2355139000268754,-1.317776309201975,-0.20613946628436544
2023-07-23,0.16601225031759093,-1.3277936884318429,-0.4546040675560958
2023-07-24,-0.9084985875139132,-1.375629933119846,0.2114009841895409
2023-07-25,-0.2562556244644387,-1.2622546653642253,-0.489805454834213
2023-07-26,-0.13836726014056677,-1.2569101806389857,-0.4840890666778982
2023-07-27,-0.5400105228179686,-1.2976277144322899,-0.4942389472146122
2023-07-28,-0.14589497534856274,-1.3104472375013565,-0.4724855535234456
2023-07-29,-0.18338845974685866,-1.3357385160725315,-0.40949556068227977
2023-07-30,-0.2763487393469747,-1.3497643429388246,-0.3299669814953396
2023-07-31,-0.2400792670189875,-1.3485828747477486,-0.3466181409857598
2023-08-01,0.24750208321088568,-1.27129456828531,-0.5678157505862943
2023-08-02,-0.556877821647827,-1.3899174221774153,0.022622890010570728
2023-08-03,-0.13499661652679976,-1.3364848613017126,-0.3451241376167201
2023-08-04,-0.27018512024334435,-1.354334703035863,-0.28984526785728165
2023-08-05,-0.19702257833854953,-1.382177309250378,-0.3280442649158579
2023-08-06,-0.22752532614365223,-1.4008245481767994,-0.40874805102375494
2023-08-07,0.06271364025261411,-1.3910839312480268,-0.32187221011645084
2023-08-08,0.48426814642306754,-1.2996034770509686,-0.5414955416600555
2023-08-09,-0.14930364694877696,-1.393417287165139,-0.03389784571458329
2023-08-10,-0.09568105873401499,-1.3903458154406723,-0.08261707545692545
2023-08-11,-0.04972810642367528,-1.381245077274109,-0.18061019466188322
2023-08-12,-0.008856730475721998,-1.5300520409731038,-0.23747390488524958
2023-08-13,-0.1192317654790252,-1.707755985903924,-0.15583818726545753
2023-08-14,0.0995915128945736,-1.6746500375743898,-0.31033415471127707
2023-08-15,-0.2896158093702774,-1.7032381160941295,-0.17224220239243082
2023-08-16,-0.45207493684319217,-1.7008564951294398,0.008382089402323581
2023-08-17,-2.0296945764315306,-1.3792418812742793,0.8436618737670577
2023-08-18,-1.1089810469697097,-1.1795766860147388,-0.2640670472751878
2023-08-19,-0.5664723714058494,-1.0907205780746994,-0.7758844590381806
2023-08-20,-0.510947246372669,-1.0859521105497083,-0.7963734085453444
2023-08-21,-0.6756235676032267,-1.104831279780202,-0.7029453797568135
2023-08-22,-0.8090512800028229,-1.120600506994734,-0.7946971200903381
2023-08-23,-0.299420006620179,-1.0877538201944028,-1.0922837300209922
2023-08-24,-0.8708584580308214,-1.1733416504832597,-0.5789139825657245
2023-08-25,-0.763078650640181,-1.1577939042307603,-0.7182348459463779
2023-08-26,-0.712071510325271,-1.1468395295060212,-0.7893089457127859
2023-08-27,-0.5767623740653852,-1.1335722886977115,-0.8507107940293239
2023-08-28,-0.6473347730990433,-1.1417737675535615,-0.8155142889740703
2023-08-29,0.983784585180391,-0.6277342278064447,-1.7422150909942302
2023-08-30,-0.6647181928226992,-0.8854366560457484,-0.09489568678812031
2023-08-31,-1.289040843065261,-0.8916251068308232,0.7650327362714854
2023-09-01,-0.23423003564650913,-0.7521381402964454,-0.0918581613287518
2023-09-02,-0.06639897202793174,-0.7244482788789854,-0.24979042310978022
2023-09-03,-0.03816013717207862,-0.7165768195899044,-0.2743079220159702
2023-09-04,-0.26885875453465125,-0.7501309909643576,-0.08280983763705496
2023-09-05,-0.15457478326814478,-0.7346284278702176,-0.17214323680411017
2023-09-06,-0.23646411729456496,-0.7330727184824265,-0.2636014463776314
2023-09-07,0.3432699002149993,-0.6759038912509103,-0.5316192249526112
2023-09-08,-0.3759617153073949,-0.779225020116939,0.09354115621548661
2023-09-09,-0.10699689697890918,-0.7356686590602088,-0.16207955053846104
2023-09-10,-0.18090174688607616,-0.7415322579998864,-0.14826693101890587
2023-09-11,-0.8239844471520534,-0.7881066083852938,0.2097498020588036
2023-09-12,0.11656163142311289,-0.5361725735355644,-1.0703099121780209
2023-09-13,0.03201756348812388,-0.5670589936790112,-0.6704103057242078
2023-09-14,0.29825986350806155,-0.5863654398267312,-0.2587178057816796
2023-09-15,0.14422667655839919,-0.6302190452620254,-0.021055035004653156
2023-09-16,0.05031054095980784,-0.96084566380179,0.007804300038696318
2023-09-17,0.028720792567102187,-0.9985524996383853,-0.03023919606702555
2023-09-18,0.31219617034764346,-0.9657731898734677,-0.15294778259768665
2023-09-19,0.6011604263187904,-0.9229949596129801,-0.2341202716772979
2023-09-20,0.16544287157502796,-0.9916944221699933,0.17825772522234629
2023-09-21,-0.4395840582658491,-1.0079904820238705,0.3391131828802763
2023-09-22,0.0866165112838908,-0.9539004221914416,-0.03941712483525584
2023-09-23,0.07946709890295862,-0.9639000890169818,-0.028589188830997078
2023-09-24,-0.23307571416441364,-0.993115823444799,0.17548320857684943
2023-09-25,0.21445534583548015,-0.9544688106684827,0.03990281325206252
2023-09-26,-0.049217908537609975,-0.9609585333369933,-0.024524629688960086
2023-09-27,0.07140398050148482,-0.9274390053155117,-0.2537307805581449
2023-09-28,0.587605007487074,-1.116267338510726,-0.6375278828422818
2023-09-29,-0.07433561115459797,-1.2353461494042197,-0.05282271502990529
2023-09-30,0.08990902111189711,-1.4704132079420136,-0.19169566799780025
2023-10-01,1.054458520896312,-1.2293725772137059,-0.716831864726645
2023-10-02,-0.23163559215437338,-1.374632020329221,0.2888205216167922
2023-10-03,-0.07919124638907349,-1.3216955156512824,-0.08926449361164834
2023-10-04,0.3746087174636834,-1.2617117006061331,-0.3619061177079042
2023-10-05,-0.16669524979401545,-1.3353638489026047,0.2574010552266301
2023-10-06,0.6428056921244726,-1.2007655238008497,-0.33631493381461885
2023-10-07,0.2539357830871239,-1.2902679678415068,0.05842779393923854
2023-10-08,0.2755787977226483,-1.3214101461749705,0.1613802228054334
2023-10-09,-0.04900644097476287,-1.335779500282241,0.3231917569746095
2023-10-10,0.04745114674732194,-1.3092159508475352,0.1832684511303972
2023-10-11,-0.3399139089983776,-1.37562123925833,0.296855574977254
2023-10-12,-0.18738502307034735,-1.373246698679988,-0.17736951919450095
2023-10-13,0.033004639630825304,-1.3668070023764975,-0.3119094988348267
2023-10-14,-0.06216638859471624,-1.3929935029356024,-0.24066049934624706
2023-10-15,0.035314839129225645,-1.3353232228986247,-0.6124709735860827
2023-10-16,1.2071185314842117,-1.001223261300891,-1.0604603369678705
2023-10-17,0.06496824807410548,-1.18621592309147,0.07677602279772308
2023-10-18,-0.014780661907346997,-1.1797700897948025,-0.026460374215642107
2023-10-19,0.4996892129402267,-1.1373212355841902,-0.23092850828636918
2023-10-20,0.9939489702257656,-0.9958610872847459,-0.5610807337369702
2023-10-21,0.49301302018612647,-1.1346691673030562,0.01655066816305917
2023-10-22,0.3996749455915425,-1.155656683588609,0.1525280561508697
2023-10-23,3.187553874424095,-0.2164187685585031,-1.2278631205728565
2023-10-24,1.7265332641191233,-0.509410325770937,0.6383436849159202
2023-10-25,1.8302965654674812,-0.5467890621639779,1.0341127925235674
2023-10-26,1.1991972274055336,-0.628987673871905,1.5836723055913366
2023-10-27,1.181105191064878,-0.6012021969728485,1.4490914196677407
2023-10-28,1.4848495970397844,-0.5750988936059609,1.2184565283492328
2023-10-29,1.6666848805350176,-0.5557546931205721,1.0651863067710556
2023-10-30,1.028499495296022,-0.5831873534130149,1.0322691439146174
2023-10-31,1.2108387132945178,-0.6151021974802736,0.9584500112744774
2023-11-01,1.7498509294465117,-0.5864033763141705,0.7545473852541693
2023-11-02,0.7904820197935121,-0.6811761835414618,1.3389904814329854
2023-11-03,0.7124076517585904,-0.6288947885056926,0.9161810238035855
2023-11-04,1.0669234249997261,-0.6012916804889992,0.5885628610066765
2023-11-05,0.8109603029989083,-0.6408087849554931,0.7995133212357896
2023-11-06,0.2292259634774071,-0.6036755553163059,0.1955562400797991
2023-11-07,0.41014034199542243,-0.56208594205312,-0.13035333203766922
2023-11-08,0.22643739844385166,-0.6034428476073995,-0.07945042903510091
2023-11-09,0.9397012933090634,-0.5287360276989657,-0.3478802255700478
2023-11-10,0.8248243307908306,-0.6286163817039262,0.045692606891232945
2023-11-11,0.30520127141585063,-0.6998026101476936,0.444577922493473
2023-11-12,0.26731457345243353,-0.6784434553991705,0.3037488537978724
2023-11-13,-0.08418916065273849,-0.6857298816249187,0.49483002885990185
2023-11-14,-0.5116887542236712,-0.6399042636586577,0.5698077074015583
2023-11-15,1.6859397335909823,-0.24742142590953467,-1.1392011652474763
2023-11-16,-0.8780816144617574,-0.4784360731573386,1.0529524027985595
2023-11-17,0.4534488147297987,-0.2894034039463733,-0.0691506528188562
2023-11-18,0.12827647252104082,-0.32692752236425565,0.13783835973883318
2023-11-19,0.7306464549441769,-0.2799428838083445,-0.2058250833723132
2023-11-20,0.33242130956217303,-0.34708767185201905,0.2224378959004412
2023-11-21,-0.9906804818126502,-0.36264689603685646,0.9079349274478858
2023-11-22,1.150310485152572,-0.48317726041839487,-0.8222053574338433
2023-11-23,-0.07291936501605174,-0.665363820047197,0.03147869549793696
2023-11-24,0.22513195331626681,-0.6186163062439689,-0.323623214558127
2023-11-25,0.060363691498089546,-0.6646684198043052,-0.08630650602320246
2023-11-26,-0.19566967320189943,-0.6974108682166772,0.10084316741989675
2023-11-27,-0.09528253310619897,-0.6867919666481023,0.09986956838936831
2023-11-28,0.5998768667172368,-0.6225602364960363,-0.11749515449900313
2023-11-29,-0.06721768341160704,-0.6544378029362176,-0.15658860178908518
2023-11-30,0.07222705708842672,-0.6811155118386256,0.17630950372340054
2023-12-01,0.7803608716908025,-0.5727682625053667,-0.37605427602258085
2023-12-02,0.7815052653846513,-0.6012859497777661,-0.14149949000434534
2023-12-03,0.5666602820498172,-0.6275775912959741,-0.03236452737617044
2023-12-04,1.6307241271079846,-0.3998857353368183,-0.5360912686006094
2023-12-05,2.2250939155884146,-0.33712921819598696,0.07279105047892064
2023-12-06,0.6621063872810519,-0.509272204663789,0.9580777808631848
2023-12-07,0.560162919652559,-0.5008937508130252,0.977368969658976
2023-12-08,1.2634138230892513,-0.3888570693626859,0.3849251278058013
2023-12-09,0.5464231336946066,-0.5007879804837622,0.946479662906745
2023-12-10,0.8459603691021601,-0.4705293153362191,0.7693669779079851
2023-12-11,-0.7533095248647592,-0.4638715246172014,1.713705216564974
2023-12-12,0.5231567823106154,-0.2430906428991938,0.3196891684942258
2023-12-13,1.3566660005417082,-0.1273918780799801,-0.10632990929933149
2023-12-14,0.7292235037712528,-0.2910870995468498,0.6006411353386483
2023-12-15,-0.17987147186827135,-0.5111593312629721,0.8814012674696481
2023-12-16,0.4510343607821216,-0.528149716599316,0.09699086965457546
2023-12-17,-0.34061924559802725,-0.5814873016598814,0.5054220137384237
2023-12-18,0.6406854544169636,-0.36324573329660337,-0.678230684425039
2023-12-19,-0.48823895816742513,-0.4867161537378583,-0.16373225950839063
2023-12-20,0.5919608070832328,-0.3150787927064666,-0.8164312477768958
2023-12-21,0.09383369226248532,-0.5573830530678183,-0.16179920523740923
2023-12-22,-0.03769274523012265,-0.6469961346079289,-0.22099155654078986
2023-12-23,-0.2027390784717053,-0.6763509003322734,-0.011976162103681617
2023-12-24,-0.5272445112445083,-0.6825119099701729,0.12084848672806696
2023-12-25,0.5256331173210932,-0.5955322686938762,-0.11836755328230561
2023-12-26,-0.47618482186920724,-0.6794841799132119,0.5397548669116309
2023-12-27,0.447382660694825,-0.5034466677788473,-0.5187509704947885
2023-12-28,-0.5341034652854675,-0.612176977788432,0.22126337331823084
2023-12-29,-0.327664098682722,-0.5795399291188096,0.15971389415202075
2023-12-30,-0.06742581957875544,-0.5327776726471548,-0.16444103965208112
2023-12-31,0.08840775844894454,-0.5640300462822223,-0.06487108262940486
2024-01-01,1.065059382237915,-0.3407704965895127,-0.8763397784908804
2024-01-02,0.6366521171972884,-0.43729692227587325,-0.15418927346773934
2024-01-03,-1.1874378634221419,-0.6266923649854401,0.7767816405879756
2024-01-04,0.614440460418511,-0.4468961917442829,-0.7462450281056757
2024-01-05,-0.0727931031738514,-0.5590427639327606,-0.09846058950509713
2024-01-06,-0.13710272499999546,-0.5777220998182516,-0.013598031634072976
2024-01-07,0.011265484670303064,-0.594835195566458,0.008467162678726763
2024-01-08,1.786706751934298,-0.1292700959599889,-1.1463678251370701
2024-01-09,-0.011642257279709724,-0.4128174406615796,0.7326838819982231
2024-01-10,0.5358268082176877,-0.5057845329744008,0.048955595519986975
2024-01-11,0.2706782737687095,-0.5611895775057879,0.46908005676450887
2024-01-12,-1.6162262074017257,-0.5233927093146643,1.6082494665619531
2024-01-13,-0.018044261124087222,-0.26021564755444127,-0.0002801362151773217
2024-01-14,-0.6802414100242001,-0.33832550060882727,0.36336260593418995
2024-01-15,0.059563254390651334,-0.17430892574763318,-0.6572122131155547
2024-01-16,0.003550125271065691,-0.1943455177201913,-0.6306101516133034
2024-01-17,-0.315199249547217,-0.3287227668732621,0.09091747078030081
2024-01-18,-1.1965307503979687,-0.3407679281247503,0.2849227191431719
2024-01-19,-0.22770050335801936,-0.2434145597844036,-0.591300588162599
2024-01-20,-0.36120198085242194,-0.2726768502760295,-0.4068079238559616
2024-01-21,-0.4558156342180435,-0.28695353318300126,-0.3313901630022452
2024-01-22,-2.009651992005432,-0.30990867857536736,0.09491346983077507
2024-01-23,-0.6620204129027133,-0.11965020950323849,-1.0040113925139045
2024-01-24,-0.7420969672389488,-0.13724899381533254,-0.9688276849167151
2024-01-25,-0.9310660372030168,-0.1956047608684587,-0.7636845362285679
2024-01-26,0.7648005227684123,0.03112226994104949,-1.2095131477223193
2024-01-27,-0.04349074667403557,-0.12291137753795994,-0.3266688970089351
2024-01-28,-0.11745815062574384,-0.16929655924502834,-0.00961271631828263
2024-01-29,0.6248909368824326,-0.023639490641951408,-0.6109320747127229
2024-01-30,-0.29845043887556294,-0.14371406766296635,0.06056020629550257
2024-01-31,-0.3068018140947696,-0.23790919024021484,0.0737845609329435
2024-02-01,0.3819374090472541,-0.19191538390139723,-0.09731469000594078
2024-02-02,0.1615213817877476,-0.32819841462807875,0.04792401334291945
2024-02-03,-0.01719207001288364,-0.3991067296696506,0.16015222206129526
2024-02-04,-0.16143350111223484,-0.41049472453767943,0.2298780910962905
2024-02-05,0.375381052328051,-0.38847159515038376,0.2870291303259988
2024-02-06,0.558251506755316,-0.35466429874110517,0.12182330652642948
2024-02-07,1.099415393184842,-0.5150394998712928,-0.1646062788281592
2024-02-08,1.1166731066819766,-0.5314590930603779,0.12776644776788731
2024-02-09,1.469007320441132,-0.3788706086610237,-0.29295623926840336
2024-02-10,0.9200777250598088,-0.47084021481205396,0.32611006587522406
2024-02-11,0.9705607137638564,-0.8506785319679678,0.41336020901134923
2024-02-12,1.4960146145741342,-0.7137297974418433,-0.05020362756414555
2024-02-13,0.6957069780187131,-0.9032038605551505,0.7864180604338561
2024-02-14,1.9947741235732972,-0.6855793710107088,0.13482812919922316
2024-02-15,1.0882138005340156,-0.8237658410980575,0.9145779985248961
2024-02-16,1.14511859626638,-0.8336180324049668,0.8792036572060995
2024-02-17,0.8236485552642572,-0.978499902022108,1.1273057994748283
2024-02-18,1.3366422408287626,-0.9212552445195252,0.8577165321890942
2024-02-19,0.9514083008209161,-0.9610110832049436,1.1316272299509385
2024-02-20,1.2982180141923014,-0.9113335169195239,0.7831574427584259
2024-02-21,0.6834622185504209,-1.1872789635201686,0.908681880922063
2024-02-22,0.4423479202999392,-1.1522843391471649,0.7489617140320879
2024-02-23,0.11604522956958978,-1.1084296715792388,0.46558849554407034
2024-02-24,0.7247253723311815,-1.018951808312269,-0.10272277886269639
2024-02-25,0.4012180948901291,-1.1866761717510543,0.12220949729638814
2024-02-26,1.5812620717648898,-0.8469827550531185,-0.8250434124323556
2024-02-27,1.734598206653619,-0.7963151500224889,-0.36491721947345546
2024-02-28,3.048924286517724,-0.23702523671295458,-1.0186038578306216
2024-02-29,0.4327610334501293,-0.5932693642847738,1.288030526330327
2024-03-01,1.4121493208825884,-0.47707296055636655,0.5150202183012175
2024-03-02,0.8587919807553307,-0.5513602513177895,1.1055299886631729
2024-03-03,1.4498954207013546,-0.4721007522051837,0.6382718060136444
2024-03-04,3.371272186400378,-0.07103967646267556,-0.09844257361710297
2024-03-05,-0.330510129152777,-0.2804154120900887,2.529066360556416
2024-03-06,2.145236542423402,0.07192879833992563,0.6590205133333283
2024-03-07,1.798659692041063,-0.02067642362541178,1.3195734197994766
2024-03-08,2.1993264390125717,-0.011888865305841151,1.3719922835875717
2024-03-09,1.7263002759324328,-0.0641461487510514,1.6481292036210937
2024-03-10,1.859752748009166,-0.07945170828647682,1.5773307784028883
2024-03-11,2.5909177249995494,0.09621679111463723,0.7298225766179899
2024-03-12,1.0605650908911826,-0.04749718927206345,1.4915917912046188
2024-03-13,1.2777741259385325,0.07193805692596945,0.3790928671392481
2024-03-14,0.29378105386099496,-0.043362069896000915,1.3328499399835654
2024-03-15,-0.10930588828561635,-0.01714836459862809,1.1404121065175097
2024-03-16,-1.0959612077853822,0.07722012225216938,1.5010143673330214
2024-03-17,1.3167321594223638,0.4918040240777704,-0.5763462733431843
2024-03-18,-0.45734324084763206,0.3186210893689721,0.17346744126686747
2024-03-19,-2.0843932254891526,0.3767739516610826,1.6143656423327526
2024-03-20,2.046944997736425,1.2374467909164508,-1.8685725125538324
2024-03-21,-1.0408356769579314,0.8538168607219314,0.6820703958124529
2024-03-22,-1.0827225873663737,0.9285118530999462,0.24201827713489033
2024-03-23,-0.42375918744736263,1.0245894220522067,-0.39904683545025077
2024-03-24,0.7438244218430003,1.205865844478842,-1.1391186014029384
2024-03-25,0.5287688978633804,1.2017059217682977,-0.9683440113960804
2024-03-26,-0.27487355701426536,1.0607803215054952,-0.06981690478403897
2024-03-27,-0.5988409139174256,0.992744285127437,-0.0606110090397067
2024-03-28,0.17987877559109713,1.028773557923036,-0.4007464228247801
2024-03-29,-0.3706012576123454,0.6751464375930014,0.3077289981806052
2024-03-30,0.13266119244516814,0.6665201948902246,0.44534175557822553
2024-03-31,0.5971435028292511,0.7750107154720981,-0.26788830713310424
2024-04-01,-0.4664887962476981,0.6359224524336928,0.6716583107319821
2024-04-02,-1.1485597749360212,0.6233741392594866,1.6300970791763316
2024-04-03,-0.12922059621678234,0.6755477314177601,-0.32058080162395747
2024-04-04,0.9223803817863286,0.6454428201230216,-0.5690964819774315
2024-04-05,-0.0036907771147767113,0.43664901014367113,0.540236958003802
2024-04-06,0.6004602586563113,0.524278809657484,0.06663526658244977
2024-04-07,0.17569561641800333,0.4949584643751989,0.015835819116528
2024-04-08,0.683503272269047,0.6222843717907379,-0.5712583190166706
2024-04-09,-0.9500199928683374,0.44381688034103456,0.6682537500633724
2024-04-10,0.3928529171111291,0.5733365859778248,-0.3646318932179234
2024-04-11,-0.3525641910187618,0.48161746329628796,0.09679001281307086
2024-04-12,-1.222122340358164,0.4112393476956344,0.6522934409549178
2024-04-13,-1.6682077707241818,0.4576490492331605,0.6138704162711729
2024-04-14,0.0662049431600878,0.7479130418692544,-1.0557445758636035
2024-04-15,-1.3797168679259997,0.4474873374198897,0.25368009322395413
2024-04-16,-0.14508261762135552,0.48961508264861525,-0.27757580117331676
2024-04-17,-1.3730559238151607,0.3919567953249355,0.4474505665469148
2024-04-18,0.2500119832502699,0.4535733674449562,-1.1975494571005287
2024-04-19,-0.31833414908996094,-0.05043651055660591,-0.5028656107257161
2024-04-20,-0.03144187473169642,-0.04606750760872523,-0.7664773209263894
2024-04-21,-0.4749708985352782,-0.1431284980172521,-0.405967525755249
2024-04-22,0.1552015039325477,-0.00019986672890804047,-1.063179797293937
2024-04-23,-0.45331153756631104,-0.24226080425317909,-0.16787223676057636
2024-04-24,-1.267204179252442,-0.3546599828252637,0.10130685826309668
2024-04-25,-0.4641838668988441,-0.23378647872395264,-0.5923663290611413
2024-04-26,-0.6174863483510301,-0.2904166423919305,-0.1327124424012346
2024-04-27,-0.24534512727711855,-0.3059181860494359,-0.01969429067097454
2024-04-28,-0.4180095269258041,-0.29767332905046445,-0.21117959317772397
2024-04-29,0.18142033074014363,-0.24505414356717045,-0.30542158147637083
2024-04-30,-1.4402165314752258,-0.3758505969884447,0.7047420142513344
2024-05-01,-1.2083348601451858,-0.2978648552078204,0.48088728623850424
2024-05-02,-0.15507450523267458,-0.2413070620982955,-0.7890787662807934
2024-05-03,1.1654295517663333,0.11373531290243329,-1.506860753387414
2024-05-04,0.14144179016552433,-0.11139420283776533,-0.5130182722915652
2024-05-05,-0.13344379462777337,-0.16255084001806613,-0.20523980474946468
2024-05-06,-0.6916600833850698,-0.21292590814178083,-0.09493433258550284
2024-05-07,-0.7158412703475746,-0.20867487509337537,-0.13917693654824484
2024-05-08,-0.7537686983053519,-0.28576040992764645,0.038658475094363515
2024-05-09,0.42443111216771445,-0.11375315521593071,-0.8543629086215571
2024-05-10,-1.1168669544566934,-0.31621439081730457,0.4190108977179682
2024-05-11,-0.3276780785119091,-0.1925906182798775,-0.3117505960396412
2024-05-12,-0.014436719039887295,-0.21761002156600465,-0.4647379625787902
2024-05-13,0.32735953356181924,-0.26427093030699916,-0.6841695525074488
2024-05-14,-0.4683157840235768,-0.4586110637779528,0.42816735171880177
2024-05-15,2.2688393510387375,0.07148567463154205,-0.9610115750145001
2024-05-16,0.12089093939081305,-0.22629278726892976,0.8079240879281506
2024-05-17,0.8482043483999473,-0.11490351410575972,-0.31990439418432354
2024-05-18,0.12225346983393376,-0.2656898464941705,0.20033220284240513
2024-05-19,-0.12181529439496756,-0.2842857761454364,0.3072584443448244
2024-05-20,2.2555449587163654,0.24082514116410303,-1.0071179899800822
2024-05-21,0.17240025628540684,-0.07326781016908555,1.0023527142670459
2024-05-22,0.280830831237709,-0.08074675756391937,0.9420225047843344
2024-05-23,-0.06283570392028846,-0.061842045638545465,0.7203794448988634
2024-05-24,0.7636819019310521,-0.034895983407401396,0.432725100114628
2024-05-25,0.8722909071066224,-0.028788063125820496,0.4559895570478852
2024-05-26,0.28122598345662386,-0.09696884496974047,0.7818224874837931
2024-05-27,0.7187243482804152,-0.010200651415965614,0.21875377940678023
2024-05-28,0.14367887670983384,-0.09869074040575268,0.8602143413271363
2024-05-29,-0.2304847212833902,-0.048046078828776075,0.2636131187512928
2024-05-30,0.4007309305386626,-0.10518581774729084,-0.06688059491171651
2024-05-31,-0.3395809158365084,-0.2540532948505173,0.2177001382821793
2024-06-01,0.026858690774226875,-0.20441771328899963,-0.09450384462626857
2024-06-02,0.040920924761845286,-0.3946052291537233,-0.0024260119225417813
2024-06-03,0.03630402597310523,-0.32488987172509226,-0.6372810962931776
2024-06-04,0.4832769705073948,-0.27720151356272715,-0.6148446568570541
2024-06-05,0.21484392945054306,-0.3630785327602443,-0.10871040281331891
2024-06-06,0.03473383931559358,-0.4202667556584775,0.21307416265279908
2024-06-07,-0.4543707886854033,-0.4607428406157198,0.3793691359883989
2024-06-08,-0.10007835870622606,-0.42512318139625604,-0.09777853831841167
2024-06-09,0.10713896343685583,-0.4973280549563206,-0.1372173946747307
2024-06-10,-0.11962479424837942,-0.5154501053090464,-0.07115617431274893
2024-06-11,-0.8345228116973052,-0.5471901630207063,0.47350427181860133
2024-06-12,0.2504042980157709,-0.4152153287609829,-0.3489999081304761
2024-06-13,-0.6803996658901724,-0.5267525573234875,0.21755883938017437
2024-06-14,-0.42932318325050245,-0.8123339744736859,-0.033826138645817704
2024-06-15,-0.1355174158151137,-0.7801626629775341,-0.33214080202984175
2024-06-16,-0.014607515297563245,-0.815682780203725,-0.39082350260834925
2024-06-17,-0.2994345276555095,-0.8415148345731678,-0.293195710999252
2024-06-18,-0.919405093834595,-0.8702083209210467,-0.14202276870231254
2024-06-19,-0.5698514468925238,-1.3110777613230646,-0.6188988100555624
2024-06-20,-0.5400361566462496,-1.3332418404468902,-0.6246477350007037
2024-06-21,-0.6927955700632119,-1.3746908475454673,-0.38523429980730556
2024-06-22,-0.38457262232057704,-1.349145143406639,-0.6636086995985244
2024-06-23,-0.8998873948771272,-1.4003024998924127,-0.36547428180471
2024-06-24,-1.747465244301672,-1.3379704472230618,0.05516487383474873
2024-06-25,0.04033026379928094,-1.0356090871154078,-1.172227236501
2024-06-26,-0.9850849353665441,-1.1819138874758999,-0.4413729747715038
2024-06-27,-0.19437780420916279,-1.0786899593367312,-0.885404858681125
2024-06-28,-0.9655733919736756,-1.1728628455573111,-0.21419143367628846
2024-06-29,-0.288771668958742,-1.0747025585159626,-0.8224472093905819
2024-06-30,0.24491536075556802,-0.934420658220379,-1.1257999084970425
2024-07-01,-0.29611964254128836,-1.0289824179603135,-0.5363789031042066
2024-07-02,-0.5962544157609155,-1.0785362650930674,-0.16214701230524864
2024-07-03,-1.0957289713133433,-1.1035975236682596,0.05672593434285481
2024-07-04,-1.8515655614696798,-1.075307121110919,0.3025518669229495
2024-07-05,-0.811009025166472,-0.9260374900544134,-0.6787083601784247
2024-07-06,0.04482932475886033,-0.7241507585432346,-1.2728595004475944
2024-07-07,-1.5975282118329874,-0.8926045076039935,0.11280411182101205
2024-07-08,-0.0698056342788333,-0.6816039756136919,-0.7931501397420003
2024-07-09,0.07929401101787316,-0.6085993514468582,-0.9620667612574662
2024-07-10,-0.4482184621503839,-0.7089285570035281,-0.31888008173578214
2024-07-11,-0.5959846454672141,-0.7528530855500378,-0.37595296440425385
2024-07-12,-0.08605190605667275,-0.7124333162688452,-0.5707015228995403
2024-07-13,0.2663835393380482,-0.6409210922570615,-0.7800821509160855
2024-07-14,0.3168128542040301,-0.5792207643806782,-0.8595083510797048
2024-07-15,1.5101331863249943,-0.19126676510665921,-1.3595798951136056
2024-07-16,0.2504614015085383,-0.4201764098616529,0.08147643223886146
2024-07-17,-0.056877343724521724,-0.4789758256703311,0.5617758993874105
2024-07-18,0.5262553233162673,-0.4726394488898988,0.5980837381925133
2024-07-19,1.7747546898944047,-0.2406802910169264,-0.05046966082690691
2024-07-20,0.8721212421820952,-0.3571043089604109,0.5742054619937774
2024-07-21,1.4121506652378861,-0.3512578765296461,0.774776065286944
2024-07-22,0.7660728320812635,-0.41720911658741533,1.1109080551430497
2024-07-23,0.12085372845197177,-0.4385471099239753,1.1563732997869676
2024-07-24,0.44562293154889326,-0.49543397953771356,0.7792806452085406
2024-07-25,0.8389358817789296,-0.47585916778839904,0.5472548323467088
2024-07-26,1.5364253832274732,-0.3665732949630283,0.13397838647954893
2024-07-27,0.6632556949078124,-0.47903882677262943,0.7000365467903479
2024-07-28,0.7152542803069966,-0.4770465634021349,0.40861811769447576
2024-07-29,-0.37596554877233457,-0.512411532612104,0.49472674656246807
2024-07-30,-0.19495678373334693,-0.497621065520793,0.17137700305634812
2024-07-31,-0.5576271301260853,-0.5108181574885327,0.4355804088828135
2024-08-01,0.26881515882230556,-0.39860910131274746,-0.23819313804459485
2024-08-02,-1.8126004357917016,-0.4715069193795228,0.7515766388299693
2024-08-03,-0.8695922875636044,-0.4423299147373088,-0.3807005197012164
2024-08-04,-1.793839232035955,-0.4342022774028379,-0.002904758892407533
2024-08-05,-2.707871547215167,-0.3194555855437432,0.33690611684440375
2024-08-06,-0.11589772937736079,0.0337798808998378,-1.6922004541996325
2024-08-07,-1.347339483206812,-0.15399018705938328,-0.554554851293382
2024-08-08,2.1100245531818835,0.8758968364337781,-2.9215790708807674
2024-08-09,-0.9855311934837026,0.42681954586031906,-0.29032400552723403
2024-08-10,-0.6640142465996446,0.47351470537936297,-0.5859814382322555
2024-08-11,-1.6751314213947182,0.40610163089792084,0.00837575089730864
2024-08-12,-0.5156433197098917,0.5480810636483027,-0.8443445728129363
2024-08-13,-0.1476172448497033,0.5669752119505068,-0.9168245529396087
2024-08-14,-1.2824446177848232,0.2472028845431574,0.13369484704540907
2024-08-15,-1.205557224381521,0.30303009762076427,-0.2476033290465063
2024-08-16,0.13695253717152447,0.4493242993933479,-0.7378240788465426
2024-08-17,-0.029760245254867174,0.40202471212431873,-0.3421098147846443
2024-08-18,-0.4513122361211268,0.22889780254474637,0.3551699336403596
2024-08-19,0.7893591032823695,0.33019650658898264,0.15302733532088192
2024-08-20,-0.013308664591842847,0.24443754607435478,0.42490069481588977
2024-08-21,1.2522550551595668,0.44277423982103753,-0.19894060631068683
2024-08-22,-0.5247772175289952,0.2972475672352493,0.1304498760786689
2024-08-23,1.4540637713055307,0.6772719501008,-1.0284492343812588
2024-08-24,0.1759786533600622,0.4664015292925939,0.2463586826354656
2024-08-25,0.43204324057994836,0.41723679308308476,0.44864764958683984
2024-08-26,-0.2966832591486197,0.35773898451849184,0.7841051662570845
2024-08-27,-1.3843146010212233,0.36326812595356506,1.0335924724930743
2024-08-28,-0.28632364361381346,0.5050753145485616,0.19039995976096954
2024-08-29,0.15924976691907378,0.5476491686374957,0.036517371844158965
2024-08-30,-0.21753705881394564,0.5033283407722059,0.10905182231745474
2024-08-31,-0.24192484314920729,0.5071581219828519,-0.0007977398944392309
2024-09-01,-0.8369390619993275,0.3234160788738587,0.46424714937038203
2024-09-02,0.49003578565823785,0.5584277921063329,-0.7098870578845099
2024-09-03,-0.886653802219331,0.3212996705748902,0.43806998636632205
2024-09-04,-0.2095290157381992,0.2608797613872268,-0.5235426530690264
2024-09-05,-1.168811428258587,0.11623312922298917,0.241376779935202
2024-09-06,-1.8239351530306613,0.16455830599393087,-0.057862320790451297
2024-09-07,-0.864299242334197,-0.37613267553690793,-1.0329665572479987
2024-09-08,-0.616168248994336,-0.3366267124948383,-1.1834862265109694
2024-09-09,0.2425475250843627,-0.16859072671054492,-1.446280684693366
2024-09-10,-0.027953890767946278,-0.3447078374348202,-0.5106617336848113
2024-09-11,-0.36071423940734854,-0.40798017167811235,-0.15121903189927358
2024-09-12,0.08308882883505454,-0.35862182569748324,-0.5149763173924595
2024-09-13,0.9328779008688254,-0.23265896516843623,-0.8640090703295028
2024-09-14,-0.19728537727892342,-0.42737601982017687,0.18425900093715492
2024-09-15,-0.20867393957314137,-0.4611966289842923,0.35504995574129544
2024-09-16,-0.5337572072643273,-0.4472596258475752,0.16135217773890495
2024-09-17,0.9489324981842914,-0.2317532352089873,-0.602516618524698
2024-09-18,0.7204082232112248,-0.27582513615420107,-0.23045583362862893
2024-09-19,1.0027114810844868,-0.28521214254828275,0.10769342750220337
2024-09-20,0.9205850707126483,-0.42111811581361164,0.7324670085622413
2024-09-21,0.9015986294078951,-0.4348589907689988,0.7463802545677364
2024-09-22,0.8733132150456694,-0.6292365302522861,0.6510719534341258
2024-09-23,0.41073902699214326,-0.6438015845794978,0.572574832330431
2024-09-24,0.8688013411229158,-0.5611752712741045,0.16860377706892918
2024-09-25,0.08223886560961297,-0.6837659189113563,0.7968668727818506
2024-09-26,1.2684229520767107,-0.6444052965554219,-0.17313089294149167
2024-09-27,0.5904353029620675,-0.7195027704386067,0.12146144254731883
2024-09-28,0.4872167624363647,-0.7506343160070029,0.3522965098315594
2024-09-29,0.4340648071650078,-0.7732009112791858,0.5238380132598002
2024-09-30,-0.34883468046930144,-0.7882084436729743,1.084157610034885
2024-10-01,-0.8725677506308364,-0.7296768431953382,0.7498253249339885
2024-10-02,-0.24125416344528933,-0.6461070881670304,-0.15412572049244194
2024-10-03,-0.22102827248942725,-0.6760677900672712,-0.3734672582696433
2024-10-04,0.28274438338040303,-0.5941496116057382,-0.6919336836630318
2024-10-05,-0.17861712110847536,-0.7394440448521306,-0.26686513135453704
2024-10-06,0.11086061423174852,-0.8250890855342095,-0.4806587685680238
2024-10-07,-0.3596413157383701,-0.8830594767647891,-0.05714769644165848
2024-10-08,-0.2875795205874183,-0.8535979189945977,-0.3069833619701765
2024-10-09,-0.8173330600509437,-0.9690477586856759,0.1446349880677288
2024-10-10,-0.5829560835678246,-0.8914495476887802,-0.4635956144712345
2024-10-11,0.4195029536805785,-0.6827668465993949,-1.1934571152002043
2024-10-12,-0.0375524037039837,-0.7717386924380047,-0.6311811544750514
2024-10-13,-0.40989025962436476,-0.9374160141636116,-0.28309807794915914
2024-10-14,1.2408812770370026,-0.6181174295759682,-0.9964247986718401
2024-10-15,0.8013051658811422,-0.7729878939666323,0.07828614095315999
2024-10-16,0.7350747419592608,-0.8294374715083833,0.28434293623367823
2024-10-17,0.45860938333579615,-0.9330055663576688,0.492846507516257
2024-10-18,0.8101354080521493,-0.8820614033796977,0.06693484416635166
2024-10-19,0.465224277456657,-0.9579301496742856,0.39498085959206597
2024-10-20,0.6671564031023072,-0.918955321739373,0.16601667813641943
2024-10-21,-0.12444440280537007,-0.9805407438780107,0.784277443247674
2024-10-22,0.38643955122663604,-0.8988761483336554,0.2943449021033358
2024-10-23,0.16161325684498695,-0.936805128646434,0.6527718074869145
2024-10-24,1.1929687101155015,-0.7818699242959872,-0.002133273142873568
2024-10-25,-0.18014444450011818,-0.9176322245297455,0.6783851723396922
2024-10-26,0.379305244366753,-0.8813509219932106,0.04511671749213311
2024-10-27,0.660622645795071,-0.8534866679217427,-0.01519548215202405
2024-10-28,0.8660168378316933,-0.741776474360261,-0.45769423364025147
2024-10-29,1.2400046600488586,-0.6239188397914377,-0.541506329483656
2024-10-30,0.19759348062376275,-0.8720245170617001,0.3307392837101995
2024-10-31,-0.4653446612559764,-1.0005444300828643,0.6836996178574795
2024-11-01,-0.20555970920276856,-0.9150111750916609,0.1426619202688219
2024-11-02,-0.053744779982700344,-0.8844016297827095,-0.029774066559882933
2024-11-03,-0.2562664903828555,-0.9079398032866118,-0.0159348175368074
2024-11-04,-0.3204346708536116,-0.9117418894626743,0.1609094082759629
2024-11-05,0.576754391000099,-0.7713664866805234,-0.48173624794355113
2024-11-06,2.5852313366971797,-0.14999490821540454,-1.2804859270975746
2024-11-07,0.599132962455112,-0.44845661713023427,0.42649703024286284
2024-11-08,0.8966875840777806,-0.4989334948222918,0.5047879473654203
2024-11-09,0.7667573809184288,-0.5250281867311241,0.602347952112515
2024-11-10,1.9345729946329924,-0.3362396463760813,-0.13671216548689194
2024-11-11,3.519991203027654,0.23535569611515147,-0.782351586416911
2024-11-12,0.844798375255594,-0.12640900758948392,1.2401416221942376
2024-11-13,1.8936278552185208,-0.06065297201988446,0.6540698009643104
2024-11-14,0.4182056562589967,-0.19345610994730295,2.0246609574292282
2024-11-15,2.497302888852002,0.11491009393451716,0.6924278733379348
2024-11-16,1.4286203901770067,-0.05254456291291493,1.716693950100232
2024-11-17,1.3794315265511203,-0.04820275991821062,1.766967885954755
2024-11-18,1.864887817307722,-0.007117090439502418,1.5878841950377567
2024-11-19,2.102024426087316,0.04039546738680005,1.3107072530428654
2024-11-20,1.6846675955413053,0.02615729634865282,0.8149630365542946
2024-11-21,2.4360633963476186,0.12501539703665965,0.6144495373054725
2024-11-22,1.5810231933051901,-0.038615558952190425,1.416115764727465
2024-11-23,1.1037762127669577,-0.07197528352186686,1.6783039817745105
2024-11-24,1.1187675388815042,-0.051972406422601716,1.0609445485295468
2024-11-25,-0.920088765523501,-0.020193718058700648,1.282301957438578
2024-11-26,-0.1312422142629277,0.13498787058097067,0.45732398598357443
2024-11-27,1.1155281797530494,0.35163145090975756,-0.6355793268097075
2024-11-28,0.32899085063293454,0.15023691389826233,0.5443092108619292
2024-11-29,0.6588988566627518,0.22907460576172525,-0.06587992764517178
2024-11-30,0.010137171840899517,0.08119572120244375,0.5211591281075004
2024-12-01,0.5112643050376088,0.12238800913003242,0.21225854233210584
2024-12-02,-0.11213569378210843,0.06889183117679955,0.5752801217967745
2024-12-03,0.12410940771978912,0.11905952153136769,0.13251235460571167
2024-12-04,0.7472478680829636,0.19545386369783277,-0.40955138928518525
2024-12-05,-0.6961549493466738,0.08331193662620756,0.3133796564080072
2024-12-06,0.6738494768901816,0.020942022827872706,-0.7546530312008426
2024-12-07,0.010172729936419466,-0.10029732223914037,0.042383567633097106
2024-12-08,0.3482471971558867,-0.05759030632019979,-0.1761266382647076
2024-12-09,-0.6612469803860145,-0.14332862610894043,0.9814338795489742
2024-12-10,5.6658180578651315e-05,-0.10352413353139664,0.3678843717077604
2024-12-11,1.1925372668798973,-0.2875076686046707,-0.8049349203169842
2024-12-12,-0.08022546187996735,-0.4814882720066754,0.3715103991701318
2024-12-13,0.43350629620306236,-0.4215396254365045,-0.19427257950284352
2024-12-14,0.17371899662354226,-0.5702696025129713,0.16720663763537685
2024-12-15,0.922905781825096,-0.5268498894286322,-0.35380404309998753
2024-12-16,0.8457546335851432,-0.5791531004861092,0.08878309623622235
2024-12-17,0.5132305416039409,-0.6426286729410111,0.41465863719656065
2024-12-18,-1.2453366424833698,-0.6040714835511894,1.176442630904444
2024-12-19,-0.5864081267615826,-0.4648204152470628,0.48328514734461026
2024-12-20,-0.15318014745477135,-0.3772624044305856,-0.2833123614791273
2024-12-21,-0.3502612501268135,-0.5030439025359232,-0.15057478599155447
2024-12-22,-0.8816063100850537,-0.5267664907472017,0.017351557247032003
2024-12-23,-0.3356041044270188,-0.48267781484872313,-0.1769679546559113
2024-12-24,0.9143189132647243,-0.24142696594394447,-0.8878373550479561
2024-12-25,-0.052720401364418384,-0.49576398784074177,-0.3569185574177945
2024-12-26,-1.0707496519783775,-0.5675574990788391,0.401774594808691
2024-12-27,-0.8376222033923455,-0.577542031638859,-0.1529010344961984
2024-12-28,-0.19251970977464486,-0.4787235336299603,-0.6797296854304655
2024-12-29,-1.0107671682949972,-0.5679173616100252,-0.31902112903589747
2024-12-30,-0.972082540227184,-0.534919420798633,-0.6059590386053119
2024-12-31,-0.5547214247788005,-0.47453043910969095,-0.9512947337983959
2025-01-01,-0.1647156081524106,-0.4906510690464878,-0.6534293542076236
2025-01-02,0.4346931580208789,-0.4145992865715952,-0.7080732054152213
2025-01-03,0.20197641829956542,-0.5016938010437804,-0.37286711145726364
2025-01-04,0.0004153429722730781,-0.5717351750510044,-0.10040459395406058
2025-01-05,0.11980434702269527,-0.6490132806297966,0.028877212191936175
2025-01-06,1.152716292057331,-0.44863417556087204,-0.5159396645559214
2025-01-07,-1.2621678065390511,-0.597941881791282,0.8605965864597735
2025-01-08,-0.7335868952556663,-0.5358937261092467,0.060472201501000744
2025-01-09,-0.850834131535435,-0.5305421446985088,0.2686502995457101
2025-01-10,0.45507107554320403,-0.4569471684464544,-0.601747213746205
2025-01-11,-0.14982908416068375,-0.5466210869587121,-0.12923701363558174
2025-01-12,-0.04674216114935749,-0.5641280781272763,-0.054308846641539614
2025-01-13,0.031249964788798164,-0.5630824952040547,-0.024222801044835037
2025-01-14,0.5507279016533304,-0.5173247890407987,-0.4021757767514029
2025-01-15,1.1362666349937176,-0.3732287773227892,-0.6430901957522608
2025-01-16,-0.08562385343368199,-0.5300179318720212,0.19726838872058725
2025-01-17,1.2695216722089373,-0.4106137728214113,-0.7755664411660267
2025-01-18,0.2471607255895057,-0.6194097963775635,0.21851880630199663
2025-01-19,-0.6089667630935913,-0.6524961506873506,0.7008423495335098
2025-01-20,0.1056993386265415,-0.5005884183991575,-0.3216724668956868
2025-01-21,1.2886299316170289,-0.37705729500341106,-0.46261041758882265
2025-01-22,-0.09861577747976474,-0.5619103216693822,0.8708704153521694
2025-01-23,0.6502055860119341,-0.5658458104031893,0.482258706156284
2025-01-24,0.6693903796564961,-0.5408731990745084,0.2770320938511181
2025-01-25,0.4792253992356711,-0.6551939472053423,0.4666265585664284
2025-01-26,-0.024240062127719682,-0.7068774551400147,0.745793753020316
2025-01-27,0.22936859593697456,-0.6565459822325861,0.4219846451285875
2025-01-28,0.03129064493681909,-0.6699779447410005,0.2899605255977466
2025-01-29,0.5885080459900907,-0.5437129877049177,-0.45692700668177494
2025-01-30,0.4006019855708398,-0.5952388884081702,-0.07465841649885929
2025-01-31,-0.663631042910933,-0.6500507295544129,0.23530924112401333
2025-02-01,-0.6412095603293588,-0.6383430910893441,0.03693595592051858
2025-02-02,-0.8947477332743112,-0.6376328005479404,0.3166928065287721
2025-02-03,0.6871292823912356,-0.33424767352158313,-0.9548644238716082
2025-02-04,-1.2569860185631505,-0.4981064315951618,0.20721670511334633
2025-02-05,-0.7304559504993625,-0.49770839540890804,-0.21253175921681672
2025-02-06,-0.4709642241882408,-0.5928193132291212,-0.5109749601843868
2025-02-07,-0.5236305878901253,-0.6149346442387774,-0.5487492962228525
2025-02-08,-0.5146559062488417,-0.6619587962895133,-0.5552965787301984
2025-02-09,-0.3989708192799662,-0.6971619483738073,-0.4735680799943849
2025-02-10,-0.11697394261548409,-0.664228674962424,-0.5957451280781138
2025-02-11,-0.7454642531822488,-0.7349987957309767,-0.07226095444218425
2025-02-12,0.09166735079936554,-0.5689952158762223,-0.9144826264925404
2025-02-13,-0.7725853765380124,-0.699069487200083,-0.28557533611555386
2025-02-14,-0.13740598274405677,-0.7334793415243773,-0.6037633954790131
2025-02-15,-0.22291811999357308,-0.7710278955797849,-0.33251677069262287
2025-02-16,-0.4551230141408118,-0.9787322080471557,0.05244060564843476
2025-02-17,-0.45481520148016924,-0.9308427491820533,-0.38018470955589867
2025-02-18,-0.24253422742449482,-0.9986716119838969,-0.25284659346988464
2025-02-19,0.18354543827972888,-0.9535743813298483,-0.41717728945802507
2025-02-20,0.4158175288236742,-1.0485590977892205,-0.4625010541817501
2025-02-21,-0.5558266552687761,-1.1844594257515415,0.26474077414581915
2025-02-22,0.049804612721913014,-1.0897595700189477,-0.2821761522009953
2025-02-23,-0.13472555860008537,-1.1254944174377266,-0.1350204819131471
2025-02-24,-1.4718128953023817,-1.1031814869023182,0.5639815378417634
2025-02-25,-1.0866758464146886,-0.9979507775742197,0.058658037020750564
2025-02-26,-1.8747025556238657,-0.9161655244660675,0.1479796739659709
2025-02-27,-0.6519120166101359,-0.7273039248465712,-0.9073281509265468
2025-02-28,-0.883673767618381,-0.8095460451231915,-0.8025628810640394
2025-03-01,-0.2950375734674768,-0.7050419359168331,-1.210155590299008
2025-03-02,1.8223451613358435,0.07158745060915288,-2.2246982539084303
2025-03-03,-2.512848666807062,-0.22948713773164803,1.2302193668897987
2025-03-04,-0.30218420865313,0.10034097840197574,-0.8165918751316065
2025-03-05,0.3759630796551422,0.18501716402401203,-1.22317473266037
2025-03-06,-0.7307719175283549,-0.01266362397860846,-0.37164551105888527
2025-03-07,-1.4063903862210148,-0.06497500327569791,0.16869857449196765
2025-03-08,-0.845504492743354,0.0393490124679463,-0.5009309236528416
2025-03-09,-2.377825594994063,0.005449082867219236,0.4405846429101794
2025-03-10,-1.435177306044414,0.14831645096445,-0.26108340356151255
2025-03-11,0.68141225717107,0.5486512692786865,-1.5524073815302373
2025-03-12,0.04829304739181626,0.375299365120527,-0.2874704481811767
2025-03-13,-1.0409973578285925,0.2614600190796228,0.4143374832358436
2025-03-14,0.6002057913991595,0.5188492113969079,-0.8053001357374923
2025-03-15,-0.1470172334694093,0.4143005462938275,-0.2217994631947671
2025-03-16,-1.2516166818832368,0.36170739383655315,-0.24687889472421895
2025-03-17,0.1234625754880823,0.48440186059389756,-0.5274736222314491
2025-03-18,-0.7598660772318997,0.37542005223445307,0.04399585930140382
2025-03-19,0.6957365171968101,0.7065635151234909,-1.2903889743015329
2025-03-20,-1.1508184541493602,0.4595546521244289,0.3028438408071021
2025-03-21,-0.3431770655833681,0.5437511414346998,-0.14208865325403497
2025-03-22,-0.3416899770830611,0.5219464657703082,-0.09956104649518106
2025-03-23,0.7873930134438851,0.6138451077381796,-0.20076133247338035
2025-03-24,0.8324306890171552,0.5771267477447785,0.2573644182341517
2025-03-25,0.15122014629993294,0.535978220349655,0.30325775174925856
2025-03-26,-0.0722887157932912,0.4358002015120333,0.3301457840934058
2025-03-27,0.3385931638874789,0.4280418007821403,0.3233256883981897
2025-03-28,-0.7991785091509124,0.27400122892612894,0.6883810626006743
2025-03-29,-0.6907636045519742,0.3380431181545762,0.3085770192803524
2025-03-30,-0.21971358279246817,0.39371285909480563,0.03108872191341899
2025-03-31,-0.17820136324061225,0.4038091736313093,-0.17509332093303032
2025-04-01,0.7183453126425605,0.15822271151219316,-0.5708571618965768
2025-04-02,-1.0451349047521352,-0.3228377964945332,0.30494299163701233
2025-04-03,-0.01135249554767302,-0.20548556544840887,-0.3179274749068752
2025-04-04,0.07892343444654044,-0.27971109661635213,-0.3012920723231878
2025-04-05,-0.20497393878331646,-0.32548516206540173,-0.035360930555469475
2025-04-06,-1.9460003359699227,-0.3788911316847861,0.7635050664845193
2025-04-07,-0.3396921922378036,-0.10092987730166929,-0.8707433603799329
2025-04-08,-1.5880969367619484,-0.3944410180315574,0.0016853192148510517
2025-04-09,1.3738498725469603,0.28389689507637966,-2.085167235699263
2025-04-10,-1.3384853995675834,-0.19037359016510505,0.21270327534886038
2025-04-11,0.8337485658517464,0.17174671727719806,-1.1300890708345397
2025-04-12,0.54348255910887,0.04392271317478095,-0.36985074995347694
2025-04-13,-0.421790587968769,-0.13023544119721564,0.4144243807710883
2025-04-14,0.23746784391529624,-0.028000417955603707,-0.15792327108392887
2025-04-15,-0.4258474157339223,-0.1020711895189902,0.05052404769682401
2025-04-16,0.08464696064066698,-0.07536957310316476,-0.06555871477713858
2025-04-17,0.22573100353117098,-0.06476049050439325,-0.1762184220510827
2025-04-18,-0.17561129028922418,-0.22724563733787412,0.06192735966433391
2025-04-19,0.1544344122567063,-0.2311434784994909,-0.14578004556754867
2025-04-20,0.4092792473436745,-0.2739493422181403,0.35973219987098787
2025-04-21,1.0496681399709449,-0.15501383122143902,-0.1078012585222706
2025-04-22,2.548505495909476,0.11660516541396805,-0.28811068613086827
2025-04-23,0.677931560504252,-0.089822973343213,0.5974474939673802
2025-04-24,0.9194559356957412,-0.10475179515161971,0.843735525020012
2025-04-25,0.8005104188929464,-0.0742260428639132,0.4854155811197998
2025-04-26,0.467495733119112,-0.09692968902656894,0.537010842750936
2025-04-27,0.3436660832441907,-0.18106383566165807,0.7716053795276784
2025-04-28,0.8400456475005895,-0.12984386154732164,0.3096444247269205
2025-04-29,0.42542372806515244,-0.1978927464017953,0.7596325780672656
2025-04-30,0.5317372259687004,-0.17225361836493533,0.591106655800945
2025-05-01,1.1501881461212304,-0.10592645602216923,0.1423055993797841
2025-05-02,0.7890701287051501,-0.24196181557265958,0.6161263018207834
2025-05-03,0.36314013407829165,-0.2753677244074575,0.8223068534629935
2025-05-04,0.12772015093920513,-0.2694206363887824,0.8422263646374487
2025-05-05,0.4407224201632823,-0.19198332137455765,0.2635084373669608
2025-05-06,0.563572986621755,-0.34494925522097475,-0.37546484169699973
2025-05-07,0.1508222162861224,-0.4125517029762475,0.031118456365301698
2025-05-08,1.8025894136172855,-0.1701212370927542,-0.9257499652106074
2025-05-09,0.3370493639344408,-0.6904173268753093,0.38787336007295825
2025-05-10,0.8588698008640613,-0.7459806511934117,0.06762222462315762
2025-05-11,0.4102346573411648,-0.91256499043381,0.5547972923424126
2025-05-12,0.11389246727122415,-0.9182828371003635,0.5487923125451358
2025-05-13,0.7823502283271924,-0.8788849227513853,0.1223409105958067
2025-05-14,0.3409793409962119,-0.9324997513407566,0.49989963247011615
2025-05-15,0.38324870578392906,-0.9165093512323546,0.19866822922753666
2025-05-16,0.24899840703307846,-0.9237117189272288,0.2541601830742219
2025-05-17,0.28438628461608667,-0.9218261520663692,0.3081351891931574
2025-05-18,1.2996442806823925,-0.7887921519043026,-0.13398440324514962
2025-05-19,0.3841327883644639,-0.9053136754684417,0.6269623885739735
2025-05-20,0.7287462381918097,-0.8370130432627682,0.1606121910423405
2025-05-21,1.2123455240510204,-0.7917010899359302,-0.02780547989276319
2025-05-22,0.7743865967929265,-1.070501181346512,-0.13245994442807887
2025-05-23,-0.671415339147445,-1.10548802204864,0.8863739048275002
2025-05-24,0.1965387623400271,-0.9489304550609555,-0.11105135996456009
2025-05-25,0.4385905247097687,-0.928184540653979,-0.15981289973919993
2025-05-26,0.36503171476601326,-0.9630235588425706,0.09804968548321102
2025-05-27,0.1015033669916584,-0.9937466111947273,0.16392743573238983
2025-05-28,-0.07313134085675481,-1.0029910835279248,0.28296163157455734
2025-05-29,-0.3925875534771224,-0.9949507483821528,0.35574862481612096
2025-05-30,-0.3709456027393319,-0.950495800626004,0.19134443057870193
2025-05-31,0.14164554275677316,-0.9084616413934362,-0.22238507465175716
2025-06-01,0.10029186265550777,-0.8863684436063599,-0.4129595953410457
2025-06-02,-0.004316099850457715,-0.9291240118176304,-0.2009469886503965
2025-06-03,-0.2225309257866205,-0.9714011295409531,-0.15068542977310098
2025-06-04,-0.4496306678664439,-0.9619802573605738,-0.2737163776151836
2025-06-05,-1.1977382564318224,-0.9789042525365894,-0.015448067539426479
2025-06-06,0.37398161804990654,-0.7523641515241097,-0.8926367548461482
2025-06-07,0.08638769736580013,-1.0930166064093216,-0.5491490022781322
2025-06-08,-0.1791296690453033,-1.126062769083993,-0.38801118536209045
2025-06-09,0.8871531198642109,-0.8794243376639698,-1.0373859271316332
2025-06-10,-0.003966370368887355,-1.0338730824687858,-0.109797044077037
2025-06-11,-0.31838565607333724,-1.076962590843617,0.1669072323038959
2025-06-12,-0.5870686680251335,-1.0707882170214662,0.3776511976127034
2025-06-13,0.07960581036131995,-0.9860448657056958,-0.09827240917085353
2025-06-14,-0.1429533220787245,-1.0046849425747395,-0.007695784816557822
2025-06-15,-0.05123678983261719,-0.9797567730637594,-0.19534037063983567
2025-06-16,0.2351424931574065,-0.9369480136734136,-0.37641193542787316
2025-06-17,-0.5404691543044409,-1.0838236602394415,0.2148538211312735
2025-06-18,0.004967521878162579,-1.009528268442657,-0.22753498320476537
2025-06-19,0.06588718107559077,-1.0445244735650352,0.02603019288829981
2025-06-20,-0.39244613689201646,-1.1219487315382408,0.037114084596195765
2025-06-21,-0.4445371690176765,-1.1339596144394735,-0.1442320596966123
2025-06-22,-0.5603777682499727,-1.2447598060487224,-0.18238289014792705
2025-06-23,0.6756812268198245,-0.8668702145611727,-1.3735589946213917
2025-06-24,-0.17160951351250492,-1.020639640587938,-0.4814906979293401
2025-06-25,0.13841174777068227,-0.9892564818271183,-0.5086476057968876
2025-06-26,-0.0859998174184015,-1.0524479875339317,-0.04855947548755562
2025-06-27,0.017691399786265542,-1.0437680901988682,-0.15583724872156773
2025-06-28,0.08579645432867151,-1.07488565309277,-0.13708998399603153
2025-06-29,0.2989482349971462,-1.0672276759226873,-0.2502641738186956
2025-06-30,-0.28500079894739055,-1.1232552360095625,0.0760146184654874
2025-07-01,-0.285724442134019,-1.1232611914302646,0.1562622103135193
2025-07-02,0.7808015445835516,-0.9148448423254602,-0.6054328683073882
2025-07-03,0.35037606304034136,-0.9962799800464434,-0.07434193202431555
2025-07-04,-0.1265942888264175,-1.0576673512931767,0.38309707445156566
2025-07-05,0.2980935201002875,-1.0819540898714708,0.09280985247082213
2025-07-06,0.5845993348702533,-1.1124999887895004,0.05551672837734127
2025-07-07,-0.09650713278218238,-1.158034257082609,0.13030880500188635
2025-07-08,0.2213459063167888,-1.1059241922292544,-0.16859316081266085
2025-07-09,0.615195636601169,-1.1657235476677006,-0.46407477008481324
2025-07-10,1.2916517782983525,-0.9699557116721892,-0.6167764102875132
2025-07-11,0.7528674158558171,-1.086236639554296,0.05897116959733863
2025-07-12,0.4436899323922711,-1.200006982543099,0.32821429284620507
2025-07-13,0.7886162230036081,-1.1402294384160787,0.03755146634753398
2025-07-14,0.7223126716484177,-1.182941391821518,0.3154590742697747
2025-07-15,0.1977003334018504,-1.2257067959239947,0.792324763348931
2025-07-16,0.6116818503065544,-1.133549427089302,0.12605986183050708
2025-07-17,0.5242999514584812,-1.1964176187662192,0.17962916244320462
2025-07-18,0.218671749448245,-1.232180649215017,0.5318195656611249
2025-07-19,0.42278325620807167,-1.196931630575437,0.30082799823522294
2025-07-20,0.23397848562917242,-1.2269235077068024,0.3167373318555152
2025-07-21,0.43243788933327876,-1.2251713601444092,0.23178554948003555
2025-07-22,0.962471548133625,-1.162631222355396,-0.11262723393422425
2025-07-23,0.09880882117102602,-1.3952466935058265,0.36526378228752926
2025-07-24,-0.001475091702262162,-1.3512059719327747,-0.0334161777658708
2025-07-25,-0.16962600813191617,-1.354083896631443,-0.07666178380812574
2025-07-26,0.03665492523321778,-1.329170791424366,-0.24610194865215396
2025-07-27,0.24208670245514263,-1.2857972507135065,-0.4670839907078306
2025-07-28,-0.40356443324516517,-1.3431147360737519,-0.026503509290591174
2025-07-29,-0.03864308966567866,-1.3076618040663348,-0.20321628124206953
2025-07-30,-0.10171829242135656,-1.3268919605139116,-0.23734642374750214
2025-07-31,-0.5794165623812357,-1.363367108935467,0.0018851688868379496
2025-08-01,-0.7067405655496432,-1.3937128357323756,0.01853597117420545
2025-08-02,-0.4414943555208416,-1.3398267935756314,-0.3123510599877158
2025-08-03,0.13370901144494132,-1.2768690757068493,-0.6735764984126021
2025-08-04,0.006262569905107887,-1.302112321554316,-0.4804435113533309
2025-08-05,-0.48024366885082076,-1.3430687396976435,-0.30498441599991405
2025-08-06,-0.04832533896028607,-1.3004234937935693,-0.5474394542177051
2025-08-07,0.37144200442480396,-1.2258505559380726,-0.7038843909488828
2025-08-08,-0.23350120286842593,-1.3541123528454724,-0.110958940637776
2025-08-09,-0.13481681584375876,-1.5150264258565984,-0.2651994936577388
2025-08-10,0.46948910250764075,-1.3827136933749558,-0.7443668899163476
2025-08-11,-0.10201071301225614,-1.4828065069379697,-0.08865425172685613
2025-08-12,0.32549438882497916,-1.433887371028415,-0.3823529501036546
2025-08-13,0.7750763672654741,-1.3238129250690929,-0.5267793904723055
2025-08-14,-0.7846678569878626,-1.413806054638663,0.7710609574421782
2025-08-15,-0.024608686192630746,-1.3056865358757004,0.16045641928018198
2025-08-16,0.20916762055510832,-1.2793789092846117,0.015401068293938834
2025-08-17,0.10029606765526115,-1.288784343443258,-0.04732667979536204
2025-08-18,-0.20869615501372044,-1.3082583437669615,0.06570165806384821
2025-08-19,-0.7388903986672627,-1.2961818601503958,0.3629400241007412
2025-08-20,0.1849885673316996,-1.1346271687717844,-0.5024753750751226
2025-08-21,-0.6298874077138884,-1.2521209495413792,-0.08888906498279303
2025-08-22,0.7942708887075253,-0.9388099373969072,-1.0149805331862238
2025-08-23,-0.383120711444092,-1.1065894813490698,0.03609785024315589
2025-08-24,-0.6777330198260895,-1.0903561797189163,-0.09454043805750315
2025-08-25,-1.0798997046350214,-1.0701455138509541,0.055671423053356976
2025-08-26,-0.11570442293613772,-0.9096747914414047,-0.8730290485194718
2025-08-27,-0.7051145097764369,-0.9798497175098143,-0.5958778794100137
2025-08-28,-0.07586692541544435,-0.9223262910614662,-0.6907877823992435
2025-08-29,-1.2633721322031781,-0.9966455747580075,0.20010204316684993
2025-08-30,-0.38910851521959994,-0.870896963714069,-0.6423052651399789
2025-08-31,-0.6020897606943084,-0.9263771881222771,-0.4810765713588834
2025-09-01,-0.1925411895745418,-0.8758523814363287,-0.6914912036096531
2025-09-02,0.23575727779929256,-0.8536512973641014,-0.6231734513886389
2025-09-03,-0.0864712603726653,-0.8996808973965275,-0.38763587595602594
2025-09-04,-0.3374638252688199,-0.9484990794607596,-0.0595168474160974
2025-09-05,-0.3678274584922788,-0.9132096725119713,-0.4416516692614774
2025-09-06,-0.3870935449267078,-0.9648708442763283,-0.33169555931924577
2025-09-07,0.009049344007387227,-0.9235375745335294,-0.46176500150829
2025-09-08,0.20508403479616547,-0.9303432824391797,-0.24764038751244422
2025-09-09,-0.17701754827041885,-1.0171784454532597,-0.08726611439241247
2025-09-10,0.532395903381045,-0.8933349516767337,-0.49947514045514974
2025-09-11,0.36902169333447027,-0.9191103420040335,-0.317792148788113
2025-09-12,0.433589521280788,-1.0170134899597625,0.0964601399235804
2025-09-13,0.2742784391656312,-1.1596206595397627,0.19075196693985394
2025-09-14,0.20586791016156872,-1.1749571562078793,0.26523299413516127
2025-09-15,0.2604823071347503,-1.1546454157533668,0.10771385803431963
2025-09-16,0.4782560230575529,-1.0990654651397347,-0.17260713626192145
2025-09-17,0.10802026911207713,-1.1577062929665722,0.10617671979889662
2025-09-18,0.38617228506286,-1.2073990074179044,-0.008289180295558318
2025-09-19,-0.06630431167305531,-1.2633480435103017,0.3084515756710368
2025-09-20,0.2276851582442682,-1.246523436960967,0.06122311315209882
2025-09-21,0.08440718042921942,-1.4032761220107515,0.058754411699968645
2025-09-22,-0.48176717932753427,-1.4259567687318484,0.2874827559019673
2025-09-23,-0.15651235973615962,-1.3934758652643422,-0.0559524152603689
2025-09-24,0.18237299480437003,-1.407366050954498,-0.5041623345794707
2025-09-25,-1.1503534548601866,-1.4379541709411015,0.2854264574112909
2025-09-26,-0.21316802140613436,-1.2833956470121304,-0.6377250507812621
2025-09-27,-0.34251992557629335,-1.3211484836161715,-0.49944577058239625
2025-09-28,0.2804221815795555,-1.3419333625042995,-0.8484319027123585
2025-09-29,0.3425348199460474,-1.3173548083987574,-0.698453410030186
2025-09-30,-0.2336828354475074,-1.3967268648507534,-0.28492337290012115
2025-10-01,0.9104129741448402,-1.122915137865361,-0.9561295978964915
2025-10-02,0.4809455787944306,-1.208997917741077,-0.40424064473846977
2025-10-03,0.5398091086126108,-1.221938485119863,-0.17510080641978654
2025-10-04,0.2945925245200236,-1.2769027818774479,0.079756977048712
2025-10-05,0.5277967774868141,-1.253721029411042,-0.009241899538432973
2025-10-06,0.7436510842255273,-1.2630654520109712,0.15675321355297406
2025-10-07,-0.15721668549616075,-1.3040258376564704,0.8181371301231355
2025-10-08,0.7612050139296827,-1.1473301249932735,-0.04976068038031539
2025-10-09,0.2922033266415184,-1.2391246369551134,0.715971215800044
2025-10-10,-1.382071942512093,-1.0629123850088718,1.4941349998091988
2025-10-11,-0.46851073199846993,-0.8725508100031724,0.3519344593471242
2025-10-12,0.9072170022270266,-0.5676172547547217,-0.8290598673362074
2025-10-13,-0.017394192935634524,-0.6955588450528503,-0.11998685855131393
2025-10-14,-0.5201352189185721,-0.7390549191687714,0.21065451096922108
2025-10-15,-0.8783610266392148,-0.7041105872274701,-0.05840719465674393
2025-10-16,-1.1407372746050823,-0.6855317410404871,-0.19838315044447274
2025-10-17,-1.1197519931191293,-0.6406920204211954,-0.49587212132258374
2025-10-18,-0.6098757589962321,-0.5618321043667087,-0.9510935429281692
2025-10-19,-0.4422892484220978,-0.5303329763488865,-1.0722987212392778
2025-10-20,-0.32237506378443387,-0.4971334299360518,-1.1184014920299838
2025-10-21,-1.0693396681381404,-0.609675093800857,-0.30149640244371284
2025-10-22,-0.925917174773093,-0.5849806060566913,-0.6633702743969161
2025-10-23,-0.13232753725638727,-0.4640845675530527,-1.1126705866591555
2025-10-24,-0.002013349878439016,-0.5379148708180816,-0.41831830260488473
2025-10-25,0.0778152115183589,-0.6411987866174168,-0.21345280321363067
2025-10-26,0.42524565938582637,-0.5347642410824637,-0.7039642504338719
2025-10-27,-0.20103204288112095,-0.6314498476916988,-0.12303759003588195
2025-10-28,-0.30477853584058057,-0.6780804881618151,0.07147379850900581
2025-10-29,-0.6627377685001606,-0.7172352418344466,0.37311090895212123
2025-10-30,-0.4137222726847146,-0.6731037491231,0.2088362029203429
2025-10-31,0.32647915806251804,-0.6829202628312622,-0.232293393262934
2025-11-01,0.1682709471528868,-0.7274074086764978,-0.10060369173235434
2025-11-02,0.1350334477356762,-0.7348237856572393,-0.16083271509972072
2025-11-03,-1.0630555120104634,-0.7976696798202813,0.4450274199441096
2025-11-04,-1.4167406070367767,-0.7335787038618924,0.5114039453366536
2025-11-05,0.20587874594027603,-0.4691488091565821,-0.7970606354339563
2025-11-06,-1.0468829337842902,-0.6244612213987998,-0.029741599276940985
2025-11-07,-0.02459612262623003,-0.4569370000587728,-0.9314311528103026
2025-11-08,-0.7640923337788884,-0.5622593650854524,-0.3556487991586378
2025-11-09,-0.02891807720839684,-0.6564476659095088,-1.1145591188909063
2025-11-10,-0.1997617562372205,-0.7129607287411016,-0.7938177794216668
2025-11-11,-1.1492335068517219,-0.9195814493241324,-0.036274651935493646
2025-11-12,-0.7586075261700586,-0.8656234368602153,-0.2962469297538382
2025-11-13,-0.911882829770737,-0.8854921033209289,-0.17843184862490513
2025-11-14,-1.9577984212670683,-0.8491772202974887,0.23479680484166973
2025-11-15,-0.5323913613769669,-0.6286559020145265,-1.1142607491762222
2025-11-16,-1.1888453170768611,-0.7179692083011299,-0.6436301171085698
2025-11-17,-1.283252801489377,-0.7372460263850672,-0.40711206506536646
2025-11-18,-0.34048305542627616,-0.652610870790128,-0.7998240860706824
2025-11-19,-1.0631444541544288,-0.7566575086649675,-0.4549925117521761
2025-11-20,-1.9909978034178688,-0.7567955372517223,0.20341784963079407
2025-11-21,-1.4194499873035122,-0.6184363465859857,-0.7110582757697278
2025-11-22,-1.1246616660839521,-0.6295035580763866,-0.9595442279465711
2025-11-23,-0.46770171353483725,-0.47275006653510954,-1.596156678786102
2025-11-24,-0.6309970131259852,-0.4787284910998807,-1.390699160343328
2025-11-25,-1.1277158745982447,-0.644625005388422,-0.7356543683939394
2025-11-26,0.09332177390859973,-0.38117312471071424,-1.486937688274871
2025-11-27,-0.36370365475129673,-0.4730305927755618,-0.7586828792270427
2025-11-28,-0.37035605605790983,-0.5517759441820373,-0.24013709677420023
2025-11-29,-0.36740022225720875,-0.5408628277594083,-0.37625762909717086
2025-11-30,-0.4089917644094131,-0.5758008990958626,-0.23873984294044012
2025-12-01,-1.3861739836647244,-0.6341794509224332,0.4951507917544241
2025-12-02,1.0463534489031197,-0.07539168093077864,-1.422674177831828
2025-12-03,0.5304256654658919,-0.21705781942598013,-0.4806343051151025
2025-12-04,-0.06444280745756692,-0.45189021070036983,0.5496573938360371
2025-12-05,-0.4558673685784745,-0.5012692741424849,0.7977792463070542
2025-12-06,0.1758623859318409,-0.42476526380064594,0.21226916768802528
2025-12-07,0.40289250937033844,-0.3887889808909763,-0.1566174537521867
2025-12-08,0.108718098461447,-0.41946381398151594,-0.021811357473605228
2025-12-09,0.7216991009100253,-0.36382079884914265,-0.260680421172568
2025-12-10,-0.15503745843385017,-0.4674458064304516,0.12912026379307623
2025-12-11,0.09648600359893868,-0.45032618775504685,-0.15706005180601446
2025-12-12,-0.6445574268780054,-0.5284589705403259,0.35956254624380773
2025-12-13,-0.11632383051810932,-0.45643808806252756,-0.15564827397308387
2025-12-14,-0.7169943512687562,-0.6518605754323102,0.23603980056864873
2025-12-15,-0.5011827916945063,-0.6424522995076059,0.29883989485939505
2025-12-16,0.05770084805158367,-0.49072347785402326,-0.6833757695055398
2025-12-17,-0.9241583030271298,-0.6087605270807147,-0.14440940475433506
2025-12-18,-0.6453485180615555,-0.5766910969413427,-0.3524845412872422
2025-12-19,0.4926712187660661,-0.410806433004645,-0.8549056129464642
2025-12-20,-0.07629779446317571,-0.6722828587187639,-0.25514993832235167
2025-12-21,-0.1169629659503761,-0.6899736607367449,-0.3167129857413143
2025-12-22,-0.23696297307732453,-0.7071445275926225,-0.24048285032236102
2025-12-23,-0.6427202230797768,-0.7602295262557284,-0.1967491945848951
2025-12-24,-0.286067825470575,-0.7301666936220611,-0.45530977779101584
2025-12-25,-0.47497615456495274,-0.7561298556795817,-0.366134212478228
2025-12-26,-0.23145588400836836,-0.8348174956192592,-0.3529805618647345
2025-12-27,-0.09713644854544555,-0.8221683949067548,-0.4302555117951654
2025-12-28,-0.08185967168507725,-0.8486619425683645,-0.1885434985296039
2025-12-29,-0.19316569920593255,-0.8782514286380563,0.05372400354576416
2025-12-30,0.2813977439074715,-0.7830660064913687,-0.43544332353244447
2025-12-31,-0.19860927161235695,-1.0084311620181434,0.13355490992799893
2026-01-01,0.45555961667538836,-1.1894513616593618,-0.2906768520837292
2026-01-02,0.35677162818925245,-1.2218362836228027,-0.38187052000420163
2026-01-03,0.2477895838660406,-1.2574249286738037,-0.22364148664455305
2026-01-04,0.31873100314914554,-1.334098919590144,-0.2349159563627807
2026-01-05,0.8592212529188953,-1.2162634493453872,-0.45135049265511507
2026-01-06,0.31188191900748297,-1.3304341102161414,0.21484420061706636
2026-01-07,-0.36920188157191397,-1.339374950328419,0.5721025859005036
2026-01-08,0.12417367121183182,-1.3074205106595371,0.09218378918002434
2026-01-09,0.03334829755817419,-1.3160797734543856,0.11030950787833124
2026-01-10,0.08402632062503773,-1.3022253265717119,-0.019704986538985298
2026-01-11,0.24539358835331576,-1.3354660239693872,-0.13351833398781462
2026-01-12,0.2948477538150168,-1.340969247348273,-0.047987479468947054
2026-01-13,1.3360587751263642,-1.0864460327347318,-0.738346845629598
2026-01-14,0.8947131949584846,-1.2268266036218183,0.019928901751136652
2026-01-15,0.06591580616264751,-1.3126073724354455,0.513090760396055
2026-01-16,0.28463576268365637,-1.3055739776504283,0.1328258009264379
2026-01-17,0.12879542085457218,-1.3226781332578872,0.15356776222449212
2026-01-18,-0.23936978045272939,-1.3966112161287694,0.2439538054924841
2026-01-19,-0.36661305101799596,-1.353553688735522,-0.04350054041118405
2026-01-20,-1.3431135153930416,-1.2653213093180875,0.46846924743206964
2026-01-21,0.08678040641444751,-1.063869901908361,-0.5583648321728852
2026-01-22,-0.12741765712987524,-1.1173299488757529,-0.3031933653038239
2026-01-23,-0.1051525166883593,-1.1210727981893696,-0.26016430490183956
2026-01-24,-0.2245098945940404,-1.1369783954537376,-0.1733804239127301
2026-01-25,-0.9180513464436467,-1.1438019092505969,0.16742119628225652
2026-01-26,0.1828543314171353,-0.9540738890105812,-0.7673864807817053
2026-01-27,-0.21241691154543174,-0.9727728452688934,-0.7316011060880379
2026-01-28,-0.4733257446221617,-1.0037816590884667,-0.6304816039630302
2026-01-29,-1.7951502777689499,-1.000436244871915,0.31635414468258927
2026-01-30,-0.8246002156881518,-0.8412063964673933,-0.6962837624859112
2026-01-31,-2.413243825828673,-0.800258157007617,0.31584889486717904
2026-02-01,-1.4914106760503254,-0.6467403661746874,-0.6520407773371792
2026-02-02,-0.42158156313172834,-0.4709325414675425,-1.4112956100409653
2026-02-03,-1.6899441385682457,-0.6324789291660776,-0.07826997574156253
2026-02-04,-1.8119933822227834,-0.6282020681258444,-0.38414503945798634
2026-02-05,-4.754311714899252,-0.16565461073977125,1.337307957568591
2026-02-06,1.354750259580014,1.3745457132715058,-3.7624164308447265
2026-02-07,-1.751662627104739,0.8815793255294629,-0.7870273739095422
2026-02-08,-0.8817147175515468,0.9984454817999183,-1.283354481543289
2026-02-09,-1.3203311796849224,0.9470477391038504,-1.0326586790062757
2026-02-10,-1.8002817665905826,0.8938589240102931,-0.7962033529804788
2026-02-11,-2.068610081092606,0.8793266096531978,-0.7546796823217037
2026-02-12,-1.5773969851566743,0.8213401002773358,-0.9043373922348649
2026-02-13,-0.2976106573696201,1.0471020007256235,-1.7930069437561893
2026-02-14,-0.4903498724071519,0.949803053728845,-0.8562404043506586
2026-02-15,-1.035855431486977,0.850675324016512,-0.24582690516994293
2026-02-16,-0.8222366790873021,0.9108795741304763,-0.6609489625839804
2026-02-17,-1.161129350864342,0.8364680686660408,-0.13451688815019813
2026-02-18,-0.9874074612780798,0.8451604475813245,-0.12053569747759196
2026-02-19,0.3794902509913466,0.8456195918337137,0.22471265926463221
2026-02-20,-0.02244217833777847,0.9096426930631434,-0.4978412493128592
2026-02-21,-0.25982448379743545,0.8490288771850234,-0.07058378657823607
2026-02-22,-0.46793598078918,0.8351299802845612,-0.06469540572687095
2026-02-23,-1.5434304125751277,0.7494767963419023,0.5610187762252405
2026-02-24,-0.7089576312827769,0.8625193333899447,-0.1625886745848794
2026-02-25,1.198901646477132,1.2007177790853578,-1.1585439224471838
2026-02-26,-0.22434021153633943,0.9533077688669865,0.302357266791678
2026-02-27,-0.8970255664634538,0.9210316940764692,0.3046661926156592
2026-02-28,-0.020656202945728435,1.0195730682009774,-0.5322797027029724
2026-03-01,-0.8048132083771443,0.9009430723577437,0.19868549114606757
2026-03-02,0.8140066510456042,1.0843467190155158,-0.9461588970432796
2026-03-03,-0.24786607476330094,0.885772725134507,0.24867015207303447
2026-03-04,1.7193422048333744,1.2297351619819548,-0.808727350110583
2026-03-05,-0.4003133466207335,0.9018684922094795,0.9042826650416893
2026-03-06,-0.9700206612736412,0.8836502729511473,0.8664026350643201
2026-03-07,-0.46042490562178745,0.2987131061106865,0.1829124095399419
2026-03-08,-0.6448434105421866,-0.3771567919441141,0.17477285051002278
2026-03-09,1.0014730174099655,-0.15077036296385207,-0.5584804852450902
2026-03-10,0.8676020263737654,-0.1973553980043259,-0.07181890563258839
2026-03-11,0.1623755935463236,-0.24261707372494315,0.0016668716513934465
2026-03-12,0.23149721798664083,-0.26428294493930954,0.06170741759872584
2026-03-13,0.46363652704936203,-0.30238378894279533,0.17550677246930607
2026-03-14,0.31752728284473963,-0.3190839871834819,0.16667905503219074
2026-03-15,0.9571439056066919,-0.3190400151393553,0.005351984363752261
2026-03-16,0.9884086968240111,-0.2625458342206023,-0.22699163366350164
2026-03-17,0.0838560280939246,-0.4057915863039319,0.607809713316585
2026-03-18,-0.9798382911411956,-0.3832343280206351,0.5634330957347488
2026-03-19,-0.5692354508115965,-0.3262828426512895,0.23068208892917283
2026-03-20,0.27584509943724056,-0.2590284245618352,-0.09168129490952144
2026-03-21,-0.5316216138285437,-0.3395613075723635,0.5669146462972967
2026-03-22,-0.21530221803493207,-0.29834402702935053,0.32793926451249816
2026-03-23,1.0552128706307327,-0.0067607274446110956,-0.8416487285370956
2026-03-24,-0.17952414526238203,-0.17460383060219092,0.08205054767399855
2026-03-25,0.2235189188865267,-0.22310386673300137,-0.246516943840765
2026-03-26,-0.9861777469047802,-0.3078044765338214,0.5307579685419354
2026-03-27,-1.210862034791638,-0.40174100067154606,0.30456930074425664
2026-03-28,-0.47721475524237644,-0.28000869913208404,-0.4635596287348864
2026-03-29,-0.7233203259845232,-0.3161925991354515,-0.49179317839416353
2026-03-30,-0.45101894694093275,-0.2614242938377363,-0.9277262971596454
2026-03-31,-0.022629892291076335,-0.22434228772447953,-1.0064939947092968
2026-04-01,-0.380588396702411,-0.42939409558414376,-0.30541168247940276
2026-04-02,-0.6983367770189937,-0.46934473175113384,0.024541096849793307
2026-04-03,-0.34154084529297324,-0.6505362491111446,-0.42773190271783634
2026-04-04,-0.0751635000612337,-0.6744675712757008,-0.36812723537452957
2026-04-05,0.550813175587206,-0.6655394658037894,-0.589837709619513
2026-04-06,-0.2688552446514505,-0.7561375666218699,-0.26837539473347494
2026-04-07,0.9824354144598356,-0.5246488723843863,-0.9782168600917267
2026-04-08,-0.33107003804495455,-0.7751164792248225,0.07949002253889134
2026-04-09,0.35340084731504146,-0.7424314314324675,-0.10786988499776225
2026-04-10,0.8271029966287303,-0.7178930107172792,0.03515442039833578
2026-04-11,0.4979424365173668,-0.7739388675384857,0.3783519694412074
2026-04-12,-0.35331495069189406,-0.8156894832782454,0.9184255360832263
2026-04-13,1.6690034824580502,-0.3800400888747727,-0.6092998906622523
2026-04-14,0.3011256109381537,-0.5912098984239456,0.43048487067938795
2026-04-15,0.6316570662471829,-0.5924092809921373,0.22466270299023547
2026-04-16,0.6862176415539822,-0.6221137213087043,0.43690644137748924
2026-04-17,1.3052186619015467,-0.6059964384225359,0.12869036991044228
2026-04-18,0.21392365143072234,-0.7536967567033458,0.9236556421879367
2026-04-19,-0.2238434992209154,-0.7185314248211258,0.7712094631366512
2026-04-20,1.0516170628293524,-0.5588463381262194,-0.16239747771919522
2026-04-21,0.3867671713015626,-0.6349644044621677,0.061080211564867606
2026-04-22,0.9790084446771445,-0.6635157566208446,-0.12044390778432615
2026-04-23,0.43318747794180357,-0.7469589823194068,0.3258676670005659
2026-04-24,0.03512997926890933,-0.7691026038156389,0.4067489840234262
2026-04-25,0.3101033384207563,-0.8230110721494633,0.13878749136079815
2026-04-26,0.826870257395656,-0.9069147542543787,0.15065642411776844
2026-04-27,-0.20640599304492407,-0.9566915938851822,0.39259893235170634
2026-04-28,-0.1887235767963047,-0.9270387178321695,0.2738355327698331
2026-04-29,-0.1580631512822029,-0.8949368735453845,0.06821970764488354
2026-04-30,0.16425826364611076,-0.8693862197858826,-0.2286345816580217
2026-05-01,0.5280353266212248,-0.7824899398406835,-0.6075074372850524
2026-05-02,0.2734433731071121,-0.8900000994806119,-0.08555770482592868
2026-05-03,0.2449485926105654,-0.9224370239131139,0.20942695557881888
2026-05-04,0.5648814604345158,-0.8485116611905503,-0.23011847406640165
2026-05-05,0.5518253334016894,-0.8820471476229154,-0.13442192219768045
2026-05-06,0.289413420739778,-0.9065008657857211,-0.0751113918866573
2026-05-07,-0.31105279204443187,-1.0634066211845281,0.31288509868505954
2026-05-08,0.17772787923295016,-1.016544588465556,-0.034059707991931344
2026-05-09,0.2795375791861711,-1.0063686282570288,-0.09161912012697841
2026-05-10,0.568243332427296,-0.9621285988653062,-0.32557153962982394
2026-05-11,0.1385601444982995,-1.0414826587311286,0.23324657039656296
2026-05-12,-0.08955450004714502,-1.1456787426399,0.431179635007002
2026-05-13,-0.11428798735496194,-1.3218721856710525,0.3605980370202374
2026-05-14,0.7640536190060983,-1.1656428250017339,-0.339002394578353
2026-05-15,-0.5120442104006647,-1.2523301888734224,0.3854939335539254
2026-05-16,-0.34088105842847605,-1.1878724644126404,0.021359902935026657
2026-05-17,-0.31849812357217266,-1.2229702236905187,-0.08392572093071526
2026-05-18,-0.3751519592026902,-1.2330379167650074,-0.2653178903787975
2026-05-19,-0.38228197754599813,-1.2754744573800016,-0.4301497888768391
2026-05-20,-0.11155610092462903,-1.2953779909312657,-0.6723303740973948
2026-05-21,-0.1879895625554864,-1.3325048977534604,-0.40349842850712986
2026-05-22,-0.9236579664181299,-1.4108955838477442,0.030055760837262607
2026-05-23,0.02082802180456013,-1.2404594423924618,-0.8100570549586736
2026-05-24,-0.29950699337470615,-1.2849418762383338,-0.6354475604886944
2026-05-25,-0.2570115208623064,-1.2869036313059594,-0.58737084160451
2026-05-26,-0.7587590618693807,-1.3518440656323985,-0.12361640671234764
2026-05-27,-0.7984429345938754,-1.3429195545631567,-0.1312038107409282
2026-05-28,-0.7793870461463364,-1.3079561427128272,-0.4797094994958366
2026-05-29,-0.4831076367277275,-1.2881900671660127,-0.5512452757975547
2026-05-30,-0.2379981561826352,-1.2696629101351773,-0.6227271383929699
2026-05-31,-0.36158144036284784,-1.3654739163977323,-0.43564709192762113
2026-06-01,-1.0955416257328099,-1.385537517717278,0.045339057866449615
2026-06-02,-2.1480945748086175,-1.1789241127620227,0.4880047586364922
2026-06-03,-1.8628625563135335,-1.0329218924769064,-0.2535971941340047
2026-06-04,-1.094003421846737,-0.9346675050672026,-1.0597179398043746
2026-06-05,-2.072840434888828,-0.9950667671616871,-0.2511549470829372
2026-06-06,-1.2040207168747106,-0.8370212462608282,-1.2583946792798886
2026-06-07,-0.21349349377870094,-0.5652125999473098,-1.9376778158617798
2026-06-08,-1.1125680010142176,-0.7166258594715536,-1.096051705735154
