Date,Returns,Volatility,Momentum,Cluster_Id,Market_Regime
2018-01-31,0.0113592320538773,0.0648662927039446,-0.0864719476769304,1,Low-Volatility Neutral
2018-02-01,-0.1027834196380305,0.0640140842818185,-0.2008174601188838,2,High-Volatility Bearish
2018-02-02,-0.037052347802326,0.0639074791596115,-0.2392138030206685,2,High-Volatility Bearish
2018-02-03,0.0389729248648189,0.0642394763682802,-0.288722555094221,1,Low-Volatility Neutral
2018-02-04,-0.0978647611075892,0.0608212356278227,-0.2864708024631388,2,High-Volatility Bearish
2018-02-05,-0.1596880737755109,0.0654813415566811,-0.3637347667279449,2,High-Volatility Bearish
2018-02-06,0.1148380980502292,0.0701657471571887,-0.2865555443937692,1,Low-Volatility Neutral
2018-02-07,-0.0171137729317126,0.0693372720060346,-0.3290755196042374,1,Low-Volatility Neutral
2018-02-08,0.0845380782246918,0.0718226828123037,-0.2658943143515669,1,Low-Volatility Neutral
2018-02-09,0.0570304883149312,0.0726717471168968,-0.2179153764749096,1,Low-Volatility Neutral
2018-02-10,-0.0131716075750212,0.0706770521483288,-0.2463835042056623,1,Low-Volatility Neutral
2018-02-11,-0.057055887158723,0.070350866779596,-0.3102186140207973,2,High-Volatility Bearish
2018-02-12,0.0979831508117721,0.0729690838070914,-0.2097863032627408,1,Low-Volatility Neutral
2018-02-13,-0.0367734449733546,0.072917882287,-0.149212893296077,2,High-Volatility Bearish
2018-02-14,0.1042437824749573,0.0759572304666887,-0.0710754962114024,1,Low-Volatility Neutral
2018-02-15,0.0707526797888733,0.0710959547732682,0.1085934249586795,1,Low-Volatility Neutral
2018-02-16,0.0066395181584866,0.0709557765475503,0.1588936829402938,1,Low-Volatility Neutral
2018-02-17,0.0858714440383399,0.0725555100497353,0.2112053421844644,1,Low-Volatility Neutral
2018-02-18,-0.0504738165132535,0.073140988359838,0.2748323492996061,3,Moderate-Volatility Bullish
2018-02-19,0.063827973660077,0.0711237733701061,0.6139272484268021,3,Moderate-Volatility Bullish
2018-02-20,0.0158927060950748,0.0686956890227397,0.4706861226866778,3,Moderate-Volatility Bullish
2018-02-21,-0.0625498559652333,0.0688475640877051,0.4027004139175631,3,Moderate-Volatility Bullish
2018-02-22,-0.0641136314432212,0.0698788848073127,0.2104399309826932,2,High-Volatility Bearish
2018-02-23,0.029595163355822,0.0695860616238086,0.1790228496240165,1,Low-Volatility Neutral
2018-02-24,-0.0473764273117839,0.0700920906938762,0.1381563075317149,2,High-Volatility Bearish
2018-02-25,-0.0151165577159926,0.0701250603951397,0.1887780906139207,1,Low-Volatility Neutral
2018-02-26,0.0726321058649543,0.0713073884497078,0.1613307051192849,1,Low-Volatility Neutral
2018-02-27,0.0346204102849221,0.0713780449175902,0.2474079377657467,3,Moderate-Volatility Bullish
2018-02-28,-0.0305529975651492,0.0711883972665846,0.0951348835037404,1,Low-Volatility Neutral
2018-03-01,0.0531933937233797,0.0689691376456957,0.0771757533864712,1,Low-Volatility Neutral
2018-03-02,0.0123642033261801,0.0689725717770637,0.0833015729546235,1,Low-Volatility Neutral
2018-03-03,0.0363778855604512,0.0660900332348525,0.03392514810748,1,Low-Volatility Neutral
2018-03-04,0.0019930384320943,0.0655199513999277,0.0910555376781008,1,Low-Volatility Neutral
2018-03-05,0.0052725012049468,0.0653120975268937,0.0310013991657203,1,Low-Volatility Neutral
2018-03-06,-0.0685542954431329,0.06384786399441,-0.0547015261716468,2,High-Volatility Bearish
2018-03-07,-0.0755415215926486,0.0576452522151425,-0.0678019579847208,2,High-Volatility Bearish
2018-03-08,-0.0572531755818666,0.0557595578140653,-0.060968539167916,2,High-Volatility Bearish
2018-03-09,-0.0061160086440503,0.0556253834432214,-0.0935385387216891,1,Low-Volatility Neutral
2018-03-10,-0.0505003790663348,0.0546970719172743,-0.09651111042113,2,High-Volatility Bearish
2018-03-11,0.0803778347408639,0.0556389741296834,-0.0089087415542418,1,Low-Volatility Neutral
2018-03-12,-0.0389940701535206,0.0561202377604517,-0.112049162823309,2,High-Volatility Bearish
2018-03-13,-0.00111573859784,0.0549494443650376,-0.142719293629235,1,Low-Volatility Neutral
2018-03-14,-0.1006041510585813,0.0553906053973947,-0.2046654363251294,2,High-Volatility Bearish
2018-03-15,0.0037547153880626,0.0549824192276059,-0.2419997852650443,1,Low-Volatility Neutral
2018-03-16,0.0045163099033997,0.0513768568338033,-0.2478758374606275,1,Low-Volatility Neutral
2018-03-17,-0.0505459409004189,0.0501270890006513,-0.3109585325783885,2,High-Volatility Bearish
2018-03-18,0.0387526158320983,0.0507689916451636,-0.2856800404312463,1,Low-Volatility Neutral
2018-03-19,0.0494876647182156,0.0488984624198851,-0.2542619187027927,1,Low-Volatility Neutral
2018-03-20,0.0327691799733553,0.0487211714427787,-0.1731398803727061,1,Low-Volatility Neutral
2018-03-21,0.0017737814072429,0.0470096435582421,-0.1039870279940388,1,Low-Volatility Neutral
2018-03-22,-0.022488995834565,0.0469008361359367,-0.0709461784171076,2,High-Volatility Bearish
2018-03-23,0.0173169404672413,0.0459427496607227,-0.0490417397581233,1,Low-Volatility Neutral
2018-03-24,-0.0238185865170761,0.0447321128963001,-0.0223189581336002,2,High-Volatility Bearish
2018-03-25,-0.0198820322538306,0.044369301633204,-0.1130484863308082,2,High-Volatility Bearish
2018-03-26,-0.0337084851061746,0.0439924296943225,-0.1081702046129006,2,High-Volatility Bearish
2018-03-27,-0.0458450475862155,0.0445900947439381,-0.148105692661249,2,High-Volatility Bearish
2018-03-28,0.015503551724572,0.0422755375554496,-0.0381302117252785,1,Low-Volatility Neutral
2018-03-29,-0.0991617034794232,0.0446246976965263,-0.1367521085975533,2,High-Volatility Bearish
2018-03-30,-0.0384024126436746,0.0447577730670159,-0.1736350306319516,2,High-Volatility Bearish
2018-03-31,0.0120469522459418,0.0432768939385649,-0.1191568031370865,1,Low-Volatility Neutral
2018-04-01,-0.0185415146519809,0.0429944053823034,-0.1677411766326471,2,High-Volatility Bearish
2018-04-02,0.0350031814977587,0.0429384131181237,-0.1792275803012202,1,Low-Volatility Neutral
2018-04-03,0.0525579588439786,0.044592425029712,-0.1635008484898151,1,Low-Volatility Neutral
2018-04-04,-0.0807753681979956,0.0460922448419423,-0.2324308752925412,2,High-Volatility Bearish
2018-04-05,-0.0061818819628367,0.0450472314117287,-0.219626070980682,1,Low-Volatility Neutral
2018-04-06,-0.0257140360451562,0.0436024736954214,-0.2526347144768717,2,High-Volatility Bearish
2018-04-07,0.0414039749152079,0.0438326105408134,-0.2027002683031109,1,Low-Volatility Neutral
2018-04-08,0.0162680819267493,0.0440774138972294,-0.1732931180564249,1,Low-Volatility Neutral
2018-04-09,-0.0359919297388677,0.04367838879632,-0.1752467100763154,2,High-Volatility Bearish
2018-04-10,0.009456851084145,0.04053587492013,-0.1274448066726567,1,Low-Volatility Neutral
2018-04-11,0.01954129525744,0.0405194408015348,-0.1239754400880253,1,Low-Volatility Neutral
2018-04-12,0.1321595734714284,0.0479692195713622,0.1009740548677735,1,Low-Volatility Neutral
2018-04-13,0.0008505194964667,0.044362922771388,0.1459164095824872,3,Moderate-Volatility Bullish
2018-04-14,0.0114337298927718,0.044411021565824,0.1452220726689073,3,Moderate-Volatility Bullish
2018-04-15,0.042932607475504,0.0451043264743425,0.2169536054941352,3,Moderate-Volatility Bullish
2018-04-16,-0.0324693056367979,0.044509624893255,0.1376196595141505,3,Moderate-Volatility Bullish
2018-04-17,-0.0194300150822617,0.0440980553043636,0.0598140301908702,2,High-Volatility Bearish
2018-04-18,0.0330710082133138,0.0435562122615641,0.1910724656513827,3,Moderate-Volatility Bullish
2018-04-19,0.0160336782488381,0.0432153747991682,0.2176973999295048,3,Moderate-Volatility Bullish
2018-04-20,0.0664938417281331,0.0449645686547366,0.332942099300701,3,Moderate-Volatility Bullish
2018-04-21,0.0056241188854653,0.0447580622624542,0.2871457728435784,3,Moderate-Volatility Bullish
2018-04-22,-0.0104681332043191,0.0447089083800123,0.253283244934066,3,Moderate-Volatility Bullish
2018-04-23,0.0145890946899942,0.0445331597780418,0.3190423940365436,3,Moderate-Volatility Bullish
2018-04-24,0.0858392596526644,0.0468680425499048,0.4188501618993214,3,Moderate-Volatility Bullish
2018-04-25,-0.0878329224671307,0.0494014840915497,0.2694222506308019,2,High-Volatility Bearish
2018-04-26,0.0492632068887324,0.0491657433402633,0.1764755541559717,3,Moderate-Volatility Bullish
2018-04-27,-0.0317254378191855,0.0496325872948276,0.1381833050253276,2,High-Volatility Bearish
2018-04-28,0.040216831097785,0.045904049030074,0.1705734105657803,3,Moderate-Volatility Bullish
2018-04-29,0.0075519876851644,0.0449940577780726,0.1308626828744112,3,Moderate-Volatility Bullish
2018-04-30,-0.0189541093139361,0.045334353528403,0.1466594232386073,3,Moderate-Volatility Bullish
2018-05-01,-0.0131529012484566,0.0452262475707751,0.1539997577776843,3,Moderate-Volatility Bullish
2018-05-02,0.01282048810724,0.0449940242114134,0.131378761629803,3,Moderate-Volatility Bullish
2018-05-03,0.0549961924728752,0.0450759624377103,0.1747644899146663,3,Moderate-Volatility Bullish
2018-05-04,-0.0044233583387295,0.0418156530555863,0.0966477628384667,3,Moderate-Volatility Bullish
2018-05-05,0.0162245668177165,0.0416708087077628,0.1082077058546235,3,Moderate-Volatility Bullish
2018-05-06,-0.0206276611615586,0.0415169978949052,0.0968297325443581,3,Moderate-Volatility Bullish
2018-05-07,-0.0291865232592071,0.0418733831763056,0.0495057473187361,2,High-Volatility Bearish
2018-05-08,-0.0147433382211765,0.0421218347553543,-0.0477112335653518,2,High-Volatility Bearish
2018-05-09,0.0097846381350477,0.0412176202833035,0.0542000375798821,1,Low-Volatility Neutral
2018-05-10,-0.0301591247822805,0.0419150066217808,-0.0255959797421494,2,High-Volatility Bearish
2018-05-11,-0.0666136845986851,0.0441456379181451,-0.0607050792160899,2,High-Volatility Bearish
2018-05-12,0.007510452811321,0.0373324449922213,-0.0902382823746005,1,Low-Volatility Neutral
2018-05-13,0.0257558640152659,0.0375550707242415,-0.0738012250317206,1,Low-Volatility Neutral
2018-05-14,-0.0008196285477451,0.0375381968534004,-0.0566805846724953,1,Low-Volatility Neutral
2018-05-15,-0.0236796062914232,0.0370991396602704,-0.0667429796058328,2,High-Volatility Bearish
2018-05-16,-0.0166326070794292,0.0367114859220149,-0.093882347517579,2,High-Volatility Bearish
2018-05-17,-0.0328015088541208,0.0370590483175116,-0.1692902471738764,2,High-Volatility Bearish
2018-05-18,0.0193530655750768,0.0367388704662073,-0.1494511846587403,1,Low-Volatility Neutral
2018-05-19,-0.0004593446816679,0.0366295079254149,-0.1634151072250852,1,Low-Volatility Neutral
2018-05-20,0.0322619759216928,0.0349983314701805,-0.1182365069996859,1,Low-Volatility Neutral
2018-05-21,-0.0110721247026693,0.0350273179298505,-0.1017836911627697,2,High-Volatility Bearish
2018-05-22,-0.044804713952344,0.0358896482069467,-0.1291893601577588,2,High-Volatility Bearish
2018-05-23,-0.0601807030118889,0.0372410396270211,-0.189525555807822,2,High-Volatility Bearish
2018-05-24,0.0039058908809461,0.0331371190775347,-0.1610581800335708,0,High-Volatility Transition
2018-05-25,-0.0141287604402687,0.0295187366391976,-0.1138839317424653,0,High-Volatility Transition
2018-05-26,-0.0166120221860921,0.027727218162874,-0.1350999028936365,0,High-Volatility Transition
2018-05-27,0.0016776146739541,0.0273830242825281,-0.155402277877809,0,High-Volatility Transition
2018-05-28,-0.0315177849870593,0.0262975449824786,-0.1813511393074137,2,High-Volatility Bearish
2018-05-29,0.0471692923223963,0.0280726854385553,-0.1219440322703353,0,High-Volatility Transition
2018-05-30,-0.0088416232658627,0.027988555391167,-0.1149874056003478,0,High-Volatility Transition
2018-05-31,0.011834154516914,0.0281693170893112,-0.0741445748842368,0,High-Volatility Transition
2018-06-01,0.0063089406739353,0.0280430380563405,-0.0859922596692883,0,High-Volatility Transition
2018-06-02,0.0135252500989,0.0258511858120794,-0.0732043577397197,0,High-Volatility Transition
2018-06-03,0.010047792910929,0.0260493266511544,-0.0931489149267318,0,High-Volatility Transition
2018-06-04,-0.026654549419546,0.0258927418523784,-0.1074380649401476,0,High-Volatility Transition
2018-06-05,0.0158746455000393,0.0261681296800429,-0.0507375270688691,0,High-Volatility Transition
2018-06-06,0.0026487884691894,0.0259009588068677,0.0127232665618539,0,High-Volatility Transition
2018-06-07,0.0031696259943396,0.0259085100729737,0.0119805350092336,0,High-Volatility Transition
2018-06-08,-0.006944340222814,0.0257408897954032,0.0193552236335186,0,High-Volatility Transition
2018-06-09,-0.0121889727837818,0.0253745171912444,0.0239400453054867,0,High-Volatility Transition
2018-06-10,-0.0990390259761517,0.0285479884869517,-0.079015037327416,2,High-Volatility Bearish
2018-06-11,0.0178160250037253,0.0287876755852223,-0.0321007043138229,0,High-Volatility Transition
2018-06-12,-0.0469905634153701,0.0290396183344289,-0.1191327236049667,2,High-Volatility Bearish
2018-06-13,-0.0353155958905019,0.0293884373602558,-0.1426608062087399,2,High-Volatility Bearish
2018-06-14,0.0512528071808464,0.0313135882672403,-0.1092609098478896,1,Low-Volatility Neutral
2018-06-15,-0.0327728158569632,0.0316117582552504,-0.1438543103900383,2,High-Volatility Bearish
2018-06-16,0.0144937531932811,0.0315174036544869,-0.1430361958442513,0,High-Volatility Transition
2018-06-17,-0.0077692965522669,0.0311357566919383,-0.1581529070261649,0,High-Volatility Transition
2018-06-18,0.0362425016932115,0.0321249790714827,-0.1037532079220852,1,Low-Volatility Neutral
2018-06-19,0.00521470775821,0.0313786178740299,-0.1131578476059138,0,High-Volatility Transition
2018-06-20,0.0009763547887364,0.031403407451128,-0.1146371140269841,0,High-Volatility Transition
2018-06-21,-0.006907581536569,0.0305697446063962,-0.1235309095635774,0,High-Volatility Transition
2018-06-22,-0.0959992912755791,0.0333535073752503,-0.2021306448146612,2,High-Volatility Bearish
2018-06-23,0.0129510280473446,0.033492818586949,-0.1818246999529026,1,Low-Volatility Neutral
2018-06-24,0.0017444275736506,0.033491063020801,-0.0903018318983428,0,High-Volatility Transition
2018-06-25,0.0123031533820698,0.0335857164949431,-0.0952290968381743,0,High-Volatility Transition
2018-06-26,-0.024884904824625,0.0337572171001655,-0.0742423616387698,2,High-Volatility Bearish
2018-06-27,0.0104140791593736,0.0335204212664373,-0.0303579619357619,0,High-Volatility Transition
2018-06-28,-0.0412026295099637,0.0327106187280773,-0.1156359059760808,2,High-Volatility Bearish
2018-06-29,0.0533349820454425,0.0345281698818509,-0.0369050287542777,1,Low-Volatility Neutral
2018-06-30,0.0298634998544964,0.0349890195459513,-0.0223139820650855,1,Low-Volatility Neutral
2018-07-01,-0.0028388781669659,0.0349303361855827,-0.0174558365741945,0,High-Volatility Transition
2018-07-02,0.0357605378555192,0.0355653714538285,-0.0179128249286898,1,Low-Volatility Neutral
2018-07-03,-0.0127892391472776,0.0354946711538972,-0.0355025450353293,0,High-Volatility Transition
2018-07-04,0.0104079984445806,0.0353575925739342,-0.0264146217705331,0,High-Volatility Transition
2018-07-05,0.0063039057320493,0.0352177307161721,-0.0134626440993177,0,High-Volatility Transition
2018-07-06,0.0051753483995944,0.0352372556921241,0.0969493949024979,3,Moderate-Volatility Bullish
2018-07-07,0.0274863528555107,0.0356833053135072,0.112690052951649,3,Moderate-Volatility Bullish
2018-07-08,-0.0121118767202974,0.0357148111323546,0.0972991293446257,3,Moderate-Volatility Bullish
2018-07-09,-0.0047432023254536,0.0356767767887774,0.0788215110403935,0,High-Volatility Transition
2018-07-10,-0.0610820342919123,0.0327046614155814,0.0387747082573841,2,High-Volatility Bearish
2018-07-11,0.0102306911787326,0.0325769388122119,0.0385861728836027,0,High-Volatility Transition
2018-07-12,-0.025943303661489,0.031792740724777,0.0551153429893274,0,High-Volatility Transition
2018-07-13,0.0014833886419449,0.0311398819436616,0.0031761093257536,0,High-Volatility Transition
2018-07-14,0.0061029189717902,0.0296259843432016,-0.0199687512199406,0,High-Volatility Transition
2018-07-15,0.0133075878045301,0.0291457025783756,-0.0040996595927607,0,High-Volatility Transition
2018-07-16,0.0600835668476045,0.0310577298131893,0.0192873222120353,1,Low-Volatility Neutral
2018-07-17,0.0859257669095561,0.0346080692478929,0.1212097871767643,3,Moderate-Volatility Bullish
2018-07-18,0.0067940819649061,0.0340922469866357,0.1171995670149208,3,Moderate-Volatility Bullish
2018-07-19,0.0130352664067501,0.034135060865201,0.1246727301303181,3,Moderate-Volatility Bullish
2018-07-20,-0.0150973746036278,0.0343072633649761,0.1019899427305761,0,High-Volatility Transition
2018-07-21,0.0088603488500096,0.0342661905504625,0.082013357124083,3,Moderate-Volatility Bullish
2018-07-22,-0.000107800703745,0.028644219340333,0.0951611724320773,0,High-Volatility Transition
2018-07-23,0.0394446335657814,0.0292355088193121,0.1437846053741609,3,Moderate-Volatility Bullish
2018-07-24,0.0924846981320643,0.033024219872739,0.3308587384286847,3,Moderate-Volatility Bullish
2018-07-25,-0.0288309144941628,0.0338099642259488,0.2793997205026188,3,Moderate-Volatility Bullish
2018-07-26,-0.0280893655911045,0.0339274032982436,0.2765809204848657,3,Moderate-Volatility Bullish
2018-07-27,0.0268411668376642,0.0340756470116536,0.3089042282877432,3,Moderate-Volatility Bullish
2018-07-28,0.0033240162325662,0.0327107735183236,0.3052889743442522,3,Moderate-Volatility Bullish
2018-07-29,0.0032115585112559,0.0317660375534745,0.2922838060421775,3,Moderate-Volatility Bullish
2018-07-30,-0.0046213013933594,0.0316392800184541,0.2134060118617198,3,Moderate-Volatility Bullish
2018-07-31,-0.0489017808267501,0.0332914639650537,0.0627506337750583,2,High-Volatility Bearish
2018-08-01,-0.0199898445753106,0.0331941363816577,0.0344780848839811,0,High-Volatility Transition
2018-08-02,-0.0075752045234139,0.0331098453204341,0.0134313541299579,0,High-Volatility Transition
2018-08-03,-0.0175442230348682,0.0333577955253886,0.010913630189457,0,High-Volatility Transition
2018-08-04,-0.0540111605226738,0.0350223619636646,-0.0520858383176351,2,High-Volatility Bearish
2018-08-05,0.0050662081969263,0.0350220806504595,-0.0471807932407069,0,High-Volatility Transition
2018-08-06,-0.0165071098883571,0.0348604966068611,-0.0984696200749818,2,High-Volatility Bearish
2018-08-07,-0.0285796042869406,0.0352026183078182,-0.1983732129964903,2,High-Volatility Bearish
2018-08-08,-0.0662390576115351,0.0372486067094938,-0.2292508119877386,2,High-Volatility Bearish
2018-08-09,0.0416172704350952,0.0362971382528044,-0.1739717243698371,1,Low-Volatility Neutral
2018-08-10,-0.0583901630533161,0.0378790836055231,-0.2425348972667047,2,High-Volatility Bearish
2018-08-11,0.0179507236770115,0.0377068844653561,-0.2314923823086171,1,Low-Volatility Neutral
2018-08-12,0.0042822613138011,0.0377114945409912,-0.2306721731981273,1,Low-Volatility Neutral
2018-08-13,-0.0039730110791915,0.037710530387294,-0.2301711098548654,2,High-Volatility Bearish
2018-08-14,-0.015539305797755,0.0377481646402713,-0.2031671720844935,2,High-Volatility Bearish
2018-08-15,0.0175508304871243,0.0361730026515051,-0.1726433636256984,1,Low-Volatility Neutral
2018-08-16,0.0041546925200131,0.0322157090181775,-0.1628644784072912,0,High-Volatility Transition
2018-08-17,0.038817740156551,0.0331144267346957,-0.114839312735216,1,Low-Volatility Neutral
2018-08-18,-0.0238381613889604,0.0331735705836356,-0.0866064715689353,2,High-Volatility Bearish
2018-08-19,0.0128133774606904,0.0332566484326822,-0.0795659261685711,0,High-Volatility Transition
2018-08-20,-0.0303624222302626,0.0335221071132608,-0.0925328745942168,2,High-Volatility Bearish
2018-08-21,0.0285692525210587,0.0340664880842625,-0.0391464015114541,1,Low-Volatility Neutral
2018-08-22,-0.0172682929765866,0.0331394640623212,0.0112452279562202,0,High-Volatility Transition
2018-08-23,0.0248043148965404,0.0281464523891376,-0.0050774862870849,0,High-Volatility Transition
2018-08-24,0.028321879123101,0.0286210210537167,0.0865440745613985,3,Moderate-Volatility Bullish
2018-08-25,0.0064330711373343,0.0284011195083503,0.0742503192461718,0,High-Volatility Transition
2018-08-26,-0.0082697922527399,0.0277605530407678,0.060823767697395,0,High-Volatility Transition
2018-08-27,0.0264460267370039,0.0283476093884419,0.0932217234404113,3,Moderate-Volatility Bullish
2018-08-28,0.0307408439997807,0.0290718340272693,0.1446148013161527,3,Moderate-Volatility Bullish
2018-08-29,-0.0069218844793854,0.0290752862259847,0.1170861207433615,0,High-Volatility Transition
2018-08-30,-0.0097812699375247,0.0278695588577905,0.1015828617769092,0,High-Volatility Transition
2018-08-31,0.008505036065358,0.0277644166606248,0.0694386712898071,0,High-Volatility Transition
2018-09-01,0.0221198082504057,0.0280968694325901,0.1197881400379754,3,Moderate-Volatility Bullish
2018-09-02,0.0110478872336912,0.0280116937148573,0.1178361762689903,3,Moderate-Volatility Bullish
2018-09-03,-0.001740773173724,0.0261204943348034,0.1508323342906961,3,Moderate-Volatility Bullish
2018-09-04,0.0139943880403559,0.0262144655476178,0.134524997403864,3,Moderate-Volatility Bullish
2018-09-05,-0.0772692661779649,0.0297746409298187,0.065256240245608,2,High-Volatility Bearish
2018-09-06,-0.038814478386419,0.0301655206935845,-0.0008737667776446,2,High-Volatility Bearish
2018-09-07,-0.0095111780516222,0.0275811785626977,-0.0376326850440741,0,High-Volatility Transition
2018-09-08,-0.0372796104422955,0.0273566036671477,-0.079431446638596,2,High-Volatility Bearish
2018-09-09,0.01202700346731,0.0252382863740579,-0.0605910485868711,0,High-Volatility Transition
2018-09-10,0.0045772057555697,0.0250447152154947,-0.0806055117458524,0,High-Volatility Transition
2018-09-11,-0.0013428756082783,0.0250363835654286,-0.1092233696119245,0,High-Volatility Transition
2018-09-12,0.0048407910570038,0.0250362212068941,-0.0986724206836419,0,High-Volatility Transition
2018-09-13,0.0260572214168504,0.0252627310120508,-0.0660511222996463,0,High-Volatility Transition
2018-09-14,-0.0007058276520363,0.0250940578856175,-0.0745810507817823,0,High-Volatility Transition
2018-09-15,0.0046816508884746,0.0250962570939507,-0.090369416423383,0,High-Volatility Transition
2018-09-16,-0.003976650378188,0.0240915907347981,-0.1038868561890267,0,High-Volatility Transition
2018-09-17,-0.0362089084702129,0.0246132527233409,-0.1348280669004344,2,High-Volatility Bearish
2018-09-18,0.0143443301556029,0.0246432674357784,-0.1345294852712931,0,High-Volatility Transition
2018-09-19,0.0042754595153344,0.0239938325034413,-0.058045031971613,0,High-Volatility Transition
2018-09-20,0.0189308626769564,0.0236709321363921,-0.0014550088470162,0,High-Volatility Transition
2018-09-21,0.033020118505568,0.0241497771322842,0.0414222172289768,0,High-Volatility Transition
2018-09-22,-0.0019258070910126,0.023773834042987,0.0796661732861301,0,High-Volatility Transition
2018-09-23,-0.0016885051263509,0.023219060006805,0.0650339839994247,0,High-Volatility Transition
2018-09-24,-0.017169733478761,0.0234004540088748,0.0419782853434784,0,High-Volatility Transition
2018-09-25,-0.0225823622606867,0.0237068174041384,0.0198174422041157,0,High-Volatility Transition
2018-09-26,0.0075281174873815,0.0231964954164991,0.022544821895492,0,High-Volatility Transition
2018-09-27,0.027983063895304,0.023068719572543,0.0244640718291455,0,High-Volatility Transition
2018-09-28,-0.0048856280656757,0.023056019052359,0.0201789919500856,0,High-Volatility Transition
2018-09-29,-0.0063469442378133,0.023023004216758,0.0089802793542974,0,High-Volatility Transition
2018-09-30,0.0035747108125294,0.0229660302327643,0.0166298736400223,0,High-Volatility Transition
2018-10-01,-0.0054244382495082,0.022525281824659,0.0491020684399083,0,High-Volatility Transition
2018-10-02,-0.0050867908825003,0.0223786862132225,0.0290051164807514,0,High-Volatility Transition
2018-10-03,-0.0081619031297858,0.0223949083124737,0.0162614915359262,0,High-Volatility Transition
2018-10-04,0.0113954746396116,0.0223301614670606,0.0087458445311678,0,High-Volatility Transition
2018-10-05,0.0069624749639192,0.0175109031027279,-0.0166994872392715,0,High-Volatility Transition
2018-10-06,-0.0051596866998125,0.0159973551250324,-0.0198854983596185,0,High-Volatility Transition
2018-10-07,0.0022221383918707,0.015889125917402,-0.0160461371555884,0,High-Volatility Transition
2018-10-08,0.0074632980256665,0.0142001220435823,0.0086150554510859,0,High-Volatility Transition
2018-10-09,-0.0014415983479458,0.0140947462956695,0.0304305946257683,0,High-Volatility Transition
2018-10-10,-0.0085975380853178,0.0142118707713298,0.0139383810864126,0,High-Volatility Transition
2018-10-11,-0.0500019833671494,0.0170343683496712,-0.0629812057700228,0,High-Volatility Transition
2018-10-12,0.0029314481322555,0.0170184337710066,-0.0556204967701605,0,High-Volatility Transition
2018-10-13,0.0018184732855317,0.0162851870275787,-0.0478599883113546,0,High-Volatility Transition
2018-10-14,0.0007858652689651,0.0162886281644503,-0.050505901365797,0,High-Volatility Transition
2018-10-15,0.0485794397238397,0.0186233420149417,0.0010501245522409,0,High-Volatility Transition
2018-10-16,-6.521233536105342e-05,0.0186050483440167,0.0061026776634027,0,High-Volatility Transition
2018-10-17,-0.0078348736711749,0.0173498132517709,0.0064344104482407,0,High-Volatility Transition
2018-10-18,-0.0103477633689729,0.0173058311667325,-0.0152021733363595,0,High-Volatility Transition
2018-10-19,-0.0017446828336689,0.0172977437307064,-0.0237176744485427,0,High-Volatility Transition
2018-10-20,0.0036780010210586,0.0169578785363863,-0.0150448470557648,0,High-Volatility Transition
2018-10-21,-0.0010540366073054,0.0157681621557009,-0.0182645778158171,0,High-Volatility Transition
2018-10-22,0.0007420238835125,0.0157711774184418,-0.0248142088748287,0,High-Volatility Transition
2018-10-23,-0.0017603884596555,0.0157712809834334,-0.0251255372726232,0,High-Volatility Transition
2018-10-24,0.0031038319400622,0.0154893188183172,-0.0136192446670594,0,High-Volatility Transition
2018-10-25,-0.0030095884685811,0.0149242666173642,0.0351728508567228,0,High-Volatility Transition
2018-10-26,-0.0002377964935497,0.0148610967467045,0.031901724001077,0,High-Volatility Transition
2018-10-27,0.0008695135429939,0.0138937551979987,0.0309242682838541,0,High-Volatility Transition
2018-10-28,0.0009274539479067,0.0138767950304433,0.0310701208686086,0,High-Volatility Transition
2018-10-29,-0.0237050579236407,0.0144692815837395,-0.040007360629544,0,High-Volatility Transition
2018-10-30,0.0002589977227631,0.0144435135172167,-0.0396961010621716,0,High-Volatility Transition
2018-10-31,-0.0026301619916153,0.0144256413835899,-0.0346585273901135,0,High-Volatility Transition
2018-11-01,0.0095241591641666,0.0145396952604966,-0.0152747577671256,0,High-Volatility Transition
2018-11-02,0.0016714525444749,0.014479102323713,-0.0119049237377993,0,High-Volatility Transition
2018-11-03,-0.0042545873531788,0.0143171909591391,-0.0197143521666629,0,High-Volatility Transition
2018-11-04,0.0023376057157507,0.0142531398958504,-0.0163860657390526,0,High-Volatility Transition
2018-11-05,0.0068270681804711,0.0143051945611755,-0.0104051693459376,0,High-Volatility Transition
2018-11-06,0.0064410900839888,0.0143562181942155,-0.002274715818866,0,High-Volatility Transition
2018-11-07,0.0106996233718064,0.014431050277647,0.0052803476984968,0,High-Volatility Transition
2018-11-08,-0.0117026465397417,0.014574623121083,-0.0034849928095588,0,High-Volatility Transition
2018-11-09,-0.010552068479761,0.0146147249441594,-0.0137657643634889,0,High-Volatility Transition
2018-11-10,0.00369581923496,0.0113116359118108,-0.0109807865056618,0,High-Volatility Transition
2018-11-11,0.0003198212292272,0.0113052432890788,-0.0115811900925066,0,High-Volatility Transition
2018-11-12,-0.0062390134681808,0.0113752018013306,0.0061017519472634,0,High-Volatility Transition
2018-11-13,-0.0018488912132336,0.0113831731966158,0.0039815503232394,0,High-Volatility Transition
2018-11-14,-0.0976713720482337,0.0188900633817998,-0.0916897019855137,2,High-Volatility Bearish
2018-11-15,-0.0157397703107884,0.0189810965075684,-0.114420695693889,0,High-Volatility Transition
2018-11-16,-0.0128327900570277,0.0190289404347633,-0.1272439193565954,0,High-Volatility Transition
2018-11-17,-0.0038058536477711,0.0190046855728396,-0.1268506109215174,0,High-Volatility Transition
2018-11-18,0.0124605415889982,0.0192618309380431,-0.1180323891736713,0,High-Volatility Transition
2018-11-19,-0.1337324531280254,0.0303872393992388,-0.2411607287914993,2,High-Volatility Bearish
2018-11-20,-0.0861379366474982,0.0334348921911894,-0.3109637225943966,2,High-Volatility Bearish
2018-11-21,0.0337610488920672,0.0343939624519523,-0.2952417826384522,1,Low-Volatility Neutral
2018-11-22,-0.0513301300210371,0.0351292664937321,-0.3235002764197219,2,High-Volatility Bearish
2018-11-23,-0.0043129494170125,0.0350422554947886,-0.3192345013477089,2,High-Volatility Bearish
2018-11-24,-0.1072781383913814,0.0389990537359831,-0.3945035621060754,2,High-Volatility Bearish
2018-11-25,0.033295014536419,0.0399397638962148,-0.3745435836445541,1,Low-Volatility Neutral
2018-11-26,-0.0575665377988225,0.0405581461447376,-0.4068482623986261,2,High-Volatility Bearish
2018-11-27,0.011005202038643,0.0407527680162282,-0.3992097118019053,1,Low-Volatility Neutral
2018-11-28,0.1142978167781056,0.0472051210255589,-0.2580759539900006,1,Low-Volatility Neutral
2018-11-29,0.0050328034832569,0.047256010311087,-0.2424178266671219,1,Low-Volatility Neutral
2018-11-30,-0.0611328576557232,0.0480615645018464,-0.2794847691414962,2,High-Volatility Bearish
2018-12-01,0.0491386915326241,0.0492546123608193,-0.2411916800553621,1,Low-Volatility Neutral
2018-12-02,-0.0177460897385991,0.0491894339008261,-0.2638306296512723,2,High-Volatility Bearish
2018-12-03,-0.0593609460197417,0.0498699159549945,-0.2006284171737424,2,High-Volatility Bearish
2018-12-04,0.0161173164743617,0.0500979443922711,-0.1111839081846529,1,Low-Volatility Neutral
2018-12-05,-0.0512773241074452,0.0503662539362129,-0.1842989422873296,2,High-Volatility Bearish
2018-12-06,-0.0620387278838305,0.0508417911833658,-0.1935065864633736,2,High-Volatility Bearish
2018-12-07,-0.0287309360355496,0.0505631399564221,-0.2132848344260695,2,High-Volatility Bearish
2018-12-08,0.0164264680991226,0.0509826059637988,-0.1042695922070978,1,Low-Volatility Neutral
2018-12-09,0.0397339095498676,0.0520888692747646,-0.0986879200079733,1,Low-Volatility Neutral
2018-12-10,-0.0308719240546277,0.051987211351594,-0.0731580775274566,2,High-Volatility Bearish
2018-12-11,-0.0222881924354418,0.0518671846332358,-0.1036798925268004,2,High-Volatility Bearish
2018-12-12,0.0182100907007736,0.0522708995361955,-0.1809710436604475,1,Low-Volatility Neutral
2018-12-13,-0.0496918336980208,0.0524735161870981,-0.2255676601303788,2,High-Volatility Bearish
2018-12-14,-0.021484404643338,0.0503940226144999,-0.1928633052182192,2,High-Volatility Bearish
2018-12-15,-0.001765048958612,0.0504762943455447,-0.2320252169689959,1,Low-Volatility Neutral
2018-12-16,0.0049671226908645,0.0506329235078145,-0.2142669019292395,1,Low-Volatility Neutral
2018-12-17,0.0900830396883611,0.0542214441679677,-0.0894335927214181,1,Low-Volatility Neutral
2018-12-18,0.042357604334164,0.0549826827943811,-0.0659190592565622,1,Low-Volatility Neutral
2018-12-19,0.0134985941661627,0.0501375754393703,-0.0021428344271008,1,Low-Volatility Neutral
2018-12-20,0.1037095134107701,0.0518229333770048,0.1741896807563605,3,Moderate-Volatility Bullish
2018-12-21,-0.0575404708163228,0.052378463387792,0.1393611664938971,2,High-Volatility Bearish
2018-12-22,0.0301905804316386,0.0519630154227529,0.1547900200067902,3,Moderate-Volatility Bullish
2018-12-23,-0.0037871701484214,0.0519621228839712,0.1064529329560635,1,Low-Volatility Neutral
2018-12-24,0.0199098000021122,0.0480759732939752,0.1644303963252216,3,Moderate-Volatility Bullish
2018-12-25,-0.0645095020681862,0.0492358533326158,0.1141458687899641,2,High-Volatility Bearish
2018-12-26,0.0109571449138579,0.0480730716705664,0.1062095502847251,1,Low-Volatility Neutral
2018-12-27,-0.0524885896640594,0.0490408778351139,0.1029539767043286,2,High-Volatility Bearish
2018-12-28,0.0736244771111243,0.0462449661468744,0.2101579087098788,3,Moderate-Volatility Bullish
2018-12-29,-0.0263792442322293,0.0464426464928234,0.1803181770456825,3,Moderate-Volatility Bullish
2018-12-30,0.0119212233536554,0.04517316894484,0.1884856595751802,3,Moderate-Volatility Bullish
2018-12-31,-0.0318814555809551,0.0445326752046451,0.0555113371360869,2,High-Volatility Bearish
2019-01-01,0.0269376568360508,0.0447692471827383,0.0398968020335215,1,Low-Volatility Neutral
2019-01-02,0.0259890422813662,0.0436647828125979,0.0527125840442028,1,Low-Volatility Neutral
2019-01-03,-0.0270497433632126,0.043871447336715,-0.0720049375624163,2,High-Volatility Bearish
2019-01-04,0.0054672226262164,0.0427994407933761,-0.0099642593161018,1,Low-Volatility Neutral
2019-01-05,-0.0032462068888264,0.0410881671986792,-0.0420977452260941,1,Low-Volatility Neutral
2019-01-06,0.0601888886144605,0.0418647398643291,0.0194180364464255,1,Low-Volatility Neutral
2019-01-07,-0.0126045888321079,0.041967709851377,-0.0130806751274487,2,High-Volatility Bearish
2019-01-08,0.0013911214837352,0.0414776982446792,0.0564428518868076,1,Low-Volatility Neutral
2019-01-09,0.0011036105648376,0.0409458818585342,0.0461459802724024,1,Low-Volatility Neutral
2019-01-10,-0.0883136681966635,0.044142160300242,0.006591562783605,2,High-Volatility Bearish
2019-01-11,0.0022943982214995,0.0440526516661638,-0.0602849448908315,1,Low-Volatility Neutral
2019-01-12,-0.0070685841359811,0.042975660512473,-0.041646765795902,1,Low-Volatility Neutral
2019-01-13,-0.0295927321023994,0.0431679312797834,-0.0809631004647822,2,High-Volatility Bearish
2019-01-14,0.0430906673146018,0.0437363997516062,-0.0097919120037108,1,Low-Volatility Neutral
2019-01-15,-0.0203388803286431,0.043989152720568,-0.0553775511720785,2,High-Volatility Bearish
2019-01-16,0.0067016576822143,0.0409293588674643,-0.0731353397260621,1,Low-Volatility Neutral
2019-01-17,0.006445166852939,0.0402218429570859,-0.0412269781560533,1,Low-Volatility Neutral
2019-01-18,-0.0056338858242146,0.0401622483009317,-0.0518125477851033,1,Low-Volatility Neutral
2019-01-19,0.0193362794351548,0.035309093392424,-0.0303303820585213,1,Low-Volatility Neutral
2019-01-20,-0.0342100976046959,0.0343051918581555,-0.116669552261313,2,High-Volatility Bearish
2019-01-21,-0.0069372691825597,0.0337674008495495,-0.1115995307209127,0,High-Volatility Transition
2019-01-22,0.0079822199513648,0.0338297302371457,-0.1057521301937033,0,High-Volatility Transition
2019-01-23,-0.0053970551222445,0.0335558281649541,-0.1115589281930794,0,High-Volatility Transition
2019-01-24,0.0043910436084884,0.0315511890379902,-0.0212179077734734,0,High-Volatility Transition
2019-01-25,-0.0003053736335224,0.0314654315833164,-0.0237566929249074,0,High-Volatility Transition
2019-01-26,0.00074854314866,0.0299752110865332,-0.016070947393788,0,High-Volatility Transition
2019-01-27,-0.0051338881208983,0.0265543363864011,0.0087287093922749,0,High-Volatility Transition
2019-01-28,-0.0316731203785524,0.0267343043337903,-0.0635721762662557,2,High-Volatility Bearish
2019-01-29,-0.0064353306532939,0.0265943514436434,-0.0502822023117632,0,High-Volatility Transition
2019-01-30,0.0110392709675732,0.0261635698106517,-0.0461901175266056,0,High-Volatility Transition
2019-01-31,-0.0081432693250416,0.0256022755737161,-0.0600156045522922,0,High-Volatility Transition
2019-02-01,0.008720183739189,0.025112895043324,-0.0464465566850947,0,High-Volatility Transition
2019-02-02,0.009494265405179,0.0248295912573406,-0.0556534166358044,0,High-Volatility Transition
2019-02-03,-0.0162017547174455,0.0249032549651659,-0.0380449108568062,0,High-Volatility Transition
2019-02-04,-0.0014028164443861,0.0249056075087513,-0.0326838245810919,0,High-Volatility Transition
2019-02-05,0.0020824077305636,0.0218803920870891,-0.0383456147199998,0,High-Volatility Transition
2019-02-06,-0.0151714301812906,0.021915528656718,-0.0477961906380697,0,High-Volatility Transition
2019-02-07,-0.0041877899501193,0.021880980823462,-0.0559292759003996,0,High-Volatility Transition
2019-02-08,0.0786323931883947,0.0267214484990429,0.0186163230423854,1,Low-Volatility Neutral
2019-02-09,0.0012063280354683,0.0212947028433167,0.0190822814105864,0,High-Volatility Transition
2019-02-10,0.005171224791767,0.0213111897087251,0.0296382324595141,0,High-Volatility Transition
2019-02-11,-0.011315836951756,0.0213754293594665,0.0512844737922324,0,High-Volatility Transition
2019-02-12,0.001397285808619,0.0206267759159207,0.0595721155830708,0,High-Volatility Transition
2019-02-13,-0.005873228423961,0.0190706958431566,0.0418477667128871,0,High-Volatility Transition
2019-02-14,-0.0041821041273146,0.0187159721905793,0.0460085804546301,0,High-Volatility Transition
2019-02-15,0.0010865526937218,0.0186750677326624,0.0380927642527724,0,High-Volatility Transition
2019-02-16,0.0024792255543701,0.0186407843980124,0.0308789916147012,0,High-Volatility Transition
2019-02-17,0.0121353062126325,0.018746844550238,0.0605721537411834,0,High-Volatility Transition
2019-02-18,0.0658380400946754,0.0220122425120006,0.1319861144586711,3,Moderate-Volatility Bullish
2019-02-19,0.0080138958321356,0.0209506151096561,0.1386865236438421,0,High-Volatility Transition
2019-02-20,0.0133581991648696,0.0209373697290203,0.1716732844432438,3,Moderate-Volatility Bullish
2019-02-21,-0.0114261107294547,0.0211074837664778,0.1631566715760921,0,High-Volatility Transition
2019-02-22,0.0130012420298555,0.0211134127432793,0.092382502530772,0,High-Volatility Transition
2019-02-23,0.0342028046332711,0.0218262902799208,0.1283838467804952,3,Moderate-Volatility Bullish
2019-02-24,-0.0801683071277992,0.0267897081135871,0.0325835025856084,2,High-Volatility Bearish
2019-02-25,0.0189660606358053,0.0269605890343154,0.0642099704148269,0,High-Volatility Transition
2019-02-26,-0.0072986339379875,0.0269855804204013,0.0549685987560319,0,High-Volatility Transition
2019-02-27,-0.0008589100836423,0.0262041795121288,0.0602897997783284,0,High-Volatility Transition
2019-02-28,0.0009706546704713,0.0261391818613142,0.0657761619100538,0,High-Volatility Transition
2019-03-01,0.0012447748305945,0.0261100536881376,0.0659446082659775,0,High-Volatility Transition
2019-03-02,0.0012517668104363,0.0260189706061805,0.064639441039952,0,High-Volatility Transition
2019-03-03,-0.0044610264783262,0.0260484692877494,0.0471821798902221,0,High-Volatility Transition
2019-03-04,-0.0222549364032259,0.0264426914097108,-0.0393688641632404,0,High-Volatility Transition
2019-03-05,0.0358409739566951,0.0268742663234917,-0.0128498272964457,0,High-Volatility Transition
2019-03-06,0.001942222438324,0.0268568263667919,-0.0239705577612276,0,High-Volatility Transition
2019-03-07,0.0019318286070102,0.0268572860778606,-0.0107821231671786,0,High-Volatility Transition
2019-03-08,-0.0026467658337827,0.0266393073911587,-0.0260627452170728,0,High-Volatility Transition
2019-03-09,0.0159395107401667,0.0266585929892408,-0.0432617919010077,0,High-Volatility Transition
2019-03-10,-0.0029555740506511,0.0228233377853622,0.0370489567490934,0,High-Volatility Transition
2019-03-11,-0.0117351352142838,0.0229753410878052,0.0058029277033191,0,High-Volatility Transition
2019-03-12,0.0010060759032475,0.0229701004217168,0.0142172421765389,0,High-Volatility Transition
2019-03-13,-0.000623910810357,0.022836021405206,0.0144557873802848,0,High-Volatility Transition
2019-03-14,0.0045183344942361,0.0228377575475403,0.0180512617452903,0,High-Volatility Transition
2019-03-15,0.0093115583366554,0.0228107939347089,0.02625345099313,0,High-Volatility Transition
2019-03-16,0.0221703275638176,0.023025195498337,0.047694357141395,0,High-Volatility Transition
2019-03-17,-0.0058035113164038,0.0230897990122343,0.0462815407406203,0,High-Volatility Transition
2019-03-18,0.0018081754616785,0.0230914439461382,0.0720313917952601,0,High-Volatility Transition
2019-03-19,0.0095927566196347,0.0230643474252692,0.0448661090236117,0,High-Volatility Transition
2019-03-20,0.0040003370194585,0.0198590865240643,0.0470123946338552,0,High-Volatility Transition
2019-03-21,-0.0142262387677489,0.0200268819491184,0.0301273168953601,0,High-Volatility Transition
2019-03-22,-0.0013299101079167,0.0198905499385768,0.0314874458939478,0,High-Volatility Transition
2019-03-23,0.0029468806724162,0.0197686749431413,0.0182959766555235,0,High-Volatility Transition
2019-03-24,-0.0033842394882989,0.0196481087817507,0.0178581744080734,0,High-Volatility Transition
2019-03-25,-0.0146929847589661,0.0187488118086962,0.0148117529020566,0,High-Volatility Transition
2019-03-26,0.0055538385178051,0.0114105674389825,0.0194222373554076,0,High-Volatility Transition
2019-03-27,0.0255917900817936,0.0118160564510806,0.0461637901566025,0,High-Volatility Transition
2019-03-28,-0.004394101700994,0.0117508369695295,0.0368818609878081,0,High-Volatility Transition
2019-03-29,0.0071925689607101,0.01177815316099,0.0347049894069808,0,High-Volatility Transition
2019-03-30,0.0020216904305738,0.0117761070796191,0.0143092737328565,0,High-Volatility Transition
2019-03-31,-0.0003058103975535,0.011783747233261,0.019918194192416,0,High-Volatility Transition
2019-04-01,0.0128559344651937,0.0119434045079399,0.0311656672004552,0,High-Volatility Transition
2019-04-02,0.1735601357404375,0.0333676274928191,0.1986366903249929,3,Moderate-Volatility Bullish
2019-04-03,0.0190873715102777,0.0329064158685972,0.2166485100645949,3,Moderate-Volatility Bullish
2019-04-04,-0.010099119772122,0.0327224470888729,0.2217422276845611,3,Moderate-Volatility Bullish
2019-04-05,0.0231336538816324,0.0328092075785378,0.2516701983609686,3,Moderate-Volatility Bullish
2019-04-06,0.0045935467759328,0.0327930270458382,0.2537252253301347,3,Moderate-Volatility Bullish
2019-04-07,0.0274870769676756,0.0328825256457515,0.2925608024036223,3,Moderate-Volatility Bullish
2019-04-08,0.0174794814968357,0.0328931658753224,0.3347657884187984,3,Moderate-Volatility Bullish
2019-04-09,-0.0160333027767421,0.0331583648690983,0.3061111539616359,3,Moderate-Volatility Bullish
2019-04-10,0.0229767944948078,0.0329894583241867,0.3027809060630539,3,Moderate-Volatility Bullish
2019-04-11,-0.0488424146618855,0.0347135691336132,0.2446189229620119,3,Moderate-Volatility Bullish
2019-04-12,0.0049464566912431,0.0346740582765415,0.2418433327523261,3,Moderate-Volatility Bullish
2019-04-13,0.0013846761356397,0.0346939563102401,0.2410538568731244,3,Moderate-Volatility Bullish
2019-04-14,0.0139575269101015,0.0347044414727883,0.2587608416307201,3,Moderate-Volatility Bullish
2019-04-15,-0.0194696553454223,0.0350091326593626,0.2185871256543157,3,Moderate-Volatility Bullish
2019-04-16,0.0332440434720013,0.0352015405799952,0.0728874053306036,3,Moderate-Volatility Bullish
2019-04-17,0.0031283032403301,0.0351926057894938,0.0560858200825566,0,High-Volatility Transition
2019-04-18,0.0088439265676574,0.0351927288699246,0.0762954016964276,3,Moderate-Volatility Bullish
2019-04-19,0.0010242285247921,0.0352125867255067,0.053037176580444,0,High-Volatility Transition
2019-04-20,0.0064243844345459,0.0349381172511801,0.0549563011109475,0,High-Volatility Transition
2019-04-21,-0.004375323763073,0.0349764631032201,0.0222420790317507,0,High-Volatility Transition
2019-04-22,0.0159626466351101,0.0349684625504778,0.0207181441998491,0,High-Volatility Transition
2019-04-23,0.0320402608090144,0.0350885114213036,0.0705872695948452,3,Moderate-Volatility Bullish
2019-04-24,-0.0192908500185503,0.0352165631430325,0.0263524420061034,0,High-Volatility Transition
2019-04-25,-0.046542960371771,0.0367614231030919,0.0288336822993209,2,High-Volatility Bearish
2019-04-26,0.0132103086306838,0.0366448506670874,0.0372939631075381,0,High-Volatility Transition
2019-04-27,-0.0020944117727306,0.0366178859660055,0.0336901163836202,0,High-Volatility Transition
2019-04-28,0.00319802844628,0.0366328848759565,0.022721227722978,0,High-Volatility Transition
2019-04-29,-0.0071495981370967,0.0367322710506283,0.0355714001856719,0,High-Volatility Transition
2019-04-30,0.0197002245738131,0.0367426477927407,0.0219970741695956,1,Low-Volatility Neutral
2019-05-01,0.009712831055362,0.0367371645550292,0.0287054564772359,0,High-Volatility Transition
2019-05-02,0.0189880018697257,0.0198942534740319,0.0390492424081847,0,High-Volatility Transition
2019-05-03,0.0477733526767298,0.0212749120590918,0.087574183812352,0,High-Volatility Transition
2019-05-04,0.0109006195222955,0.0210997074632181,0.0924113457466255,0,High-Volatility Transition
2019-05-05,-0.0060809408225314,0.0209494351061473,0.0905399222356158,0,High-Volatility Transition
2019-05-06,-0.0084375132428518,0.0210906955002484,0.0643486557122057,0,High-Volatility Transition
2019-05-07,0.0143896139338921,0.0207302635206068,0.0461454489310473,0,High-Volatility Transition
2019-05-08,0.0262382736516904,0.0209862783221317,0.0947124328552229,0,High-Volatility Transition
2019-05-09,0.0321057505942055,0.0212151771964657,0.1850130107984755,3,Moderate-Volatility Bullish
2019-05-10,0.0330908347557834,0.0215727790163327,0.2082645331320773,3,Moderate-Volatility Bullish
2019-05-11,0.129478272271728,0.0291136512805643,0.367572797897207,3,Moderate-Volatility Bullish
2019-05-12,-0.0322563877074736,0.0302055628637194,0.3192408696813045,3,Moderate-Volatility Bullish
2019-05-13,0.1208402976115901,0.036180994261731,0.4893062703308903,3,Moderate-Volatility Bullish
2019-05-14,0.0229690247002396,0.0362098511951248,0.494080462203585,3,Moderate-Volatility Bullish
2019-05-15,0.0263623950408744,0.0356570144055849,0.5187169603145998,3,Moderate-Volatility Bullish
2019-05-16,-0.0390313507635955,0.0369253505829733,0.4322439354026108,3,Moderate-Volatility Bullish
2019-05-17,-0.0686138114651615,0.0398832101871589,0.2731495954147884,3,Moderate-Volatility Bullish
2019-05-18,-0.0098976762295533,0.0400803106991067,0.2469557823827055,3,Moderate-Volatility Bullish
2019-05-19,0.1274178161753931,0.0452647178248143,0.4144412988766017,3,Moderate-Volatility Bullish
2019-05-20,-0.0267612444150493,0.0458969527796691,0.388302913786791,3,Moderate-Volatility Bullish
2019-05-21,-0.0018777719888342,0.0458638598862617,0.3660392204622584,3,Moderate-Volatility Bullish
2019-05-22,-0.0355707115656823,0.046765131093745,0.2837644698982775,3,Moderate-Volatility Bullish
2019-05-23,0.0262732459283545,0.0466952300909422,0.2765098235054783,3,Moderate-Volatility Bullish
2019-05-24,0.0133883475068985,0.0463043211874075,0.2521649956601723,3,Moderate-Volatility Bullish
2019-05-25,0.0081594254895895,0.0449051556711382,0.1176681956917113,3,Moderate-Volatility Bullish
2019-05-26,0.077077738316635,0.0462833311764203,0.2439405614388878,3,Moderate-Volatility Bullish
2019-05-27,0.0152841232994043,0.0461358659527946,0.1267913056376448,3,Moderate-Volatility Bullish
2019-05-28,-0.0097454652080037,0.0463416001331576,0.0907565852239149,3,Moderate-Volatility Bullish
2019-05-29,-0.0069351919160878,0.0463376321786984,0.0553699007342456,1,Low-Volatility Neutral
2019-05-30,-0.0392649860752662,0.047491820446369,0.0551133141370847,2,High-Volatility Bearish
2019-05-31,0.0306545026845432,0.0475521280025993,0.1675686213132212,3,Moderate-Volatility Bullish
2019-06-01,-0.0012228525481504,0.0476596481988107,0.1777983235194138,3,Moderate-Volatility Bullish
2019-06-02,0.0208945655496921,0.0472908276337853,0.0665149073779125,1,Low-Volatility Neutral
2019-06-03,-0.0610734822411206,0.0492891266814829,0.028914151204771,2,High-Volatility Bearish
2019-06-04,-0.0610579143900715,0.0509997809723301,-0.0320916898416477,2,High-Volatility Bearish
2019-06-05,0.0151094848663473,0.0508751417340447,0.0187713271522209,1,Low-Volatility Neutral
2019-06-06,-0.0002822012395636,0.0509173806889795,-0.0075900032845946,1,Low-Volatility Neutral
2019-06-07,0.0283721643316796,0.050940802685608,0.0070836306114809,1,Low-Volatility Neutral
2019-06-08,-0.0111665573631972,0.0509390089101233,-0.0122217297158979,1,Low-Volatility Neutral
2019-06-09,-0.0334481395825944,0.051331927418503,-0.1135840145436972,2,High-Volatility Bearish
2019-06-10,0.0406151545279056,0.0463730202394988,-0.0914682043052119,1,Low-Volatility Neutral
2019-06-11,-0.0090765303553472,0.0459303463199207,-0.0908544746412377,1,Low-Volatility Neutral
2019-06-12,0.0275165144233242,0.0406957706122624,-0.0593141215802077,1,Low-Volatility Neutral
2019-06-13,0.0104429039012592,0.0405389603173386,-0.0106435626131276,1,Low-Volatility Neutral
2019-06-14,0.0562402458525668,0.0415195790398828,0.0139169662961018,1,Low-Volatility Neutral
2019-06-15,0.0166258072886391,0.040826074692954,0.0320361824599269,1,Low-Volatility Neutral
2019-06-16,0.0176631203416917,0.0384609503609373,0.0287694706085444,1,Low-Volatility Neutral
2019-06-17,0.036229327074871,0.0386638266845918,0.1353828825586833,3,Moderate-Volatility Bullish
2019-06-18,-0.0255988003404428,0.0320294007341781,0.178260576230804,3,Moderate-Volatility Bullish
2019-06-19,0.021114710381221,0.0316385513528708,0.1852309775333613,3,Moderate-Volatility Bullish
2019-06-20,0.0273508474965369,0.0318524761846852,0.2179917680347656,3,Moderate-Volatility Bullish
2019-06-21,0.0648038318081569,0.0325466590492697,0.2611410019611495,3,Moderate-Volatility Bullish
2019-06-22,0.0549195775982847,0.0334532702673939,0.3454261109263357,3,Moderate-Volatility Bullish
2019-06-23,0.0143603176045843,0.0334563476958764,0.4119747869538759,3,Moderate-Volatility Bullish
2019-06-24,0.0143460268624222,0.0334584574194844,0.3763311142881991,3,Moderate-Volatility Bullish
2019-06-25,0.0708207420972208,0.0330495155501994,0.4873034601774986,3,Moderate-Volatility Bullish
2019-06-26,0.103920200094435,0.0371679892588751,0.5978958102505612,3,Moderate-Volatility Bullish
2019-06-27,-0.140856807317126,0.0465521708506859,0.358633231717373,2,High-Volatility Bearish
2019-06-28,0.1095007210601795,0.049878234538305,0.4271417475008383,3,Moderate-Volatility Bullish
2019-06-29,-0.0361045337040818,0.0497666356652051,0.3531187682973398,3,Moderate-Volatility Bullish
2019-06-30,-0.0955080172158404,0.0534513119093857,0.2026426557236225,2,High-Volatility Bearish
2019-07-01,-0.0216342006652302,0.0537175616319056,0.1354865302862802,3,Moderate-Volatility Bullish
2019-07-02,0.0206501167744597,0.053715635407633,0.189381191379315,3,Moderate-Volatility Bullish
2019-07-03,0.1073529339969792,0.0549808343780905,0.2898303574757011,3,Moderate-Volatility Bullish
2019-07-04,-0.0623539189800413,0.0550424053019264,0.1772067768423582,2,High-Volatility Bearish
2019-07-05,-0.021129584919224,0.0554150660920787,0.0822020468566404,1,Low-Volatility Neutral
2019-07-06,0.0209583877093131,0.0553770916454538,0.0473625481953239,1,Low-Volatility Neutral
2019-07-07,0.0216170585445194,0.0553285166921713,0.0548553873280615,1,Low-Volatility Neutral
2019-07-08,0.0729300942965547,0.0561681356719673,0.115779093349406,1,Low-Volatility Neutral
2019-07-09,0.0234295520141332,0.0553910812208743,0.0663981867000875,1,Low-Volatility Neutral
2019-07-10,-0.0331880091807874,0.0559894773237339,-0.0660497436306426,2,High-Volatility Bearish
2019-07-11,-0.0656315347941147,0.0577719543426579,0.0157255217228875,2,High-Volatility Bearish
2019-07-12,0.0402621553794211,0.0579237846399294,-0.047660988005769,1,Low-Volatility Neutral
2019-07-13,-0.035850364930324,0.0586372997746215,-0.0474098665435936,2,High-Volatility Bearish
2019-07-14,-0.0997439008876891,0.0614787312596049,-0.051871001710156,2,High-Volatility Bearish
2019-07-15,0.0623076832253497,0.0622763144252334,0.0294766234233603,1,Low-Volatility Neutral
2019-07-16,-0.130099729558506,0.0672072360191599,-0.1225768964203514,2,High-Volatility Bearish
2019-07-17,0.0228074812173593,0.0670295388514113,-0.1895674026031282,1,Low-Volatility Neutral
2019-07-18,0.1003403632354513,0.0690557289959728,-0.04894638110417,1,Low-Volatility Neutral
2019-07-19,-0.0127267823290648,0.069105816730139,-0.0407823629776453,1,Low-Volatility Neutral
2019-07-20,0.0224492672581275,0.069060831565364,-0.0393816418756746,1,Low-Volatility Neutral
2019-07-21,-0.0156062041706577,0.0682731286682464,-0.074382378418217,1,Low-Volatility Neutral
2019-07-22,-0.0241528895237694,0.0677539715885203,-0.1581359435922346,1,Low-Volatility Neutral
2019-07-23,-0.0427665391946119,0.068170387714858,-0.2125882600742614,2,High-Volatility Bearish
2019-07-24,-0.0089732231540602,0.0681247973690778,-0.1928667351259841,1,Low-Volatility Neutral
2019-07-25,0.01018311979244,0.0667895025592832,-0.127375944329381,1,Low-Volatility Neutral
2019-07-26,-0.0041907535237897,0.0636307255715,-0.164665273228718,1,Low-Volatility Neutral
2019-07-27,-0.0397785101716193,0.0588018390003984,-0.1680685998623668,2,High-Volatility Bearish
2019-07-28,0.0079325990284324,0.0548428360105413,-0.0685641794808022,1,Low-Volatility Neutral
2019-07-29,-0.0035292930608459,0.0545727817853327,-0.1262903156991233,1,Low-Volatility Neutral
2019-07-30,0.0092737651966816,0.0519444468005372,0.0136935149078758,1,Low-Volatility Neutral
2019-07-31,0.049774435906803,0.052674487338169,0.0404201742132688,1,Low-Volatility Neutral
2019-08-01,0.0311374777866439,0.0528524642018522,-0.0250141954966629,1,Low-Volatility Neutral
2019-08-02,0.0113951569033756,0.048893194594691,-0.0011924732947743,1,Low-Volatility Neutral
2019-08-03,0.0288597369267165,0.0479073769693822,0.0050697693022325,1,Low-Volatility Neutral
2019-08-04,0.013718514042569,0.0478011741313207,0.0350104169315586,1,Low-Volatility Neutral
2019-08-05,0.0761581306718344,0.0496195538583703,0.1414030574598628,1,Low-Volatility Neutral
2019-08-06,-0.0277396232224216,0.0497970240628302,0.1593211187658469,3,Moderate-Volatility Bullish
2019-08-07,0.0404071247685291,0.0485215077062941,0.2170871464213868,3,Moderate-Volatility Bullish
2019-08-08,0.0020464361508649,0.0483253967620432,0.2072839207679104,3,Moderate-Volatility Bullish
2019-08-09,-0.0086467643266661,0.0479592638827232,0.2018816108254013,3,Moderate-Volatility Bullish
2019-08-10,-0.0428993368016044,0.0470523162757164,0.1979753619266981,3,Moderate-Volatility Bullish
2019-08-11,0.0149334439769213,0.0465495287374336,0.2062961958485725,3,Moderate-Volatility Bullish
2019-08-12,-0.0122325615490318,0.0461159106590419,0.195760291887084,3,Moderate-Volatility Bullish
2019-08-13,-0.0427657511938907,0.042882800926985,0.1341052786937835,2,High-Volatility Bearish
2019-08-14,-0.0774723881071904,0.0437918340001739,-0.0033635811633645,2,High-Volatility Bearish
2019-08-15,0.0258505218865932,0.0367132267186562,-0.0084736396262613,1,Low-Volatility Neutral
2019-08-16,0.0060895785528642,0.0365358719830906,-0.0136749902117901,0,High-Volatility Transition
2019-08-17,-0.0137449459081683,0.0316556552316389,-0.0545183264858527,0,High-Volatility Transition
2019-08-18,0.0111482856375484,0.031648200030603,-0.0569155440763667,0,High-Volatility Transition
2019-08-19,0.0551182685473343,0.0329848283640346,-0.0753536958301476,1,Low-Volatility Neutral
2019-08-20,-0.013999682770833,0.0329582584344164,-0.0622866353373783,0,High-Volatility Transition
2019-08-21,-0.0580850243386819,0.0344031452981479,-0.1510570813805303,2,High-Volatility Bearish
2019-08-22,-0.0006898901425563,0.0334478741076027,-0.1533753220787913,0,High-Volatility Transition
2019-08-23,0.0273327073574147,0.0337187140566491,-0.1226485260890442,1,Low-Volatility Neutral
2019-08-24,-0.0238282805498643,0.0340225652508466,-0.1051665412207142,2,High-Volatility Bearish
2019-08-25,-0.002110574982218,0.0340129265377551,-0.1201936925351341,0,High-Volatility Transition
2019-08-26,0.0229128896394301,0.0333108208204887,-0.0888895733359849,1,Low-Volatility Neutral
2019-08-27,-0.017869397686568,0.0335260259276602,-0.0651928373544566,2,High-Volatility Bearish
2019-08-28,-0.0423226300562074,0.0345077327850483,-0.0295752090388125,2,High-Volatility Bearish
2019-08-29,-0.0250371200804442,0.0348047936831427,-0.0777134399650422,2,High-Volatility Bearish
2019-08-30,0.0092504501488688,0.0335812290027774,-0.0748158556414033,0,High-Volatility Transition
2019-08-31,0.0033850433381186,0.0330403613993448,-0.0587465900108291,0,High-Volatility Transition
2019-09-01,0.0132188849905696,0.0330675766676312,-0.0568191193030844,0,High-Volatility Transition
2019-09-02,0.0603393940170304,0.0345459460199058,-0.0521519024938095,1,Low-Volatility Neutral
2019-09-03,0.0267503331498204,0.0348172036471415,-0.012978664525407,1,Low-Volatility Neutral
2019-09-04,-0.0027341992305008,0.0316655829274486,0.0450227971028467,0,High-Volatility Transition
2019-09-05,-0.0017896052830365,0.0313222447462221,0.043872776322726,0,High-Volatility Transition
2019-09-06,-0.0210136420057129,0.0304326997130946,-0.0052519498476039,0,High-Volatility Transition
2019-09-07,0.0158357340303734,0.0306352489829561,0.0351668621080758,0,High-Volatility Transition
2019-09-08,-0.0072241774561502,0.0306286458249753,0.0298622344666774,0,High-Volatility Transition
2019-09-09,-0.0101809160177543,0.0297581190143594,-0.0034563999804138,0,High-Volatility Transition
2019-09-10,-0.0211900881922673,0.0297509360780728,-0.0068258224007167,0,High-Volatility Transition
2019-09-11,0.0061681133811493,0.0297629421302915,0.0434622555533452,0,High-Volatility Transition
2019-09-12,0.0227693467296665,0.0291645503798912,0.0946275303706085,3,Moderate-Volatility Bullish
2019-09-13,-0.004762677568511,0.0253741691784644,0.0794289685232685,0,High-Volatility Transition
2019-09-14,-0.0002411114881423,0.0249479322396458,0.0755279969173985,0,High-Volatility Transition
2019-09-15,-0.0009978652998753,0.0249262326218946,0.0604369704974758,0,High-Volatility Transition
2019-09-16,-0.0068535864941471,0.0248247070864134,-0.0067621933683765,0,High-Volatility Transition
2019-09-17,-0.0034564752941458,0.0247506307265218,-0.0359830693647702,0,High-Volatility Transition
2019-09-18,-0.0042010808936686,0.022454848770149,-0.0374010451516075,0,High-Volatility Transition
2019-09-19,0.0066841865263698,0.0223918171106401,-0.0292295582761876,0,High-Volatility Transition
2019-09-20,-0.0082573553842745,0.0197262675996223,-0.0165803258357887,0,High-Volatility Transition
2019-09-21,-0.0159036048433143,0.0199476937545644,-0.0473068392352633,0,High-Volatility Transition
2019-09-22,0.005057606145695,0.0192921783004191,-0.0355209244559439,0,High-Volatility Transition
2019-09-23,-0.0338684273457096,0.0197840966679003,-0.0586020201806404,0,High-Volatility Transition
2019-09-24,-0.1139604136496184,0.0285486426097859,-0.1478264915710463,2,High-Volatility Bearish
2019-09-25,-0.0154947176197909,0.0281123747434885,-0.1661738139032356,0,High-Volatility Transition
2019-09-26,-0.0433634602397672,0.0288509347114363,-0.2200894561616965,2,High-Volatility Bearish
2019-09-27,0.0163663575709995,0.0283668586448107,-0.2035318402895599,0,High-Volatility Transition
2019-09-28,-0.0007187075808087,0.0281256048835581,-0.2039123221091086,0,High-Volatility Transition
2019-09-29,-0.0171878428914317,0.0280990723479258,-0.2168138377498499,2,High-Volatility Bearish
2019-09-30,0.0234055126317587,0.0285448775206128,-0.1929517894201295,0,High-Volatility Transition
2019-10-01,0.005957196587605,0.028419428584534,-0.1853281514567043,0,High-Volatility Transition
2019-10-02,0.0059647580650352,0.0257281543271449,-0.1770113892494172,0,High-Volatility Transition
2019-10-03,-0.0158523935435265,0.0249881421312441,-0.1954355871965333,0,High-Volatility Transition
2019-10-04,-0.0065439207626368,0.0249699494142521,-0.1940455405672798,0,High-Volatility Transition
2019-10-05,-0.0066340929219284,0.0249429692946136,-0.186454003288438,0,High-Volatility Transition
2019-10-06,-0.020038608449736,0.0249264931074066,-0.2067681870644551,2,High-Volatility Bearish
2019-10-07,0.0322311297921977,0.0256431392602803,-0.1524978650640159,0,High-Volatility Transition
2019-10-08,-0.0020422766908295,0.0256642069504488,-0.0454475013197454,0,High-Volatility Transition
2019-10-09,0.0445943248463081,0.0273643040078428,0.0128133802172694,0,High-Volatility Transition
2019-10-10,-0.0010780457889411,0.0272188591455636,0.0575819331251097,0,High-Volatility Transition
2019-10-11,-0.0308295125793441,0.0275282690349272,0.0084721812946677,0,High-Volatility Transition
2019-10-12,0.0017783297946283,0.0270258812377684,0.0109921851693375,0,High-Volatility Transition
2019-10-13,-0.0018652553061611,0.027039356544179,0.0267541150490571,0,High-Volatility Transition
2019-10-14,0.0064512229614668,0.0271237614242801,0.0097443506185916,0,High-Volatility Transition
2019-10-15,-0.0202177576842603,0.0272115568807994,-0.016529145205457,0,High-Volatility Transition
2019-10-16,-0.0192364636436365,0.0272978720829146,-0.0411668542872019,0,High-Volatility Transition
2019-10-17,0.0070064105850649,0.0274210726081166,-0.0188960293356814,0,High-Volatility Transition
2019-10-18,-0.0161284608307259,0.0274596342157244,-0.0283614002909954,0,High-Volatility Transition
2019-10-19,0.001925577291967,0.0273867836724458,-0.0199889507018364,0,High-Volatility Transition
2019-10-20,0.0292314963070974,0.0282150125031747,0.029283650727276,0,High-Volatility Transition
2019-10-21,0.0026322515787333,0.0282094662512375,-0.0002307095217893,0,High-Volatility Transition
2019-10-22,-0.0200780186624052,0.0282404615382169,-0.0182991913151648,0,High-Volatility Transition
2019-10-23,-0.0697594800823976,0.0301192141575911,-0.1257679187479081,2,High-Volatility Bearish
2019-10-24,-0.0028188995901766,0.0225305557269758,-0.1272914714492918,0,High-Volatility Transition
2019-10-25,0.1557634183061922,0.036801731216879,0.040729784113767,1,Low-Volatility Neutral
2019-10-26,0.0674624969992299,0.0377151405633717,0.1089679033876704,3,Moderate-Volatility Bullish
2019-10-27,0.0331793504324351,0.0380137328820277,0.1479038718604435,3,Moderate-Volatility Bullish
2019-10-28,-0.0309438054930417,0.0385819460574302,0.1052531233969928,2,High-Volatility Bearish
2019-10-29,0.0185324450724053,0.0384390614945644,0.1489656758186868,3,Moderate-Volatility Bullish
2019-10-30,-0.0235435187579138,0.0386499719334094,0.1439199555133123,3,Moderate-Volatility Bullish
2019-10-31,-0.0006671501180056,0.0386583312853818,0.1352030902324001,3,Moderate-Volatility Bullish
2019-11-01,0.0066872072502421,0.0386598551420778,0.161528088852749,3,Moderate-Volatility Bullish
2019-11-02,0.0068688655120632,0.0384802084183103,0.167258822002067,3,Moderate-Volatility Bullish
2019-11-03,-0.0095834837494558,0.0385149040668872,0.1232384747241135,3,Moderate-Volatility Bullish
2019-11-04,0.0191933956243854,0.0385431015250182,0.1417917520082166,3,Moderate-Volatility Bullish
2019-11-05,-0.0074458565453288,0.0383234348803532,0.1565105753329272,3,Moderate-Volatility Bullish
2019-11-06,0.0019644083862144,0.0380036813316004,0.2456804553176181,3,Moderate-Volatility Bullish
2019-11-07,-0.009968973060571,0.0380810969205423,0.2367485704548839,3,Moderate-Volatility Bullish
2019-11-08,-0.0499247469674076,0.0385681249764705,0.016647691388802,2,High-Volatility Bearish
2019-11-09,0.0009882214210468,0.0385652325883977,-0.0466621850642642,1,Low-Volatility Neutral
2019-11-10,0.0274513058458691,0.0383449243817769,-0.0519475805841473,1,Low-Volatility Neutral
2019-11-11,-0.0328791799810608,0.0389163358908831,-0.0538410068645249,2,High-Volatility Bearish
2019-11-12,0.0066082922844901,0.0389154929015164,-0.0649178699044702,1,Low-Volatility Neutral
2019-11-13,-0.0008393486468396,0.0389135391314151,-0.0431757194273605,1,Low-Volatility Neutral
2019-11-14,-0.0113720460225722,0.0387696374352153,-0.0534252617332112,2,High-Volatility Bearish
2019-11-15,-0.024816282533459,0.038891582329337,-0.0830475787565413,2,High-Volatility Bearish
2019-11-16,0.006920467352055,0.0388912414059736,-0.0830005851174072,1,Low-Volatility Neutral
2019-11-17,0.0031827394743637,0.0387319748739614,-0.0711806901192693,1,Low-Volatility Neutral
2019-11-18,-0.031323177646423,0.0392400417060724,-0.1172178494301249,2,High-Volatility Bearish
2019-11-19,-0.0124126938646038,0.0389800827843947,-0.1216353770372126,2,High-Volatility Bearish
2019-11-20,-0.0217979855750733,0.0391915399923766,-0.1424665024123312,2,High-Volatility Bearish
2019-11-21,-0.0479014856891898,0.0399995618438643,-0.1753224426218677,2,High-Volatility Bearish
2019-11-22,-0.0452942152080403,0.0387824858982688,-0.1713030814097028,2,High-Volatility Bearish
2019-11-23,0.013872152579023,0.0388646074538103,-0.1606367480588597,1,Low-Volatility Neutral
2019-11-24,-0.047295145936607,0.0265947904286115,-0.221699909380699,2,High-Volatility Bearish
2019-11-25,0.0139355779847962,0.023016120414041,-0.1840252676886364,0,High-Volatility Transition
2019-11-26,0.0101085855400668,0.0219432551519987,-0.1811878672081095,0,High-Volatility Transition
2019-11-27,0.0434021022748487,0.0235271641260861,-0.1449319991072835,0,High-Volatility Transition
2019-11-28,-0.0091025862363497,0.0230461763918344,-0.1429691348824712,0,High-Volatility Transition
2019-11-29,0.0399482061529106,0.024397682362752,-0.0860514846247614,0,High-Volatility Transition
2019-11-30,-0.0246885393777562,0.0246306411888456,-0.1147419380517016,0,High-Volatility Transition
2019-12-01,-0.0192000671887209,0.0246176329538238,-0.1344936335981261,0,High-Volatility Transition
2019-12-02,-0.0137796563763999,0.0245035428296903,-0.1188186127883795,0,High-Volatility Transition
2019-12-03,-0.0002516766439273,0.024538474516912,-0.1079678637377927,0,High-Volatility Transition
2019-12-04,-0.0093045745840787,0.0240186337776204,-0.0965749981219409,0,High-Volatility Transition
2019-12-05,0.0270645354310923,0.0248757387236762,-0.0254414160887769,0,High-Volatility Transition
2019-12-06,0.0132498508273233,0.0251037602529293,0.0343200549326454,0,High-Volatility Transition
2019-12-07,0.0012244885547587,0.0251389230178898,0.0214173112138538,0,High-Volatility Transition
2019-12-08,0.0010729442478032,0.023787361371794,0.0732738798184913,0,High-Volatility Transition
2019-12-09,-0.0216073957677811,0.0239557391517302,0.0356508333764937,0,High-Volatility Transition
2019-12-10,-0.0165898464885166,0.0232026797233347,0.0082772878230079,0,High-Volatility Transition
2019-12-11,-0.0083390196791284,0.0226855063784757,-0.0417220345848486,0,High-Volatility Transition
2019-12-12,0.0035617998454939,0.0226330561833431,-0.0294745486603009,0,High-Volatility Transition
2019-12-13,0.0036655806660659,0.0226852761154885,-0.0633350921643606,0,High-Volatility Transition
2019-12-14,-0.0199473224436292,0.0228073170748074,-0.058781745154781,0,High-Volatility Transition
2019-12-15,0.0038777816857296,0.022609818398451,-0.0366352380879096,0,High-Volatility Transition
2019-12-16,-0.0307343421049577,0.0229416767397426,-0.0531970002598124,0,High-Volatility Transition
2019-12-17,-0.0421155650343858,0.023744526095875,-0.0928438335506319,2,High-Volatility Bearish
2019-12-18,0.0958190117115909,0.0300015265526383,0.0034153265311385,1,Low-Volatility Neutral
2019-12-19,-0.010163597776861,0.0299825455694359,-0.0329555909237456,0,High-Volatility Transition
2019-12-20,0.0022174806840695,0.029808582437805,-0.0434848713940879,0,High-Volatility Transition
2019-12-21,-0.003831336508268,0.0285859170886851,-0.0483149302027279,0,High-Volatility Transition
2019-12-22,0.0445589076158448,0.0285615865817575,-0.0069743442634961,0,High-Volatility Transition
2019-12-23,-0.0207626444919029,0.0287375988467922,-0.0061169587047393,0,High-Volatility Transition
2019-12-24,-0.004499437644974,0.0273261925730833,0.0061022077020909,0,High-Volatility Transition
2019-12-25,-0.0064699564819792,0.0272631208939304,0.0079984894418221,0,High-Volatility Transition
2019-12-26,-0.0049743216542762,0.0272273777624449,-0.0005753697652389,0,High-Volatility Transition
2019-12-27,0.007061999794407,0.0260324106053328,0.0028066979242915,0,High-Volatility Transition
2019-12-28,0.0038273686159255,0.0259966737565213,0.0271333693181679,0,High-Volatility Transition
2019-12-29,0.0143020958356319,0.0250299590556677,0.037799170584972,0,High-Volatility Transition
2019-12-30,-0.0174678403769921,0.0248301416795489,0.0520037020028567,0,High-Volatility Transition
2019-12-31,-0.0136289678652742,0.0247094926262979,0.083289319124765,0,High-Volatility Transition
2020-01-01,0.0009140341575637,0.0245879604574204,-0.0105305064278798,0,High-Volatility Transition
2020-01-02,-0.0298192921625907,0.0251726110194026,-0.0301789149183892,0,High-Volatility Transition
2020-01-03,0.0514516634451127,0.0268886994006871,0.0174637868591036,0,High-Volatility Transition
2020-01-04,0.0089548668779415,0.0264780331983777,0.030523321246868,0,High-Volatility Transition
2020-01-05,8.914790612779555e-05,0.0263624578028704,-0.0133489047587536,0,High-Volatility Transition
2020-01-06,0.0482912601069758,0.0278154669671872,0.0562278022775262,3,Moderate-Volatility Bullish
2020-01-07,0.0507738464358893,0.0292454067180012,0.1148728513885797,3,Moderate-Volatility Bullish
2020-01-08,-0.0102685875352482,0.0289892750012178,0.110610282117161,0,High-Volatility Transition
2020-01-09,-0.0248508556458387,0.0292232603593329,0.0884248415759867,0,High-Volatility Transition
2020-01-10,0.0364869030383474,0.0297618860786356,0.1202270500380406,3,Moderate-Volatility Bullish
2020-01-11,-0.0157981687765988,0.029992913596505,0.0983258162741596,0,High-Volatility Transition
2020-01-12,0.0192791064534409,0.030123910161973,0.1037151172248855,3,Moderate-Volatility Bullish
2020-01-13,-0.0058956166288836,0.0298398818248742,0.1167146289106881,3,Moderate-Volatility Bullish
2020-01-14,0.0839334480862816,0.0331432368024982,0.2271693904309868,3,Moderate-Volatility Bullish
2020-01-15,-0.0023509809194645,0.032409499035873,0.2231663228097029,3,Moderate-Volatility Bullish
2020-01-16,-0.0094498135418793,0.0311755020415446,0.2488473738353249,3,Moderate-Volatility Bullish
2020-01-17,0.0235278524714164,0.0267621773929237,0.2156812481689165,3,Moderate-Volatility Bullish
2020-01-18,0.0015422162701026,0.0265853191380371,0.206749807686289,3,Moderate-Volatility Bullish
2020-01-19,-0.0264529285271554,0.0272903872775794,0.1747230171761435,3,Moderate-Volatility Bullish
2020-01-20,-0.0055824914654137,0.0273153647091881,0.1143516887084643,0,High-Volatility Transition
2020-01-21,0.0101935315911496,0.0263710186359815,0.0713160321502612,0,High-Volatility Transition
2020-01-22,-0.0074341800550168,0.0260248429715114,0.0743840828728876,0,High-Volatility Transition
2020-01-23,-0.0316051458750529,0.0268540778885387,0.0669424500156108,0,High-Volatility Transition
2020-01-24,0.0046296167221482,0.026767597944814,0.0341490871536038,0,High-Volatility Transition
2020-01-25,-0.0091868468598684,0.0268344420531632,0.0410959270274602,0,High-Volatility Transition
2020-01-26,0.027364554337216,0.0271377792743359,0.0493544371908643,0,High-Volatility Transition
2020-01-27,0.0364075193958892,0.0276997545120942,0.0940086850115502,3,Moderate-Volatility Bullish
2020-01-28,0.0503680816514873,0.0287912189549492,0.060131326157008,3,Moderate-Volatility Bullish
2020-01-29,-0.0044835772950903,0.0284888852950773,0.0578651662344198,0,High-Volatility Transition
2020-01-30,0.020647303120292,0.0282538370827881,0.0900075975380261,3,Moderate-Volatility Bullish
2020-01-31,-0.016664631518128,0.0286226899559281,0.0472045484497725,0,High-Volatility Transition
2020-02-01,0.0045286958396197,0.0276822105134615,0.0503271876538367,0,High-Volatility Transition
2020-02-02,-0.0051645279666768,0.0266908175809401,0.073294526928463,0,High-Volatility Transition
2020-02-03,-0.0054411133046214,0.0268095385812386,0.0734471191796084,0,High-Volatility Transition
2020-02-04,-0.0121115116524175,0.0270240195983224,0.0497454385964128,0,High-Volatility Transition
2020-02-05,0.0471040938354734,0.0269630399827364,0.1074255471544907,3,Moderate-Volatility Bullish
2020-02-06,0.0121057733194935,0.0257169252610803,0.1574119637483573,3,Moderate-Volatility Bullish
2020-02-07,0.0067978365036462,0.0255286109821461,0.1599099226710991,3,Moderate-Volatility Bullish
2020-02-08,0.0070616763196977,0.0248216009188614,0.1789314942005042,3,Moderate-Volatility Bullish
2020-02-09,0.0254994069421916,0.0244623651746987,0.1767911818877643,3,Moderate-Volatility Bullish
2020-02-10,-0.0257063244716865,0.0248508084174079,0.106263882183182,0,High-Volatility Transition
2020-02-11,0.035674025108068,0.0253036717342793,0.0907878749427644,3,Moderate-Volatility Bullish
2020-02-12,0.0115414999798149,0.0251814857153093,0.1083465606538376,0,High-Volatility Transition
2020-02-13,-0.0108148569872175,0.0209466031997805,0.0741810101847459,0,High-Volatility Transition
2020-02-14,0.0095685033498174,0.0209137157920335,0.1028376986513339,0,High-Volatility Transition
2020-02-15,-0.0409897830477971,0.0224281528925184,0.0528645174866588,0,High-Volatility Transition
2020-02-16,0.0045512039326256,0.022136685788032,0.063146970882979,0,High-Volatility Transition
2020-02-17,-0.0245903315291864,0.0227346092576809,0.0426771589667953,0,High-Volatility Transition
2020-02-18,0.0466302236506857,0.0233841531188207,0.1046767332113218,3,Moderate-Volatility Bullish
2020-02-19,-0.0501488435115282,0.0254296324505685,0.0020765640818412,2,High-Volatility Bearish
2020-02-20,-0.0025859164113087,0.0254272224009426,-0.0124695420209955,0,High-Volatility Transition
2020-02-21,0.0081142757365806,0.0253560458692316,-0.0111782958626647,0,High-Volatility Transition
2020-02-22,-0.0024012704614092,0.0244889238121805,-0.0204698490835668,0,High-Volatility Transition
2020-02-23,0.0270443001170883,0.0248187319668154,-0.018994207620966,0,High-Volatility Transition
2020-02-24,-0.0276427415380788,0.0254216410914197,-0.020943965077374,0,High-Volatility Transition
2020-02-25,-0.0319651957405645,0.0259305482869527,-0.0848855005063504,2,High-Volatility Bearish
2020-02-26,-0.0557909517404833,0.0272753527545293,-0.1457993659848607,2,High-Volatility Bearish
2020-02-27,-0.0040846016176541,0.0255680123096241,-0.1399875233339946,0,High-Volatility Transition
2020-02-28,-0.0127541848974389,0.0256425311244266,-0.1590033606364327,0,High-Volatility Transition
2020-02-29,-0.0084112616791174,0.0253015256243019,-0.1304338767016652,0,High-Volatility Transition
2020-03-01,-0.0043089307085921,0.0251722433200805,-0.1381034438692757,0,High-Volatility Transition
2020-03-02,0.0358794122185646,0.0261125822924703,-0.0846708549059097,0,High-Volatility Transition
2020-03-03,-0.0092318868440135,0.0261423879525263,-0.1335249933464312,0,High-Volatility Transition
2020-03-04,-0.0037028710724991,0.0261357669150453,-0.0911559611004534,0,High-Volatility Transition
2020-03-05,0.0369511716859043,0.0269803207907312,-0.0551297535064003,0,High-Volatility Transition
2020-03-06,0.0048225958309942,0.0254973661968143,-0.0582149299379085,0,High-Volatility Transition
2020-03-07,-0.0233039986032201,0.0256682029329542,-0.07794819212503,0,High-Volatility Transition
2020-03-08,-0.0899934928379019,0.0301387245081787,-0.1830214675149448,2,High-Volatility Bearish
2020-03-09,-0.022751484424786,0.0301902454128054,-0.1789118133485883,2,High-Volatility Bearish
2020-03-10,-0.0017561412564156,0.0295878957972911,-0.1532884600789512,0,High-Volatility Transition
2020-03-11,0.0002150116000085,0.0294231243411488,-0.1030655824734021,0,High-Volatility Transition
2020-03-12,-0.3716953856011707,0.0721249122783189,-0.4341406566657647,2,High-Volatility Bearish
2020-03-13,0.1192806724128683,0.07633255902856,-0.3584622830409767,1,Low-Volatility Neutral
2020-03-14,-0.0653055271012118,0.0768303854789125,-0.3952717139435086,2,High-Volatility Bearish
2020-03-15,0.0369106179609119,0.0773375220998078,-0.3702372150033195,1,Low-Volatility Neutral
2020-03-16,-0.0700691567616348,0.0778193527160353,-0.4346486369124415,2,High-Volatility Bearish
2020-03-17,0.0421079383874141,0.0785059648214244,-0.4053531440621433,1,Low-Volatility Neutral
2020-03-18,0.0024512036855608,0.0785767752845129,-0.4016800418320623,1,Low-Volatility Neutral
2020-03-19,0.1818775573663802,0.0858699878995335,-0.3180576385931581,1,Low-Volatility Neutral
2020-03-20,0.0012251999536576,0.0855963437929144,-0.3204990811420066,1,Low-Volatility Neutral
2020-03-21,-0.0022120349130034,0.0855975423070135,-0.3058251102364993,1,Low-Volatility Neutral
2020-03-22,-0.057365838963178,0.08594462356546,-0.2809359497157012,2,High-Volatility Bearish
2020-03-23,0.1005204867323117,0.0883826231284264,-0.1902318540286612,1,Low-Volatility Neutral
2020-03-24,0.0496373342704787,0.0887965308568165,-0.1485418410845128,1,Low-Volatility Neutral
2020-03-25,-0.0079795529257925,0.0887217440713669,-0.1555176700246238,1,Low-Volatility Neutral
2020-03-26,0.0052951815404678,0.0886310050840274,0.3511822096557484,3,Moderate-Volatility Bullish
2020-03-27,-0.0367221435856948,0.0883328352809689,0.1628574803641624,1,Low-Volatility Neutral
2020-03-28,-0.0351795342346012,0.088494107666435,0.2003373598050768,1,Low-Volatility Neutral
2020-03-29,-0.051288198783903,0.0888616178595731,0.0982375905524546,2,High-Volatility Bearish
2020-03-30,0.0857472380400818,0.0904993485673326,0.2822549540369174,1,Low-Volatility Neutral
2020-03-31,0.0013690436954885,0.09050677668468,0.2321280452816267,1,Low-Volatility Neutral
2020-04-01,0.0261129240978394,0.0903728413963573,0.2612110262909708,1,Low-Volatility Neutral
2020-04-02,0.0282812878999854,0.0905734940548457,0.097304615308903,1,Low-Volatility Neutral
2020-04-03,-0.0088667403657051,0.0905780446511518,0.0862442337979587,1,Low-Volatility Neutral
2020-04-04,0.0199216430890349,0.0903653029132703,0.1103401148305172,1,Low-Volatility Neutral
2020-04-05,-0.0111245205726451,0.0903547223838438,0.1648083198817589,1,Low-Volatility Neutral
2020-04-06,0.0707764242948763,0.0913304954661284,0.1333267329309522,1,Low-Volatility Neutral
2020-04-07,-0.0131146270686772,0.0898433816183417,0.0655714492653383,1,Low-Volatility Neutral
2020-04-08,0.0219725436588782,0.0898145704022666,0.0977442729812143,1,Low-Volatility Neutral
2020-04-09,-0.0043644459866604,0.0898196283191584,0.0871963254810701,1,Low-Volatility Neutral
2020-04-10,-0.0597905846056608,0.0905248925382185,0.0611603025989069,2,High-Volatility Bearish
2020-04-11,-0.0009336774645052,0.0572196387870501,0.0988256973768721,1,Low-Volatility Neutral
2020-04-12,0.0163299946851382,0.0535523521973605,0.177143062564848,3,Moderate-Volatility Bullish
2020-04-13,-0.0180824184922163,0.0519673274105165,0.0645732529504912,1,Low-Volatility Neutral
2020-04-14,-0.0003812781513637,0.0517581062042298,0.0627124546424695,1,Low-Volatility Neutral
2020-04-15,-0.029275847531044,0.0501133390171606,0.0053480690324609,2,High-Volatility Bearish
2020-04-16,0.0714674020316485,0.0510288894970327,0.0475710258850083,1,Low-Volatility Neutral
2020-04-17,-0.0028973157514314,0.0510710771574792,0.0538803654277306,1,Low-Volatility Neutral
2020-04-18,0.0227559566905246,0.0397625206126881,0.0568090486989552,1,Low-Volatility Neutral
2020-04-19,-0.0094025053523019,0.0398543279271541,0.0586493625753896,0,High-Volatility Transition
2020-04-20,-0.0427664683819047,0.0408085478919559,-0.0536076018384422,2,High-Volatility Bearish
2020-04-21,-0.0002376146132206,0.0391273894208951,-0.0412589471383751,1,Low-Volatility Neutral
2020-04-22,0.034429236680519,0.0353116187105126,-0.0295729746953342,1,Low-Volatility Neutral
2020-04-23,0.0439100713286961,0.0350713563160194,0.0174792785589046,1,Low-Volatility Neutral
2020-04-24,0.0163096582850927,0.0350688450798888,0.0998337189280915,3,Moderate-Volatility Bullish
2020-04-25,0.0025209119488212,0.0350708111301056,0.1036367436483984,3,Moderate-Volatility Bullish
2020-04-26,0.0145220714987825,0.0342274725064455,0.1016735127405337,3,Moderate-Volatility Bullish
2020-04-27,0.0150697771059273,0.0333462519287285,0.1388689927558577,3,Moderate-Volatility Bullish
2020-04-28,0.0014697416430327,0.0314508920323332,0.1409778658719165,3,Moderate-Volatility Bullish
2020-04-29,0.1273180520232342,0.0355628640890223,0.3250365120563849,3,Moderate-Volatility Bullish
2020-04-30,-0.0161894964672024,0.0358718503466019,0.2166350890878796,3,Moderate-Volatility Bullish
2020-05-01,0.0238160895582955,0.0358398699676959,0.2492299930654307,3,Moderate-Volatility Bullish
2020-05-02,0.0139687916998485,0.0356892415134729,0.2384970415841334,3,Moderate-Volatility Bullish
2020-05-03,-0.0101381709442399,0.0357131296795885,0.237577273803442,3,Moderate-Volatility Bullish
2020-05-04,0.0017067266322232,0.0356922100356918,0.2950752757276709,3,Moderate-Volatility Bullish
2020-05-05,0.0101446788592149,0.0354827015506845,0.3085243229993366,3,Moderate-Volatility Bullish
2020-05-06,0.0295111997382837,0.0338069097466665,0.3023031425336961,3,Moderate-Volatility Bullish
2020-05-07,0.0736621413577107,0.035547598515757,0.3394195717739581,3,Moderate-Volatility Bullish
2020-05-08,-0.0109382842894089,0.0357221781813349,0.3035088360278823,3,Moderate-Volatility Bullish
2020-05-09,-0.0252746086126547,0.0362217175403005,0.2673682366428309,3,Moderate-Volatility Bullish
2020-05-10,-0.0872915214038874,0.0383291177874876,0.1401799601840445,2,High-Volatility Bearish
2020-05-11,-0.0176595660443747,0.0385968491027449,0.1034166341431914,3,Moderate-Volatility Bullish
2020-05-12,0.0235627121380335,0.0386713883762593,0.1277586088710787,3,Moderate-Volatility Bullish
2020-05-13,0.052871935167043,0.0391550200876491,0.0532833984094782,1,Low-Volatility Neutral
2020-05-14,0.0500253516814965,0.0397321408694096,0.1241740831834126,3,Moderate-Volatility Bullish
2020-05-15,-0.0416618049505931,0.0402429865699553,0.0522778190212944,2,High-Volatility Bearish
2020-05-16,0.0052332090392097,0.0386624974647787,0.0432121949653439,1,Low-Volatility Neutral
2020-05-17,0.0313240010322781,0.0387752011081865,0.0869090445316258,3,Moderate-Volatility Bullish
2020-05-18,0.0057736989915111,0.0387228797542129,0.0913219419632243,3,Moderate-Volatility Bullish
2020-05-19,0.0002532125209073,0.0385914857714036,0.0806355774462357,3,Moderate-Volatility Bullish
2020-05-20,-0.0211795491810066,0.037749528217811,0.02742758248367,2,High-Volatility Bearish
2020-05-21,-0.0463320997836955,0.0391581092145476,-0.0873994085583867,2,High-Volatility Bearish
2020-05-22,0.011100867079496,0.0388874591487481,-0.0670640318527139,1,Low-Volatility Neutral
2020-05-23,0.0029087652089092,0.0383439097992496,-0.0400889644396715,1,Low-Volatility Neutral
2020-05-24,-0.0454887485140997,0.0395174797069855,0.0038757230316781,2,High-Volatility Bearish
2020-05-25,0.0132606967164989,0.0395352016294717,0.0354738330783259,1,Low-Volatility Neutral
2020-05-26,-0.0080703226648916,0.0395859279365937,0.0034726870705101,1,Low-Volatility Neutral
2020-05-27,0.039158209254817,0.0400301089060677,-0.0095976103999096,1,Low-Volatility Neutral
2020-05-28,0.0375484956328668,0.0404222574190545,-0.0213660005873187,1,Low-Volatility Neutral
2020-05-29,-0.0090939762479766,0.033561397305276,0.0118915536039607,0,High-Volatility Transition
2020-05-30,0.0276815982514597,0.033657321115687,0.0344886337955325,0,High-Volatility Transition
2020-05-31,-0.0246747682323483,0.0338538423186144,-0.0216819685106399,2,High-Volatility Bearish
2020-06-01,0.074643862939822,0.036274339349012,0.0453081737945522,1,Low-Volatility Neutral
2020-06-02,-0.0626977482025989,0.0382346199371825,-0.0204783220334985,2,High-Volatility Bearish
2020-06-03,0.0133175946063126,0.0382798131174022,0.0140435355138519,1,Low-Volatility Neutral
2020-06-04,0.0149035053823747,0.0383186209075903,0.079155897529862,3,Moderate-Volatility Bullish
2020-06-05,-0.0137851773820498,0.0381217971733841,0.0525948267986704,0,High-Volatility Transition
2020-06-06,-0.0012263695520872,0.0356458928631384,0.048254829374644,0,High-Volatility Transition
2020-06-07,0.0108945868277234,0.0356460582584325,0.110175632797661,3,Moderate-Volatility Bullish
2020-06-08,0.001294898011771,0.0353163941174849,0.097065346183369,3,Moderate-Volatility Bullish
2020-06-09,0.0024777121338637,0.0311109721160753,0.1087313782746151,3,Moderate-Volatility Bullish
2020-06-10,0.0075946108768825,0.0308392352444747,0.0750545506066036,0,High-Volatility Transition
2020-06-11,-0.0555530105589435,0.0325378734458487,-0.021412456305477,2,High-Volatility Bearish
2020-06-12,0.0170635306422792,0.0312546525522098,0.004419872697817,0,High-Volatility Transition
2020-06-13,-0.0005871213994007,0.0298646266229737,-0.0232089802867628,0,High-Volatility Transition
2020-06-14,-0.0093389622912587,0.0288943718291974,-0.0078501266086189,0,High-Volatility Transition
2020-06-15,0.0068089384691394,0.0289044895329752,-0.0704777691663938,0,High-Volatility Transition
2020-06-16,0.0092397648612212,0.0283731032239267,0.0008626308971679,0,High-Volatility Transition
2020-06-17,-0.0060567606814705,0.0283712950871106,-0.0182735888906676,0,High-Volatility Transition
2020-06-18,-0.0072164792345439,0.028397544826712,-0.0396704734186992,0,High-Volatility Transition
2020-06-19,-0.0131560093279274,0.0282354669062071,-0.0390578192122338,0,High-Volatility Transition
2020-06-20,0.004771982890003,0.0268807358393276,-0.0332866717759015,0,High-Volatility Transition
2020-06-21,-0.0030764990320015,0.0268262839319918,-0.0466471497983851,0,High-Volatility Transition
2020-06-22,0.0370917475191607,0.0276334151792558,-0.0125642551647735,0,High-Volatility Transition
2020-06-23,-0.0019753474772544,0.0261617365658225,-0.0169504975526869,0,High-Volatility Transition
2020-06-24,-0.0328202564302787,0.0269035468635572,-0.0563808545324679,2,High-Volatility Bearish
2020-06-25,-0.0052393081907075,0.0268725383888161,-0.0061112540521695,0,High-Volatility Transition
2020-06-26,-0.010998117562784,0.0260235433668754,-0.0335334902286518,0,High-Volatility Transition
2020-06-27,-0.0128264101185697,0.0251450125107072,-0.0453693019374845,0,High-Volatility Transition
2020-06-28,0.0108554080548621,0.0251987446993944,-0.025909400794064,0,High-Volatility Transition
2020-06-29,0.0051700155120757,0.0246520550654522,-0.0274950635591622,0,High-Volatility Transition
2020-06-30,-0.0057515139827242,0.0242779780378375,-0.041940682119686,0,High-Volatility Transition
2020-07-01,0.0098853248878816,0.0197975954214129,-0.0265741470682125,0,High-Volatility Transition
2020-07-02,-0.0113688060229814,0.0163875411340388,-0.0306455102215512,0,High-Volatility Transition
2020-07-03,-0.0039575602427306,0.0161573469552933,-0.0216100821255037,0,High-Volatility Transition
2020-07-04,0.0049722746977318,0.0159009835038312,-0.0214150493333362,0,High-Volatility Transition
2020-07-05,-0.0064107280113023,0.0157726277668809,-0.0246879446939655,0,High-Volatility Transition
2020-07-06,0.0332305643833104,0.0170336644845752,-0.0283191166410449,0,High-Volatility Transition
2020-07-07,-0.0131403764351096,0.0170282917298104,-0.0391894344964947,0,High-Volatility Transition
2020-07-08,0.0190283599941398,0.0174363738593239,0.012317742735582,0,High-Volatility Transition
2020-07-09,-0.0159482311719796,0.0176315242262405,0.0014198123802791,0,High-Volatility Transition
2020-07-10,9.052022711308894e-05,0.0175487829811905,0.0126476793563732,0,High-Volatility Transition
2020-07-11,-0.0041450301683976,0.0143477330853453,0.0215530829756178,0,High-Volatility Transition
2020-07-12,0.0039125502067984,0.0139989598378461,0.014536750290611,0,High-Volatility Transition
2020-07-13,-0.0035450592559155,0.0140090468910268,0.0057404635956153,0,High-Volatility Transition
2020-07-14,-4.331537576462985e-05,0.0139145596405863,0.0115146401661589,0,High-Volatility Transition
2020-07-15,-0.0054501555247826,0.0138748774799412,-0.0038455819987819,0,High-Volatility Transition
2020-07-16,-0.0065931089136678,0.0137794644708851,0.0009664569126555,0,High-Volatility Transition
2020-07-17,0.002098616025556,0.0137639863594912,0.0070525723829788,0,High-Volatility Transition
2020-07-18,0.0008356608977502,0.013718735765942,0.002907395771535,0,High-Volatility Transition
2020-07-19,0.0029235971931333,0.0135328748732761,0.012329260566158,0,High-Volatility Transition
2020-07-20,-0.0023499201650132,0.013503617233716,-0.0225314635113264,0,High-Volatility Transition
2020-07-21,0.0229867885001693,0.0141559997547781,0.0132519105304733,0,High-Volatility Transition
2020-07-22,0.0160509214433297,0.0127214301404917,0.0102913498448875,0,High-Volatility Transition
2020-07-23,0.0058484892103443,0.0127670908713077,0.032669276245524,0,High-Volatility Transition
2020-07-24,-0.00461114228921,0.01121821691163,0.0278144532773196,0,High-Volatility Transition
2020-07-25,0.0147029760455337,0.0114337045714639,0.0472673392787976,0,High-Volatility Transition
2020-07-26,0.0235662954756732,0.0118627360141538,0.0677698476998329,0,High-Volatility Transition
2020-07-27,0.1096100707382146,0.0225740455037072,0.1890233344155134,3,Moderate-Volatility Bullish
2020-07-28,-0.0071013289257937,0.0226991109425805,0.1806308280853426,3,Moderate-Volatility Bullish
2020-07-29,0.0171948658092977,0.0227872097265062,0.207512749024934,3,Moderate-Volatility Bullish
2020-07-30,0.0009680757576464,0.022694953674521,0.2167035720102261,3,Moderate-Volatility Bullish
2020-07-31,0.0191025870102548,0.0228006620521562,0.2373490373412687,3,Moderate-Volatility Bullish
2020-08-01,0.038515234281683,0.0232237314613932,0.2839328928887603,3,Moderate-Volatility Bullish
2020-08-02,-0.0600342655759016,0.026330324563335,0.203334858201603,0,High-Volatility Transition
2020-08-03,0.017436321777176,0.0263975073130443,0.2272004149966118,3,Moderate-Volatility Bullish
2020-08-04,-0.0035972612986107,0.0263521094095562,0.1953095271453773,3,Moderate-Volatility Bullish
2020-08-05,0.0482897617516733,0.0269969539710395,0.2332361626627592,3,Moderate-Volatility Bullish
2020-08-06,0.0027880236605835,0.0267244109149764,0.2294838313414571,3,Moderate-Volatility Bullish
2020-08-07,-0.0151361808608638,0.0269833421110893,0.2164835203093906,3,Moderate-Volatility Bullish
2020-08-08,0.013151196120374,0.026640442027837,0.214623158459009,3,Moderate-Volatility Bullish
2020-08-09,-0.0066621009737088,0.0267400898200562,0.1787523892349825,3,Moderate-Volatility Bullish
2020-08-10,0.0173326986706292,0.0266905250151467,0.0807250049623915,0,High-Volatility Transition
2020-08-11,-0.0393653439156483,0.0280931336968324,0.0456070933609049,0,High-Volatility Transition
2020-08-12,0.015284938573538,0.0280528656455366,0.0436438181492035,0,High-Volatility Transition
2020-08-13,0.0171950151113047,0.0280605728446113,0.0605625844456301,0,High-Volatility Transition
2020-08-14,-0.0012955213149429,0.0279995393481197,0.0393346229440898,0,High-Volatility Transition
2020-08-15,0.0082273947659194,0.0278518966354782,0.0090228863187906,0,High-Volatility Transition
2020-08-16,0.0022843551383793,0.0278502998705148,0.0759199148397888,0,High-Volatility Transition
2020-08-17,0.0304048264481104,0.0280687193028207,0.0896338664085505,3,Moderate-Volatility Bullish
2020-08-18,-0.0214754614652196,0.0286323661910983,0.0700828438999641,0,High-Volatility Transition
2020-08-19,-0.0194267084604369,0.0290390329167069,0.0009586039547422,0,High-Volatility Transition
2020-08-20,0.0102131293414997,0.0289163407131854,0.0083701637672095,0,High-Volatility Transition
2020-08-21,-0.0240675078039106,0.0294686580973501,-0.0007743325958416,0,High-Volatility Transition
2020-08-22,0.0077063636215832,0.0294681544821193,-0.0061443271320389,0,High-Volatility Transition
2020-08-23,-0.0014533293195752,0.029430717349344,-0.0009328404242336,0,High-Volatility Transition
2020-08-24,0.0094084423653999,0.029399692452587,-0.0087148219224798,0,High-Volatility Transition
2020-08-25,-0.034690018052305,0.0301792184229521,-0.0038903226170875,2,High-Volatility Bearish
2020-08-26,0.0107537450633314,0.022880638267734,-0.0083359373742146,0,High-Volatility Transition
2020-08-27,-0.0143593840370401,0.0230152345974411,-0.0390983410316287,0,High-Volatility Transition
2020-08-28,0.0193495406143202,0.0230692332711086,-0.019234733046759,0,High-Volatility Transition
2020-08-29,-0.0030872658111327,0.0230847074550018,-0.0302412045619615,0,High-Volatility Transition
2020-08-30,0.0177842201878464,0.0230511281013636,-0.0152443322843851,0,High-Volatility Transition
2020-08-31,-0.002620119670643,0.0219639653204669,-0.046806201980347,0,High-Volatility Transition
2020-09-01,0.0247977620899644,0.0192614237293184,-0.0017308380316577,0,High-Volatility Transition
2020-09-02,-0.0464847194881287,0.021043983707924,-0.0292771502004653,0,High-Volatility Transition
2020-09-03,-0.1023947612464131,0.0282409439822519,-0.1374830814900999,2,High-Volatility Bearish
2020-09-04,0.0260135557626288,0.0271280971950251,-0.0932220644950524,0,High-Volatility Transition
2020-09-05,-0.0325582350289114,0.0276165063370373,-0.129453898446179,2,High-Volatility Bearish
2020-09-06,0.0108936964098134,0.0276798306583017,-0.1186895992600631,0,High-Volatility Transition
2020-09-07,0.0086779049840981,0.0275981978743084,-0.1193274284729455,0,High-Volatility Transition
2020-09-08,-0.0229563062647756,0.0278162060021914,-0.1086225167588544,0,High-Volatility Transition
2020-09-09,0.0109392363499072,0.0276686114146676,-0.1084589331392057,0,High-Volatility Transition
2020-09-10,0.0117932938500961,0.0270172896898498,-0.0848030630714076,0,High-Volatility Transition
2020-09-11,0.0036452631180188,0.0268309899090975,-0.098902747319688,0,High-Volatility Transition
2020-09-12,0.0039665605593408,0.0265914422085288,-0.0925268797584322,0,High-Volatility Transition
2020-09-13,-0.0113400786306053,0.0266237696828357,-0.1184945827345603,0,High-Volatility Transition
2020-09-14,0.0345883839286778,0.0274630880886143,-0.0856089208738951,0,High-Volatility Transition
2020-09-15,0.0108711771903136,0.0275659440096068,-0.0980351238438965,0,High-Volatility Transition
2020-09-16,0.0164818844440135,0.0271002598546698,-0.0384727169497597,0,High-Volatility Transition
2020-09-17,-0.0023612995663134,0.0268820486948074,0.0686845259791459,0,High-Volatility Transition
2020-09-18,-0.0004022559871478,0.02669673160249,0.0411701046543895,0,High-Volatility Transition
2020-09-19,0.0136835457314439,0.0267590568998253,0.0909359525399242,0,High-Volatility Transition
2020-09-20,-0.0140679933500055,0.0265349319312587,0.063997803759447,0,High-Volatility Transition
2020-09-21,-0.0435180018552262,0.0275455724782014,0.008939266274035,2,High-Volatility Bearish
2020-09-22,0.0072833400259153,0.0276117444200729,0.0401660852346863,0,High-Volatility Transition
2020-09-23,-0.0277339799727245,0.0278678439618113,0.0003748034451025,0,High-Volatility Transition
2020-09-24,0.0501532820661649,0.0289544966450314,0.0383018839120854,0,High-Volatility Transition
2020-09-25,-0.0062592187475608,0.0288746028106961,0.0280553928877014,0,High-Volatility Transition
2020-09-26,0.0054248921990014,0.0288078280994509,0.0295487152409246,0,High-Volatility Transition
2020-09-27,0.0022831856976197,0.0285530770068352,0.0437354077358367,0,High-Volatility Transition
2020-09-28,-0.0060896098524217,0.0285627018784146,0.0026977708509452,0,High-Volatility Transition
2020-09-29,0.0126043569779159,0.0284545363491585,0.0044169370006252,0,High-Volatility Transition
2020-09-30,-0.0055464644834646,0.0284611967502476,-0.0173499504329078,0,High-Volatility Transition
2020-10-01,-0.0153033703001788,0.0280861109459856,-0.0300975778481285,0,High-Volatility Transition
2020-10-02,-0.0040941414354315,0.0268947461219909,-0.0336797874519864,0,High-Volatility Transition
2020-10-03,-0.0025194375739971,0.0191190368812902,-0.0491257028341168,0,High-Volatility Transition
2020-10-04,0.0113991994270221,0.0186440077608112,-0.0245640709271399,0,High-Volatility Transition
2020-10-05,0.0115990321127716,0.017647095018823,0.0316451785313918,0,High-Volatility Transition
2020-10-06,-0.017504646058134,0.017920692036505,0.0062576780010494,0,High-Volatility Transition
2020-10-07,0.0060882710901424,0.0178895898223462,0.0412623980244173,0,High-Volatility Transition
2020-10-08,0.0231247089251245,0.0177301157562192,0.0144626561537397,0,High-Volatility Transition
2020-10-09,0.0136292365970629,0.0177802679110198,0.0347658334172045,0,High-Volatility Transition
2020-10-10,0.0209593023127527,0.018018550104118,0.0507535784518866,0,High-Volatility Transition
2020-10-11,0.0077742124166433,0.0180391309036245,0.0565101511019336,0,High-Volatility Transition
2020-10-12,0.0150367980790231,0.0181686958747773,0.0789671700214942,0,High-Volatility Transition
2020-10-13,-0.0112037903124665,0.0181648631788469,0.0535987137944,0,High-Volatility Transition
2020-10-14,0.0003157232305546,0.0171971910204449,0.0598095554425259,0,High-Volatility Transition
2020-10-15,0.0057607711673501,0.0171356234737194,0.0824804753290757,0,High-Volatility Transition
2020-10-16,-0.0150692730875036,0.0171990671721837,0.0705512697466748,0,High-Volatility Transition
2020-10-17,0.0031777181254826,0.0171894511514536,0.0766657721217276,0,High-Volatility Transition
2020-10-18,0.0110280588539155,0.0172753653269429,0.0762706814869556,0,High-Volatility Transition
2020-10-19,0.0225263118507079,0.017559159115505,0.0878965435498959,0,High-Volatility Transition
2020-10-20,0.0148439193249814,0.0174374694664183,0.1237154330010226,0,High-Volatility Transition
2020-10-21,0.0761437552034132,0.019935518645844,0.2019614785285597,3,Moderate-Volatility Bullish
2020-10-22,0.011089019970212,0.0199495240831835,0.1878220150153047,3,Moderate-Volatility Bullish
2020-10-23,-0.0026494544392426,0.0189383085971766,0.1687458213831327,0,High-Volatility Transition
2020-10-24,0.0136506131750318,0.0172293181147654,0.1603791804502867,3,Moderate-Volatility Bullish
2020-10-25,-0.0058657541398662,0.0172192277761132,0.1446737446302357,0,High-Volatility Transition
2020-10-26,0.0033822140147401,0.0172286997389774,0.1315306778880072,0,High-Volatility Transition
2020-10-27,0.0442799020752324,0.0185166908212297,0.195023538645455,3,Moderate-Volatility Bullish
2020-10-28,-0.0280450753544577,0.0195038344414374,0.1611424138197672,0,High-Volatility Transition
2020-10-29,0.0125532421531566,0.0195033621636504,0.1689842648666182,3,Moderate-Volatility Bullish
2020-10-30,0.0080845807299676,0.0193506884510757,0.1964648683690513,3,Moderate-Volatility Bullish
2020-10-31,0.0173086972635316,0.0189188890578592,0.2133185322701238,3,Moderate-Volatility Bullish
2020-11-01,-0.0031845118450674,0.018898073765566,0.1962622544850905,3,Moderate-Volatility Bullish
2020-11-02,-0.0135851081980266,0.0192341288921658,0.1540151961360782,0,High-Volatility Transition
2020-11-03,0.02950532012761,0.0196069140186157,0.1706871976140289,3,Moderate-Volatility Bullish
2020-11-04,0.0131471179636863,0.0196155940407734,0.1021560591367691,0,High-Volatility Transition
2020-11-05,0.1023186343374065,0.0253495001107253,0.2016025670718237,3,Moderate-Volatility Bullish
2020-11-06,-0.0008965281862933,0.0254489922389845,0.2037144831827708,3,Moderate-Volatility Bullish
2020-11-07,-0.0470340843373509,0.0276151948259654,0.1316511426650581,0,High-Volatility Transition
2020-11-08,0.0435367527764092,0.0282594211196031,0.1878874142100051,3,Moderate-Volatility Bullish
2020-11-09,-0.0095126659216909,0.0284594414880516,0.1726213816151611,3,Moderate-Volatility Bullish
2020-11-10,-0.0027010327388199,0.0285595690120665,0.1198665133257808,3,Moderate-Volatility Bullish
2020-11-11,0.026841941094978,0.0287085271595946,0.1831062070394582,3,Moderate-Volatility Bullish
2020-11-12,0.0366213273499003,0.0287804406451436,0.2112282847756081,3,Moderate-Volatility Bullish
2020-11-13,0.0025475527174214,0.0287513915114294,0.2045754650910394,3,Moderate-Volatility Bullish
2020-11-14,-0.0153004565803417,0.0291713130080887,0.1659635995251895,3,Moderate-Volatility Bullish
2020-11-15,-0.0070045935965815,0.0289531804313597,0.1614952938834704,3,Moderate-Volatility Bullish
2020-11-16,0.0476650213526046,0.0296229012708707,0.2336168097020827,3,Moderate-Volatility Bullish
2020-11-17,0.0555927693728297,0.0306022710046916,0.2648764013544735,3,Moderate-Volatility Bullish
2020-11-18,0.0089881529009852,0.0305851672547372,0.2596840885416593,3,Moderate-Volatility Bullish
2020-11-19,0.0007348899162549,0.0306865836621234,0.1435983919783199,3,Moderate-Volatility Bullish
2020-11-20,0.045137820846602,0.0289948287025103,0.1962904394138271,3,Moderate-Volatility Bullish
2020-11-21,0.0011233347035009,0.0290733551546319,0.256744081079864,3,Moderate-Volatility Bullish
2020-11-22,-0.0146028899645388,0.0293695965316218,0.1867257978748069,3,Moderate-Volatility Bullish
2020-11-23,-0.0003201338459302,0.029456046930009,0.1977395832981694,3,Moderate-Volatility Bullish
2020-11-24,0.0404780466326257,0.0297165652838722,0.249596944261434,3,Moderate-Volatility Bullish
2020-11-25,-0.0196438278478776,0.0302725303473924,0.1930269187318061,3,Moderate-Volatility Bullish
2020-11-26,-0.0844270672263948,0.034444322555641,0.0537147230547401,2,High-Volatility Bearish
2020-11-27,-0.0024617591448197,0.0338272509019208,0.0484497501890548,0,High-Volatility Transition
2020-11-28,0.0355972291575479,0.0341694407899821,0.1026425912985069,3,Moderate-Volatility Bullish
2020-11-29,0.0259671253873197,0.0342939034021211,0.1392550684817146,3,Moderate-Volatility Bullish
2020-11-30,0.0796783280139663,0.0365430101345197,0.1740670753059274,3,Moderate-Volatility Bullish
2020-12-01,-0.0419262595104428,0.0377797792603913,0.0656030119383055,2,High-Volatility Bearish
2020-12-02,0.0211718231851947,0.037525511744793,0.0784703144076051,3,Moderate-Volatility Bullish
2020-12-03,0.0127235806801757,0.037385947958469,0.0913902667624022,3,Moderate-Volatility Bullish
2020-12-04,-0.0383449490580797,0.0384878045859523,0.0042129771274999,2,High-Volatility Bearish
2020-12-05,0.0243032374235974,0.0344664989173136,0.0274644170981483,0,High-Volatility Transition
2020-12-06,0.0099659772451541,0.0344324583830241,0.05308214681268,0,High-Volatility Transition
2020-12-07,-0.0079343124104087,0.032993430268261,0.0450612235347671,0,High-Volatility Transition
2020-12-08,-0.0453576006387062,0.0337810494854397,-0.0411525191295695,2,High-Volatility Bearish
2020-12-09,0.0127050733090372,0.0336683547522123,-0.0095133422015117,0,High-Volatility Transition
2020-12-10,-0.0155721211566165,0.0338766431988357,0.0649754319466573,0,High-Volatility Transition
2020-12-11,-0.0112832181097805,0.0338021856997289,0.0555576104668964,0,High-Volatility Transition
2020-12-12,0.0412401517213796,0.033960257425256,0.0613092962476446,3,Moderate-Volatility Bullish
2020-12-13,0.0180138669839808,0.0340330719095122,0.0530820666707354,0,High-Volatility Transition
2020-12-14,0.0054466426552663,0.0337974575291153,-0.0193210321057184,0,High-Volatility Transition
2020-12-15,0.0088551352599814,0.0337014057323085,0.0326585219797999,0,High-Volatility Transition
2020-12-16,0.0975183630951452,0.0368515958604611,0.1098638494983041,3,Moderate-Volatility Bullish
2020-12-17,0.0701324513386734,0.0375769721122259,0.1727793689943515,3,Moderate-Volatility Bullish
2020-12-18,0.0145931358228841,0.0375894874273873,0.2373396224050268,3,Moderate-Volatility Bullish
2020-12-19,0.031630751548372,0.0377652945205247,0.2461911257773301,3,Moderate-Volatility Bullish
2020-12-20,-0.0164449045498559,0.0374891757965084,0.2136028928482654,3,Moderate-Volatility Bullish
2020-12-21,-0.0287176564791031,0.038080875899233,0.1881784408181666,3,Moderate-Volatility Bullish
2020-12-22,0.0429743340958057,0.0383817322665725,0.2981191898960664,3,Moderate-Volatility Bullish
2020-12-23,-0.0227760554380335,0.0387936267289518,0.2526382939080098,3,Moderate-Volatility Bullish
2020-12-24,0.0212811909406129,0.0384061204648873,0.2995324046727026,3,Moderate-Volatility Bullish
2020-12-25,0.0391322794093809,0.0384483675807907,0.3657966513446287,3,Moderate-Volatility Bullish
2020-12-26,0.0718532783280949,0.0357140909825394,0.4059519466792529,3,Moderate-Volatility Bullish
2020-12-27,-0.0062314920850786,0.035784690701801,0.3724673244293892,3,Moderate-Volatility Bullish
2020-12-28,0.0309266348558869,0.035702083445698,0.4072483413809347,3,Moderate-Volatility Bullish
2020-12-29,0.010250355112868,0.0356486119310436,0.4091945284549894,3,Moderate-Volatility Bullish
2020-12-30,0.0540344998503878,0.0343098700673808,0.3533620028034028,3,Moderate-Volatility Bullish
2020-12-31,0.0055742810380854,0.0327245725562971,0.2717173666221233,3,Moderate-Volatility Bullish
2021-01-01,0.0128417084088692,0.0327062211259642,0.2695220820492838,3,Moderate-Volatility Bullish
2021-01-02,0.0937257763954093,0.0357341998212121,0.3459360558576407,3,Moderate-Volatility Bullish
2021-01-03,0.0203800668009754,0.0341438824930179,0.3963288166966505,3,Moderate-Volatility Bullish
2021-01-04,-0.0247120003603347,0.0350632679820203,0.4020874028644359,3,Moderate-Volatility Bullish
2021-01-05,0.0631965800061333,0.0359877433169338,0.4292724977623636,3,Moderate-Volatility Bullish
2021-01-06,0.0833107141732614,0.0374102162577985,0.5844333521659482,3,Moderate-Volatility Bullish
2021-01-07,0.0691574669750421,0.0360528616689185,0.658709437145627,3,Moderate-Volatility Bullish
2021-01-08,0.0362338992996023,0.0359997749785419,0.6540829131353658,3,Moderate-Volatility Bullish
2021-01-09,-0.0133111353414933,0.0359093553083518,0.5226572746582516,3,Moderate-Volatility Bullish
2021-01-10,-0.0471525732147494,0.0377862375186574,0.4599577813932587,3,Moderate-Volatility Bullish
2021-01-11,-0.072733159124491,0.0417346476173491,0.313158855337351,3,Moderate-Volatility Bullish
2021-01-12,-0.0462145021715387,0.0435691814209862,0.2397638528183023,3,Moderate-Volatility Bullish
2021-01-13,0.1000324955050955,0.0458314479775872,0.2938670651162816,3,Moderate-Volatility Bullish
2021-01-14,0.0501380301116258,0.0460018749825934,0.3512070034098866,3,Moderate-Volatility Bullish
2021-01-15,-0.0602735897167012,0.0464064165463297,0.2536656975340912,3,Moderate-Volatility Bullish
2021-01-16,-0.0175755630406774,0.0458614731114847,0.1260883153858121,3,Moderate-Volatility Bullish
2021-01-17,-0.0106932881172634,0.0461293916969911,0.0917958561034903,3,Moderate-Volatility Bullish
2021-01-18,0.0234357904285993,0.0460557694149396,0.1456953796117441,3,Moderate-Volatility Bullish
2021-01-19,-0.0152953425074746,0.0460288411744134,0.0611128718687594,1,Low-Volatility Neutral
2021-01-20,-0.0144734547919778,0.0456295094152494,-0.0346676267421035,2,High-Volatility Bearish
2021-01-21,-0.1328368400602007,0.0527646881424456,-0.2170464154780634,2,High-Volatility Bearish
2021-01-22,0.0707222400546216,0.0535154305164283,-0.1909878489356951,1,Low-Volatility Neutral
2021-01-23,-0.0284228901795673,0.0540222560365704,-0.2033783741821091,2,High-Volatility Bearish
2021-01-24,0.0069146438683416,0.0537736787373789,-0.1581758442015269,1,Low-Volatility Neutral
2021-01-25,0.0023851084933719,0.0525183831711016,-0.0899793235939911,1,Low-Volatility Neutral
2021-01-26,0.0062860583167834,0.052450184312438,-0.0398877719022813,1,Low-Volatility Neutral
2021-01-27,-0.0656221247567502,0.05396855104874,-0.1844717066534575,2,High-Volatility Bearish
2021-01-28,0.0996811339422276,0.0566539463643134,-0.1459969521397423,1,Low-Volatility Neutral
2021-01-29,0.0254074756858064,0.0560952442172902,-0.0681318520457726,1,Low-Volatility Neutral
2021-01-30,-0.0013656239986477,0.0561170691292035,-0.0527560884702045,1,Low-Volatility Neutral
2021-01-31,-0.0337082032846696,0.0565945254394754,-0.0747924680932755,2,High-Volatility Bearish
2021-02-01,0.0127683704057766,0.0541213734143351,-0.0844360406978598,1,Low-Volatility Neutral
2021-02-02,0.0588336147957078,0.0549989754878101,-0.0155120225864128,1,Low-Volatility Neutral
2021-02-03,0.0552459817434074,0.0554879508432681,0.0541339421974667,1,Low-Volatility Neutral
2021-02-04,-0.0145714701202092,0.054571499302295,0.197898744946859,3,Moderate-Volatility Bullish
2021-02-05,0.0329913880914702,0.0528010131366575,0.155686359211667,3,Moderate-Volatility Bullish
2021-02-06,0.0294068280787711,0.0515555138312895,0.2244745345120997,3,Moderate-Volatility Bullish
2021-02-07,-0.0092336933808551,0.0511571089693282,0.2048370926924136,3,Moderate-Volatility Bullish
2021-02-08,0.1874647376652993,0.0614873659247234,0.4272973032827925,3,Moderate-Volatility Bullish
2021-02-09,0.0061615239599552,0.0606514208202358,0.4271206660828652,3,Moderate-Volatility Bullish
2021-02-10,-0.0336248860529098,0.0592570080322928,0.4759916013026761,3,Moderate-Volatility Bullish
2021-02-11,0.0665910372634968,0.059180990552255,0.4315780860784834,3,Moderate-Volatility Bullish
2021-02-12,-0.0084426238396763,0.0569667649134782,0.3843197406486855,3,Moderate-Volatility Bullish
2021-02-13,-0.0084062137732313,0.056531635933076,0.3745599850814967,3,Moderate-Volatility Bullish
2021-02-14,0.0342162359569755,0.0552336461381191,0.4711831961115811,3,Moderate-Volatility Bullish
2021-02-15,-0.0158512610945837,0.0552039806021186,0.4296093059975305,3,Moderate-Volatility Bullish
2021-02-16,0.0261718837520321,0.0551177764887644,0.385510295541543,3,Moderate-Volatility Bullish
2021-02-17,0.0599419602773032,0.0557758611965684,0.391675992183766,3,Moderate-Volatility Bullish
2021-02-18,-0.0089975045965789,0.0556762427447698,0.3995478507359458,3,Moderate-Volatility Bullish
2021-02-19,0.0814309690047518,0.0567562665559611,0.4651761920166866,3,Moderate-Volatility Bullish
2021-02-20,0.003782318501482,0.0493388988972531,0.4287042935012877,3,Moderate-Volatility Bullish
2021-02-21,0.0256762587859173,0.0484596902029134,0.479045123839763,3,Moderate-Volatility Bullish
2021-02-22,-0.0579184596353103,0.0497531388142917,0.1734084089733936,2,High-Volatility Bearish
2021-02-23,-0.0993019854185399,0.054207105533225,0.0504144703287112,2,High-Volatility Bearish
2021-02-24,0.0180423268866849,0.0541543528533094,0.1065748446285368,1,Low-Volatility Neutral
2021-02-25,-0.0525392420094518,0.0555563745700213,-0.0170213282919095,2,High-Volatility Bearish
2021-02-26,-0.0160124903512981,0.0538218396322292,-0.0245257022267956,1,Low-Volatility Neutral
2021-02-27,-0.0032652000816995,0.0514987004169377,-0.019468261578975,1,Low-Volatility Neutral
2021-02-28,-0.0227477545287462,0.0518168481845239,-0.0734753431509251,2,High-Volatility Bearish
2021-03-01,0.0995501705758645,0.0542438532168994,0.0351690798427724,1,Low-Volatility Neutral
2021-03-02,-0.0252311618862803,0.0540094738843228,-0.0166846537247183,2,High-Volatility Bearish
2021-03-03,0.0446320599698619,0.0542955226673945,-0.0308877520890034,1,Low-Volatility Neutral
2021-03-04,-0.0391203598141568,0.0545217435936609,-0.0603452237591636,2,High-Volatility Bearish
2021-03-05,0.0075397016600922,0.0539051598433494,-0.1245493054554711,1,Low-Volatility Neutral
2021-03-06,-0.0003049805235605,0.0537410602117933,-0.1281140512218903,1,Low-Volatility Neutral
2021-03-07,0.0469064981467979,0.0539990451584471,-0.1100670824738194,1,Low-Volatility Neutral
2021-03-08,0.020306565464276,0.0539188417536742,-0.0361721786595646,1,Low-Volatility Neutral
2021-03-09,0.049335220420617,0.0542236537104256,0.1228829896152932,1,Low-Volatility Neutral
2021-03-10,0.0216042437983854,0.0431279734502552,0.1268117220510092,3,Moderate-Volatility Bullish
2021-03-11,0.0320767148487162,0.0433625057500009,0.2274451796968586,3,Moderate-Volatility Bullish
2021-03-12,-0.0081832066268457,0.0427609008989749,0.2372115806662054,3,Moderate-Volatility Bullish
2021-03-13,0.0682165276795043,0.0428372886470121,0.325939315866621,3,Moderate-Volatility Bullish
2021-03-14,-0.0316896103705583,0.0433725506712341,0.3138069741171754,3,Moderate-Volatility Bullish
2021-03-15,-0.0572510045685531,0.0449118973060528,0.1264517419801885,2,High-Volatility Bearish
2021-03-16,0.0160570219496691,0.044649869471521,0.1741647430391921,3,Moderate-Volatility Bullish
2021-03-17,0.0363699628422531,0.0447825111878828,0.1648781592528554,3,Moderate-Volatility Bullish
2021-03-18,-0.0171896938938616,0.044869975008315,0.1914647916259608,3,Moderate-Volatility Bullish
2021-03-19,0.0084296501376868,0.0437209318874603,0.1925171990652585,3,Moderate-Volatility Bullish
2021-03-20,-0.0005657190459794,0.0436570730121155,0.1922061690347136,3,Moderate-Volatility Bullish
2021-03-21,-0.0135512479558111,0.0413001438332032,0.1233575201849306,3,Moderate-Volatility Bullish
2021-03-22,-0.052053185400838,0.042449312255145,0.0436894350775431,2,High-Volatility Bearish
2021-03-23,0.0038474981233158,0.0421789509219574,-0.0015535475876192,1,Low-Volatility Neutral
2021-03-24,-0.035891807492523,0.0413336356137574,-0.0577462746515616,2,High-Volatility Bearish
2021-03-25,-0.0202770319222229,0.0370917675750753,-0.105543606207576,2,High-Volatility Bearish
2021-03-26,0.0663999247521864,0.0387989011488152,-0.0382818304675712,1,Low-Volatility Neutral
2021-03-27,0.0151657594618888,0.0373271240514363,-0.0860435776232393,1,Low-Volatility Neutral
2021-03-28,-0.0004067213991215,0.0371116013220926,-0.0565166846019993,1,Low-Volatility Neutral
2021-03-29,0.0321613785450665,0.0373380608971891,0.0329653430283429,1,Low-Volatility Neutral
2021-03-30,0.0202162451955827,0.0369343453340063,0.0371937803838591,1,Low-Volatility Neutral
2021-03-31,1.9359634988669328e-05,0.0328133683256912,0.0008142818345413,0,High-Volatility Transition
2021-04-01,0.0030037350775407,0.0322797945715941,0.0213776316368667,0,High-Volatility Transition
2021-04-02,0.0048819690112593,0.0314963563428132,0.0177843991826063,0,High-Volatility Transition
2021-04-03,-0.0299813502934802,0.0310877648636434,-0.0121713179129053,2,High-Volatility Bearish
2021-04-04,0.0200448971410081,0.0311903895345229,0.0214718243845781,0,High-Volatility Transition
2021-04-05,0.0050941385529632,0.0311647997728496,0.0830516307184066,0,High-Volatility Transition
2021-04-06,-0.0146554455947182,0.0304494302798843,0.0630887943270508,0,High-Volatility Transition
2021-04-07,-0.0368333901223608,0.0312181029689842,0.0620505436924305,2,High-Volatility Bearish
2021-04-08,0.0405898082367752,0.030806824307699,0.1280321147997565,3,Moderate-Volatility Bullish
2021-04-09,-0.0013536328475677,0.0306009103986702,0.0563627653460621,0,High-Volatility Transition
2021-04-10,0.0265813437190596,0.0304291179366899,0.0682416117724211,0,High-Volatility Transition
2021-04-11,0.0068859039497308,0.030386858118798,0.0760350673943062,0,High-Volatility Transition
2021-04-12,-0.0051741865402374,0.0277152125184917,0.0371124937271929,0,High-Volatility Transition
2021-04-13,0.0602737647922182,0.029178908613002,0.0778334234683462,3,Moderate-Volatility Bullish
2021-04-14,-0.006200634377373,0.0269671774073599,0.0711294358148038,0,High-Volatility Transition
2021-04-15,0.0032374804732979,0.0268774504134237,0.071379057591,0,High-Volatility Transition
2021-04-16,-0.0275013793784661,0.0267517934269864,0.036852772565145,0,High-Volatility Transition
2021-04-17,-0.0144376885233774,0.026688934171757,0.0534673900336051,0,High-Volatility Transition
2021-04-18,-0.0736215468265391,0.0299990372870879,-0.0432681012538732,2,High-Volatility Bearish
2021-04-19,-0.0087504689451151,0.0300339988065309,-0.0564465460492047,0,High-Volatility Transition
2021-04-20,0.0134369760929442,0.0300516331618968,-0.0295455991725718,0,High-Volatility Transition
2021-04-21,-0.0454542876384026,0.0296806894795196,-0.0382317266272889,2,High-Volatility Bearish
2021-04-22,-0.0397694659817468,0.0305436549962065,-0.1125040285495908,2,High-Volatility Bearish
2021-04-23,-0.0129171508387729,0.0299311744876934,-0.122780514771888,0,High-Volatility Transition
2021-04-24,-0.0204092897731074,0.0299341754539634,-0.162934273239003,2,High-Volatility Bearish
2021-04-25,-0.0209109919580251,0.0273208594009997,-0.186042977793762,2,High-Volatility Bearish
2021-04-26,0.1023890703366074,0.0333566505770002,-0.0980357436812924,1,Low-Volatility Neutral
2021-04-27,0.0187214077315063,0.033543791537959,-0.1333839170296155,1,Low-Volatility Neutral
2021-04-28,-0.0037870662821065,0.0329923006020126,-0.1312792297043306,0,High-Volatility Transition
2021-04-29,-0.0231573301383015,0.0329712103973463,-0.1541349549464731,2,High-Volatility Bearish
2021-04-30,0.0783317680648467,0.036138501726944,-0.0620828346328411,1,Low-Volatility Neutral
2021-05-01,0.0013484807439372,0.0361349450273634,-0.0470598178648576,0,High-Volatility Transition
2021-05-02,-0.0206988241878991,0.0363146235642325,0.0073803396944955,2,High-Volatility Bearish
2021-05-03,0.0100512803675323,0.0359449152817289,0.0264880537624851,0,High-Volatility Transition
2021-05-04,-0.0676002465295502,0.0378050122888394,-0.0555927691149038,2,High-Volatility Bearish
2021-05-05,0.0766959932136981,0.0404700635627289,0.0652601214249983,1,Low-Volatility Neutral
2021-05-06,-0.0178930768965995,0.0405143541016355,0.0895293401881891,3,Moderate-Volatility Bullish
2021-05-07,0.0170203195731561,0.0400283320339056,0.1225739345832082,3,Moderate-Volatility Bullish
2021-05-08,0.0252347591699624,0.0396076308768751,0.1748802897552193,3,Moderate-Volatility Bullish
2021-05-09,-0.0097180991309351,0.0396543221841641,0.1883114579737139,3,Moderate-Volatility Bullish
2021-05-10,-0.0407423176282123,0.040044565032606,0.0340241261314795,2,High-Volatility Bearish
2021-05-11,0.0151231724963196,0.040132219992069,0.0303718400241672,1,Low-Volatility Neutral
2021-05-12,-0.1332174549686006,0.0468180854855517,-0.1034965562114021,2,High-Volatility Bearish
2021-05-13,0.0115086488519764,0.0452769826843684,-0.0716816381023403,1,Low-Volatility Neutral
2021-05-14,0.0033056383715535,0.0453169077872521,-0.1362704185491859,1,Low-Volatility Neutral
2021-05-15,-0.0625564189813834,0.0463933621664935,-0.1913926395879595,2,High-Volatility Bearish
2021-05-16,-0.0065040138312105,0.0462628084653695,-0.1796720081646865,1,Low-Volatility Neutral
2021-05-17,-0.0628238159530961,0.0473156607877625,-0.2388585886695428,2,High-Volatility Bearish
2021-05-18,-0.0144268551463747,0.0457764716202644,-0.1954518095364769,2,High-Volatility Bearish
2021-05-19,-0.1376612260916373,0.0515425311065249,-0.3556276753258008,2,High-Volatility Bearish
2021-05-20,0.1021634446629102,0.0554629617644772,-0.276857127975271,1,Low-Volatility Neutral
2021-05-21,-0.0852823282981722,0.0568188546411382,-0.3495984775566209,2,High-Volatility Bearish
2021-05-22,0.0062174862599491,0.0566249365541694,-0.3616628980639862,1,Low-Volatility Neutral
2021-05-23,-0.0736893688644572,0.0578411881128226,-0.4028988682387685,2,High-Volatility Bearish
2021-05-24,0.1131818395781545,0.0620863200659217,-0.3070869814409793,1,Low-Volatility Neutral
2021-05-25,-0.0078478263260955,0.0620286045936832,-0.3227667576145581,1,Low-Volatility Neutral
2021-05-26,0.023227211885217,0.0588518660990478,-0.2005336443675865,1,Low-Volatility Neutral
2021-05-27,-0.0218157001744154,0.0586620778137205,-0.2268722188327573,2,High-Volatility Bearish
2021-05-28,-0.0712689728232016,0.0596924266865837,-0.2843379615529824,2,High-Volatility Bearish
2021-05-29,-0.0302972439831233,0.0597507954539342,-0.2597107014113234,2,High-Volatility Bearish
2021-05-30,0.0306812012530759,0.057850935850349,-0.2320026712070235,1,Low-Volatility Neutral
2021-05-31,0.0463792977162018,0.0588459572317329,-0.1425128815372304,1,Low-Volatility Neutral
2021-06-01,-0.0173554816358035,0.0588335981293817,-0.1450609009334438,1,Low-Volatility Neutral
2021-06-02,0.0242675673261145,0.0590796033440531,0.0154783916812921,1,Low-Volatility Neutral
2021-06-03,0.0434751330821563,0.0589677277645655,-0.038594089621825,1,Low-Volatility Neutral
2021-06-04,-0.0590265808705882,0.0573923592627142,-0.010998218743642,2,High-Volatility Bearish
2021-06-05,-0.0363862535055703,0.0575457114838808,-0.0528730371518323,2,High-Volatility Bearish
2021-06-06,0.008731498936251,0.0574132326234185,0.0314000172334978,1,Low-Volatility Neutral
2021-06-07,-0.064180680289418,0.0576318515202006,-0.1329322594386708,2,High-Volatility Bearish
2021-06-08,-0.0026243254847995,0.0576768041950163,-0.1283673053999051,1,Low-Volatility Neutral
2021-06-09,0.1156911768172552,0.0623088123411518,-0.0496021846417972,1,Low-Volatility Neutral
2021-06-10,-0.0172050168450927,0.0621129276983,-0.045122473237435,1,Low-Volatility Neutral
2021-06-11,0.0172140617175746,0.0579660310586102,0.0458516179798911,1,Low-Volatility Neutral
2021-06-12,-0.0477276422568579,0.0583042245788673,0.0270524446007223,2,High-Volatility Bearish
2021-06-13,0.0997213189467518,0.0615971452135871,0.0958494902503404,1,Low-Volatility Neutral
2021-06-14,0.0286618552885926,0.060970455252288,0.0772944115181719,1,Low-Volatility Neutral
2021-06-15,0.0046693207898655,0.0609838091353979,0.1014406781736494,1,Low-Volatility Neutral
2021-06-16,-0.0509625623730847,0.0606188959298377,0.020542358517497,2,High-Volatility Bearish
2021-06-17,-0.0076553085063556,0.0605853562859731,-0.029464373599494,1,Low-Volatility Neutral
2021-06-18,-0.0595545108824469,0.0560747910933341,-0.030008889389567,2,High-Volatility Bearish
2021-06-19,-0.0047887171745782,0.0526775016335429,0.0017977649569,1,Low-Volatility Neutral
2021-06-20,0.0023142991795155,0.0503460960446908,-0.0045753247903307,1,Low-Volatility Neutral
2021-06-21,-0.1126553328218126,0.0543379172988789,-0.0561374845327514,2,High-Volatility Bearish
2021-06-22,0.026169612701373,0.0529776507002567,-0.0288884552842492,1,Low-Volatility Neutral
2021-06-23,0.0374509295196066,0.0490100045625302,-0.0969897444141957,1,Low-Volatility Neutral
2021-06-24,0.0278566377411577,0.0493313208027556,-0.0555862605518491,1,Low-Volatility Neutral
2021-06-25,-0.0872604012088013,0.051444075095594,-0.1525836595482174,2,High-Volatility Bearish
2021-06-26,0.0173368061559611,0.0515233761434687,-0.094683546918489,1,Low-Volatility Neutral
2021-06-27,0.076534703320648,0.0519941031270859,-0.1137713142063804,1,Low-Volatility Neutral
2021-06-28,-0.0062138759765866,0.051690177295996,-0.1438179941005815,1,Low-Volatility Neutral
2021-06-29,0.0416282575871875,0.051944084083914,-0.1123214847633967,1,Low-Volatility Neutral
2021-06-30,-0.0230552732143045,0.0514189235687519,-0.0862185092404405,2,High-Volatility Bearish
2021-07-01,-0.0419144895007543,0.0518844728306247,-0.1177654160255651,2,High-Volatility Bearish
2021-07-02,0.0096785581226608,0.0517012273160293,-0.0528176773870318,1,Low-Volatility Neutral
2021-07-03,0.0227600947907058,0.0512070277389123,-0.0265983728505868,1,Low-Volatility Neutral
2021-07-04,0.0178615612945272,0.0502116561710639,-0.0114995857207823,1,Low-Volatility Neutral
2021-07-05,-0.0436915354022151,0.050410201730096,0.0653259645316661,2,High-Volatility Bearish
2021-07-06,0.0144962765846001,0.0504575974298949,0.0532071998518526,1,Low-Volatility Neutral
2021-07-07,-0.0110958089776488,0.0490518908080717,0.0039231584964605,1,Low-Volatility Neutral
2021-07-08,-0.0288863551296624,0.0493605673123288,-0.0514985827597958,2,High-Volatility Bearish
2021-07-09,0.0280022579169967,0.0446837405205002,0.0682801533446557,1,Low-Volatility Neutral
2021-07-10,-0.0082103110031782,0.0446107009234151,0.0414537591051697,1,Low-Volatility Neutral
2021-07-11,0.0214694753784792,0.044680756553102,-0.0118170629681558,1,Low-Volatility Neutral
2021-07-12,-0.0316686304287907,0.044206489129047,-0.0371282978585827,2,High-Volatility Bearish
2021-07-13,-0.0136875482819831,0.0399035441895711,-0.0882617264734592,2,High-Volatility Bearish
2021-07-14,0.0036793520947939,0.0394315443114536,-0.0633115113237301,1,Low-Volatility Neutral
2021-07-15,-0.0317349995316881,0.0396520679226133,-0.0533593609466188,2,High-Volatility Bearish
2021-07-16,-0.0113021759082344,0.0387943319269346,-0.0730301911440478,2,High-Volatility Bearish
2021-07-17,0.0035494536614886,0.0388304833238602,-0.0904415903824927,1,Low-Volatility Neutral
2021-07-18,0.008363987433579,0.0375282115658252,-0.098928597363287,1,Low-Volatility Neutral
2021-07-19,-0.030788575922789,0.0378640715240233,-0.0867709220663511,2,High-Volatility Bearish
2021-07-20,-0.0327889506950178,0.0381999083644209,-0.1293361295541754,2,High-Volatility Bearish
2021-07-21,0.0772744267516882,0.035427192096673,-0.0515320589770535,1,Low-Volatility Neutral
2021-07-22,0.006303573302191,0.035126057316597,-0.0171627355298875,0,High-Volatility Transition
2021-07-23,0.039254825375008,0.0351931523058711,-0.0064045464952576,1,Low-Volatility Neutral
2021-07-24,0.0211691990009861,0.0350344479928484,0.0230284551684933,0,High-Volatility Transition
2021-07-25,0.0308447583093305,0.0313002179596465,0.0324180467761749,0,High-Volatility Transition
2021-07-26,0.0562188717174414,0.03264044094121,0.1261221713694216,3,Moderate-Volatility Bullish
2021-07-27,0.0554242866150631,0.0312536166444812,0.2050306039315583,3,Moderate-Volatility Bullish
2021-07-28,0.01494571318485,0.0312360689586249,0.2185571449330503,3,Moderate-Volatility Bullish
2021-07-29,0.0003129226506775,0.0304887464626934,0.2588893107520071,3,Moderate-Volatility Bullish
2021-07-30,0.0556664046124664,0.0314443076143634,0.3441590747986613,3,Moderate-Volatility Bullish
2021-07-31,-0.0144274576177131,0.0303601814480874,0.3200807114009965,3,Moderate-Volatility Bullish
2021-08-01,-0.0396697504745078,0.03155874687542,0.2571982486205284,3,Moderate-Volatility Bullish
2021-08-02,-0.0193358663684717,0.0317227328810632,0.2720539612503667,3,Moderate-Volatility Bullish
2021-08-03,-0.0267579793652619,0.0321222726719552,0.2799857574966113,3,Moderate-Volatility Bullish
2021-08-04,0.0417928931871005,0.0316161664428395,0.2378276439379769,3,Moderate-Volatility Bullish
2021-08-05,0.0282294652740084,0.0318428279015501,0.2647981088362101,3,Moderate-Volatility Bullish
2021-08-06,0.0476380358774859,0.0325279248983722,0.2750006775716345,3,Moderate-Volatility Bullish
2021-08-07,0.0406222082900282,0.0322576082466709,0.2992891109170592,3,Moderate-Volatility Bullish
2021-08-08,-0.0170052738468309,0.032470095613605,0.2389783558432328,3,Moderate-Volatility Bullish
2021-08-09,0.0586163360689555,0.0335115282555194,0.2417906578385587,3,Moderate-Volatility Bullish
2021-08-10,-0.0168308923098386,0.0338428816588327,0.1567766901790086,3,Moderate-Volatility Bullish
2021-08-11,0.000188778388739,0.0329747723859727,0.1399575855028914,3,Moderate-Volatility Bullish
2021-08-12,-0.0255594363625475,0.0333527208544685,0.1104734198541792,0,High-Volatility Transition
2021-08-13,0.0757407345861598,0.0353571554855602,0.1315899484845961,3,Moderate-Volatility Bullish
2021-08-14,-0.0145705507683229,0.0347384336875734,0.1314256553818931,3,Moderate-Volatility Bullish
2021-08-15,-0.0010603958689597,0.0345332528469687,0.176913771954331,3,Moderate-Volatility Bullish
2021-08-16,-0.0221591056749844,0.035118429548568,0.1735255484969755,3,Moderate-Volatility Bullish
2021-08-17,-0.0284564650117329,0.0359293172624374,0.1714775313978072,3,Moderate-Volatility Bullish
2021-08-18,0.0023677653895135,0.0350664352662054,0.1271446782084684,3,Moderate-Volatility Bullish
2021-08-19,0.0427754426152209,0.0343609203209877,0.1430899720394709,3,Moderate-Volatility Bullish
2021-08-20,0.0561158724717174,0.0332516953065387,0.1523402375544473,3,Moderate-Volatility Bullish
2021-08-21,-0.0087898426936189,0.0335002326139118,0.0976234593471931,0,High-Volatility Transition
2021-08-22,0.008509476904035,0.0331838121830534,0.1261135297803719,3,Moderate-Volatility Bullish
2021-08-23,0.0045516742258624,0.033188666604375,0.0686017144889235,0,High-Volatility Transition
2021-08-24,-0.0371377252930388,0.0342234218408483,0.0465303166266888,2,High-Volatility Bearish
2021-08-25,0.0263000208142856,0.0332708421926157,0.0738513658061692,3,Moderate-Volatility Bullish
2021-08-26,-0.0412283043462234,0.0333601145505984,0.0565839860266395,2,High-Volatility Bearish
2021-08-27,0.0450862629655739,0.0340732336960673,0.0264754080272395,1,Low-Volatility Neutral
2021-08-28,-0.0031852806337819,0.0341042394213252,0.0383349072698948,0,High-Volatility Transition
2021-08-29,-0.001483982565721,0.0328817868539766,0.0378946155328534,0,High-Volatility Transition
2021-08-30,-0.0363476092875793,0.0335729889769754,0.0228347304457752,2,High-Volatility Bearish
2021-08-31,0.0023738850726162,0.03252095537382,0.0552927229931239,0,High-Volatility Transition
2021-09-01,0.0356255639904752,0.0325905502254223,0.0903065313558932,3,Moderate-Volatility Bullish
2021-09-02,0.0098408304177286,0.0319280715481244,0.0558707158206308,0,High-Volatility Transition
2021-09-03,0.0141432100689449,0.0313451121861276,0.0139077965508043,0,High-Volatility Transition
2021-09-04,-0.0016141808032423,0.0311593507255264,0.0212477733281171,0,High-Volatility Transition
2021-09-05,0.0362158121369415,0.0307144087668879,0.049304062150062,0,High-Volatility Transition
2021-09-06,0.0170061257285807,0.0301141195382763,0.0623133546423813,0,High-Volatility Transition
2021-09-07,-0.1106216071695616,0.036708707876698,-0.0187604511541448,2,High-Volatility Bearish
2021-09-08,-0.0153753668853284,0.0352931740369126,-0.0586060497071875,2,High-Volatility Bearish
2021-09-09,0.0065094857397784,0.0351569114688527,-0.0117335074836018,0,High-Volatility Transition
2021-09-10,-0.0324954842473235,0.0356914353236336,-0.0850972516245098,2,High-Volatility Bearish
2021-09-11,0.007074848735205,0.0353782774381813,-0.0756802352261739,0,High-Volatility Transition
2021-09-12,0.0190660336325925,0.0326695936137987,-0.0566572192636145,0,High-Volatility Transition
2021-09-13,-0.0238844381585552,0.0328497231631807,-0.0444567176896443,2,High-Volatility Bearish
2021-09-14,0.0473592610325122,0.0340159123232287,-0.0015730447998918,1,Low-Volatility Neutral
2021-09-15,0.0230154620918043,0.0339733209641493,-0.0137302047631321,0,High-Volatility Transition
2021-09-16,-0.0081572867261351,0.0335429524390328,-0.0313082217886319,0,High-Volatility Transition
2021-09-17,-0.0107953867308016,0.0336345958714577,-0.0551291313408445,0,High-Volatility Transition
2021-09-18,0.021385589090024,0.0329681738791228,-0.0333621829926643,0,High-Volatility Transition
2021-09-19,-0.021089044077959,0.0315516602939223,-0.0868192336057565,2,High-Volatility Bearish
2021-09-20,-0.0934489531695195,0.0357806627625503,-0.1859980399556633,2,High-Volatility Bearish
2021-09-21,-0.0501852067461991,0.0366800419748262,-0.1306837341447501,2,High-Volatility Bearish
2021-09-22,0.0707931140636199,0.039224976102223,-0.0546063544269553,1,Low-Volatility Neutral
2021-09-23,0.0303064775724482,0.0391637872570756,-0.0322543297504825,1,Low-Volatility Neutral
2021-09-24,-0.0457811156128283,0.0396230520173232,-0.0455432726144817,2,High-Volatility Bearish
2021-09-25,-0.0028748125280843,0.0389827728117707,-0.0549730792866276,1,Low-Volatility Neutral
2021-09-26,0.0115164920540977,0.0380436384560581,-0.0619741172912902,1,Low-Volatility Neutral
2021-09-27,-0.0225142671994269,0.038201410619821,-0.0606574127189611,2,High-Volatility Bearish
2021-09-28,-0.0284400787359118,0.0384527828189338,-0.1286393846949131,2,High-Volatility Bearish
2021-09-29,0.0129115685022613,0.0381203726519707,-0.1372454471264222,1,Low-Volatility Neutral
2021-09-30,0.0535682751816484,0.039508559303458,-0.0835534566001827,1,Low-Volatility Neutral
2021-10-01,0.0987887304268892,0.0430870834257579,0.01797051936348,1,Low-Volatility Neutral
2021-10-02,-0.0084264110134676,0.0430782495985133,-0.0117418023618078,1,Low-Volatility Neutral
2021-10-03,0.010237887379882,0.0430392900945432,0.0198842578357723,1,Low-Volatility Neutral
2021-10-04,0.0189408735809843,0.0431815471706008,0.1463245895131597,3,Moderate-Volatility Bullish
2021-10-05,0.0489058891172546,0.0436050433070439,0.2659169148768798,3,Moderate-Volatility Bullish
2021-10-06,0.0746704982911468,0.0455717209628019,0.2705008501064179,3,Moderate-Volatility Bullish
2021-10-07,-0.02809653406297,0.0407289239525028,0.1984823997260976,3,Moderate-Volatility Bullish
2021-10-08,0.0030082765538104,0.0405426680337654,0.2597610316645171,3,Moderate-Volatility Bullish
2021-10-09,0.0185364998502797,0.0406066554177338,0.2868119349111258,3,Moderate-Volatility Bullish
2021-10-10,-0.003577422040362,0.0399884775944043,0.2676100445278737,3,Moderate-Volatility Bullish
2021-10-11,0.0495368406458527,0.0407203550728778,0.3610464037086489,3,Moderate-Volatility Bullish
2021-10-12,-0.0251149998511834,0.0411346834264814,0.3657044660258131,3,Moderate-Volatility Bullish
2021-10-13,0.0242686183421181,0.0408112770182155,0.3810171292132862,3,Moderate-Volatility Bullish
2021-10-14,-0.0013862839213726,0.0401960910248254,0.3089827017941891,3,Moderate-Volatility Bullish
2021-10-15,0.0745344074099565,0.0419506686812206,0.2800886219827232,3,Moderate-Volatility Bullish
2021-10-16,-0.0113934816674552,0.0420006191577066,0.2762582321589377,3,Moderate-Volatility Bullish
2021-10-17,0.0108624375641421,0.041835159697214,0.2770472416823537,3,Moderate-Volatility Bullish
2021-10-18,0.0076755998930302,0.0417777405077883,0.2629283785932335,3,Moderate-Volatility Bullish
2021-10-19,0.036047967727284,0.0416503421081758,0.2474468811761665,3,Moderate-Volatility Bullish
2021-10-20,0.0269341751022882,0.0367366945946064,0.1920359179316666,3,Moderate-Volatility Bullish
2021-10-21,-0.0573193136612958,0.0371943895641787,0.1561942894944015,2,High-Volatility Bearish
2021-10-22,-0.0243996472642762,0.0363120496209686,0.1246004475031392,3,Moderate-Volatility Bullish
2021-10-23,0.011555863919028,0.0361422680745217,0.1168928923067411,3,Moderate-Volatility Bullish
2021-10-24,-0.007537937512081,0.0347127883966325,0.1124535392871701,3,Moderate-Volatility Bullish
2021-10-25,0.0346128236844363,0.0348192616402232,0.0966348706648347,3,Moderate-Volatility Bullish
2021-10-26,-0.0424498526632005,0.0362949977419091,0.0771351306251395,2,High-Volatility Bearish
2021-10-27,-0.0311677937629597,0.0366103848504881,0.0188374283184507,2,High-Volatility Bearish
2021-10-28,0.0365879390369336,0.0360827337838081,0.0575806971503258,3,Moderate-Volatility Bullish
2021-10-29,0.026489137663525,0.0361574413910169,0.0102934725414067,1,Low-Volatility Neutral
2021-10-30,-0.0054498457944356,0.0355398037725426,0.0163674933113717,0,High-Volatility Transition
2021-10-31,-0.0092080425707864,0.0317317804437015,-0.003812288651294,0,High-Volatility Transition
2021-11-01,-0.0051297477399965,0.0316764584749319,-0.0164716504071246,0,High-Volatility Transition
2021-11-02,0.0364235344680532,0.0320783579483174,-0.0161151219951042,0,High-Volatility Transition
2021-11-03,-0.0040545635881074,0.0321216431809637,-0.045804806227191,0,High-Volatility Transition
2021-11-04,-0.0241037839667321,0.0317427547437057,-0.0121835607169346,0,High-Volatility Transition
2021-11-05,-0.0053139598841096,0.0290541349613065,0.0071411101857346,0,High-Volatility Transition
2021-11-06,0.0065734191461201,0.0284280415206106,0.0021804103974061,0,High-Volatility Transition
2021-11-07,0.0292472208969125,0.0287704288537781,0.0393257749853925,0,High-Volatility Transition
2021-11-08,0.0669515471811146,0.0307991834442667,0.0718118104286136,3,Moderate-Volatility Bullish
2021-11-09,-0.0088060963717171,0.0308778845327794,0.109470177920578,0,High-Volatility Transition
2021-11-10,-0.0295138674213993,0.0305096113196312,0.1113641921168706,0,High-Volatility Transition
2021-11-11,-0.0006965054346836,0.0300126587526553,0.0713901629503506,0,High-Volatility Transition
2021-11-12,-0.0122250963632459,0.029959409463107,0.0309824781726513,0,High-Volatility Transition
2021-11-13,0.004887870563917,0.0299413616061946,0.0416988853691229,0,High-Volatility Transition
2021-11-14,0.0154695177875643,0.0269610340397872,0.0676443797044055,0,High-Volatility Transition
2021-11-15,-0.0291593233239323,0.0274645223866383,0.0418570559196287,0,High-Volatility Transition
2021-11-16,-0.0534414533015095,0.0291875207887778,-0.0484790552107539,2,High-Volatility Bearish
2021-11-17,0.0034368574194389,0.029157571412519,-0.0413217916355569,0,High-Volatility Transition
2021-11-18,-0.0567498398980057,0.0300559760232757,-0.0733918641454925,2,High-Volatility Bearish
2021-11-19,0.0206778578061734,0.0298579671275644,-0.0491789680494969,0,High-Volatility Transition
2021-11-20,0.0271443330869842,0.0285921538142781,-0.0297474419934944,0,High-Volatility Transition
2021-11-21,-0.0161937046613239,0.0283989625952929,-0.072583772630017,0,High-Volatility Transition
2021-11-22,-0.0415659405964827,0.0292514531003256,-0.1669094047397981,2,High-Volatility Bearish
2021-11-23,0.022735855747423,0.0295910124072822,-0.1403986447659778,0,High-Volatility Transition
2021-11-24,-0.0223843870166022,0.0290188860801471,-0.1340837569872164,2,High-Volatility Bearish
2021-11-25,0.0176660693740031,0.0282935035307416,-0.1181722227267505,0,High-Volatility Transition
2021-11-26,-0.064686770536555,0.0301143280311374,-0.1650069432262856,2,High-Volatility Bearish
2021-11-27,0.023246554945143,0.0296118195391577,-0.1497521327754227,0,High-Volatility Transition
2021-11-28,0.0443925100444249,0.0303950918405041,-0.1255350469354386,1,Low-Volatility Neutral
2021-11-29,0.009748898117819,0.030467835930763,-0.0904892594501258,0,High-Volatility Transition
2021-11-30,-0.0138589899868777,0.0305185106083528,-0.0524560330346589,0,High-Volatility Transition
2021-12-01,0.0039365085108058,0.0305310910687946,-0.0519842132348263,0,High-Volatility Transition
2021-12-02,-0.0131402057875741,0.0297289238680639,-0.0081542481412909,0,High-Volatility Transition
2021-12-03,-0.0509858648179134,0.0309771739418713,-0.0777936140817436,2,High-Volatility Bearish
2021-12-04,-0.0820463968365335,0.0338861994041425,-0.1758289000438541,2,High-Volatility Bearish
2021-12-05,0.003417522933012,0.0339370559809331,-0.1593998457732164,0,High-Volatility Transition
2021-12-06,0.0245858957900213,0.0343339080351604,-0.1013809937475616,1,Low-Volatility Neutral
2021-12-07,0.0023221597831271,0.0337292357832288,-0.1193173309535834,0,High-Volatility Transition
2021-12-08,-0.0038518487471744,0.0307327394529519,-0.1026223385142578,0,High-Volatility Transition
2021-12-09,-0.0560872621319695,0.0319025572549636,-0.1676580060533402,2,High-Volatility Bearish
2021-12-10,-0.0089951190845213,0.0317060625987451,-0.1180976034464402,0,High-Volatility Transition
2021-12-11,0.0448572160440061,0.0332253720108223,-0.0994720886845401,1,Low-Volatility Neutral
2021-12-12,0.0149066195703628,0.0334904159694608,-0.1248963110018317,1,Low-Volatility Neutral
2021-12-13,-0.0670851717099511,0.0350999905517038,-0.1914849233512547,2,High-Volatility Bearish
2021-12-14,-0.0026712534564946,0.0348000565033133,-0.1823123470497497,2,High-Volatility Bearish
2021-12-15,0.049001519672527,0.0362624809297541,-0.1456077318727751,1,Low-Volatility Neutral
2021-12-16,-0.0251815828978184,0.0353996204859423,-0.1560327786331483,2,High-Volatility Bearish
2021-12-17,-0.0306990072157418,0.0355968703834472,-0.1379914848251433,2,High-Volatility Bearish
2021-12-18,0.0139957315631233,0.034602666754136,-0.047802686381832,0,High-Volatility Transition
2021-12-19,-0.0030259427628138,0.0342437808774334,-0.0539172404789363,0,High-Volatility Transition
2021-12-20,0.0037095437683511,0.0337086148276943,-0.0731940593484422,0,High-Volatility Transition
2021-12-21,0.0438635616940126,0.0349334341379901,-0.034782439193967,1,Low-Volatility Neutral
2021-12-22,-0.0062959314476722,0.0342635731773565,-0.0371506326595834,0,High-Volatility Transition
2021-12-23,0.0443366919436007,0.0350685318302441,0.0652880110500904,3,Moderate-Volatility Bullish
2021-12-24,0.0007414904357732,0.0348943706665886,0.0757544513169277,0,High-Volatility Transition
2021-12-25,-0.007719775485643,0.034688245601729,0.0216227175198282,0,High-Volatility Transition
2021-12-26,0.0075284019171428,0.0327579832220445,0.0141956748501033,0,High-Volatility Transition
2021-12-27,-0.0033280706216139,0.0324308103224557,0.0835076572561419,0,High-Volatility Transition
2021-12-28,-0.0602594256209162,0.0328803900863692,0.0209433065104232,2,High-Volatility Bearish
2021-12-29,-0.0240422788062495,0.0329148944745935,-0.050146749834093,2,High-Volatility Bearish
2021-12-30,0.0157911212643124,0.0331380241561126,-0.0102233594531675,0,High-Volatility Transition
2021-12-31,-0.0184763529177982,0.0331648107984013,0.0022574878787164,0,High-Volatility Transition
2022-01-01,0.0298093964713672,0.0337891797153881,0.0178880902291422,0,High-Volatility Transition
2022-01-02,-0.0071632749620244,0.0326639222287163,0.013663967103443,0,High-Volatility Transition
2022-01-03,-0.0187368774698079,0.0292922069671336,-0.0090050695125907,0,High-Volatility Transition
2022-01-04,-0.0120655550135126,0.0293390889194076,-0.0621015403136694,0,High-Volatility Transition
2022-01-05,-0.0507340606150975,0.0301951101954355,-0.1040440604426142,2,High-Volatility Bearish
2022-01-06,-0.0093661590158929,0.0301792042625509,-0.1501167385927773,0,High-Volatility Transition
2022-01-07,-0.0371407046918699,0.0307456933607973,-0.1822883272118588,2,High-Volatility Bearish
2022-01-08,0.0042359949028196,0.0292966509334165,-0.1724358956483804,0,High-Volatility Transition
2022-01-09,0.0042569704720818,0.0293187454509092,-0.1751229853905933,0,High-Volatility Transition
2022-01-10,-0.0021554853640055,0.0278615148867222,-0.1741525169765041,0,High-Volatility Transition
2022-01-11,0.0218691094532414,0.0280624664554062,-0.1019776574199562,0,High-Volatility Transition
2022-01-12,0.0283894186846727,0.0261131152607331,-0.0537329078946859,0,High-Volatility Transition
2022-01-13,-0.0308887144841734,0.0266512880551428,-0.0972178247333906,2,High-Volatility Bearish
2022-01-14,0.0119302693589786,0.0249804893154486,-0.0692505346093661,0,High-Volatility Transition
2022-01-15,0.0018027786773091,0.0246714573904466,-0.0945631260739015,0,High-Volatility Transition
2022-01-16,-0.0014711291913973,0.0241104162317759,-0.0893720623848632,0,High-Volatility Transition
2022-01-17,-0.0200243667909649,0.0241311835893708,-0.0905668731530533,0,High-Volatility Transition
2022-01-18,0.0029604828561313,0.024157019598699,-0.0767348049695232,0,High-Volatility Transition
2022-01-19,-0.0148978232441587,0.0242188077363168,-0.0418801353635778,0,High-Volatility Transition
2022-01-20,-0.025486340397292,0.0228030121215699,-0.0574712300385964,0,High-Volatility Transition
2022-01-21,-0.1038116561571248,0.0289776971578515,-0.1227344415824945,2,High-Volatility Bearish
2022-01-22,-0.0391434846807691,0.0276431219042009,-0.1606292427785425,2,High-Volatility Bearish
2022-01-23,0.035585092527173,0.0288970023910801,-0.1344447996480687,0,High-Volatility Transition
2022-01-24,0.010406744495611,0.0291511187556543,-0.1235480083909921,0,High-Volatility Transition
2022-01-25,0.0081757270308715,0.0291648949715298,-0.1352927535691405,0,High-Volatility Transition
2022-01-26,-0.0027570168785626,0.0291696752215813,-0.1614818100128255,0,High-Volatility Transition
2022-01-27,0.0077638212607122,0.0277463799667351,-0.1280379168339686,0,High-Volatility Transition
2022-01-28,0.017397102127314,0.0279430779026874,-0.123327245522577,0,High-Volatility Transition
2022-01-29,0.0093649308384582,0.0277908009323397,-0.1167096428307127,0,High-Volatility Transition
2022-01-30,-0.0057836563466686,0.0277014781219493,-0.1205244685835197,0,High-Volatility Transition
2022-01-31,0.0149145361045013,0.0271609950332283,-0.0891686785518051,0,High-Volatility Transition
2022-02-01,0.0067600652883568,0.0272724611864124,-0.0857181151977634,0,High-Volatility Transition
2022-02-02,-0.0462090294303103,0.0281519065822342,-0.1147783175633516,2,High-Volatility Bearish
2022-02-03,0.0054560461329451,0.0282292196873956,-0.0866710958810322,0,High-Volatility Transition
2022-02-04,0.116978066100073,0.0349889812722975,0.138341465881602,3,Moderate-Volatility Bullish
2022-02-05,-0.0014387874352046,0.0349537675758851,0.1830107995946361,3,Moderate-Volatility Bullish
2022-02-06,0.0234373129525311,0.0345270966045466,0.1691336643098604,3,Moderate-Volatility Bullish
2022-02-07,0.0336658720453715,0.0350291819687665,0.196046617107376,3,Moderate-Volatility Bullish
2022-02-08,0.0063448528050995,0.0350354115182377,0.1938745642941897,3,Moderate-Volatility Bullish
2022-02-09,0.0049945450466173,0.0350283445065012,0.2031545419652849,3,Moderate-Volatility Bullish
2022-02-10,-0.0174493592131327,0.0350158651017196,0.1730528931815973,3,Moderate-Volatility Bullish
2022-02-11,-0.0265619826070333,0.0349835239044746,0.1223683262397226,3,Moderate-Volatility Bullish
2022-02-12,-0.0038546734323026,0.0345215374594515,0.1076687218988026,3,Moderate-Volatility Bullish
2022-02-13,-0.0011114620775056,0.0344520966582118,0.112874071305522,3,Moderate-Volatility Bullish
2022-02-14,0.0092280869615768,0.0344931318561182,0.1066387661799814,3,Moderate-Volatility Bullish
2022-02-15,0.0466876977974548,0.0355220939653752,0.1505275411719655,3,Moderate-Volatility Bullish
2022-02-16,-0.0137597522164965,0.0354080919583425,0.1896700663977157,3,Moderate-Volatility Bullish
2022-02-17,-0.0778822302997733,0.0382861718437363,0.0910630181448335,2,High-Volatility Bearish
2022-02-18,-0.0125076473845776,0.0382582270526269,-0.0354184926823831,2,High-Volatility Bearish
2022-02-19,0.0022777282826873,0.0379723714823138,-0.0318284450338007,1,Low-Volatility Neutral
2022-02-20,-0.0421407397253231,0.0335579096828376,-0.0938652736985754,2,High-Volatility Bearish
2022-02-21,-0.0352862086879078,0.0334006875981077,-0.1543102167820995,2,High-Volatility Bearish
2022-02-22,0.0326564237122273,0.0333045625762017,-0.1321990819811938,1,Low-Volatility Neutral
2022-02-23,-0.0258438156136229,0.0336570062498631,-0.1588276421291595,2,High-Volatility Bearish
2022-02-24,0.0277784003681638,0.0339874294224874,-0.1201076621210581,1,Low-Volatility Neutral
2022-02-25,0.0229989397897596,0.0341937906517715,-0.0753094571034019,1,Low-Volatility Neutral
2022-02-26,-0.0027813970538428,0.0341933887108597,-0.0743131682180285,0,High-Volatility Transition
2022-02-27,-0.0356823420189836,0.0347527708250382,-0.106350584916692,2,High-Volatility Bearish
2022-02-28,0.1454118392886461,0.04367849684551,0.0142371515753947,1,Low-Volatility Neutral
2022-03-01,0.026888524570001,0.0438063661039596,-0.0049481862288204,1,Low-Volatility Neutral
2022-03-02,-0.0097063027250092,0.0438667504035725,-0.0008585211826017,1,Low-Volatility Neutral
2022-03-03,-0.0335198114219356,0.0444336630385288,0.0472094526250488,2,High-Volatility Bearish
2022-03-04,-0.0780693503604916,0.0460265214586189,-0.0223169947491834,2,High-Volatility Bearish
2022-03-05,0.0067193806468304,0.0460295119678435,-0.0179843353384079,1,Low-Volatility Neutral
2022-03-06,-0.0248879944083952,0.0409137800998243,-0.0002964903049093,2,High-Volatility Bearish
2022-03-07,-0.0093166438852826,0.040936790453279,0.0266149784770681,1,Low-Volatility Neutral
2022-03-08,0.0177402599908331,0.0408275851255183,0.0117860801657099,1,Low-Volatility Neutral
2022-03-09,0.083786397164149,0.0432979500934941,0.1256511102625261,3,Moderate-Volatility Bullish
2022-03-10,-0.0606309540457713,0.0446355981556801,0.0288227590167804,2,High-Volatility Bearish
2022-03-11,-0.0162913196229393,0.0446766810353313,-0.0106911754744571,2,High-Volatility Bearish
2022-03-12,0.0028106492938184,0.0446116868168079,-0.0051434843437934,1,Low-Volatility Neutral
2022-03-13,-0.0271012579338149,0.0446216873491589,0.003709353041138,2,High-Volatility Bearish
2022-03-14,0.0480080837903738,0.0455757231998266,-0.0816442787806395,1,Low-Volatility Neutral
2022-03-15,-0.0082681015637209,0.0455944161583374,-0.1130851683963777,1,Low-Volatility Neutral
2022-03-16,0.045887144813449,0.0463724713324383,-0.0632952391082134,1,Low-Volatility Neutral
2022-03-17,-0.0046799317107646,0.0455246054825738,-0.0353438615753274,1,Low-Volatility Neutral
2022-03-18,0.0207508847429873,0.0456490402288218,0.068056048635289,1,Low-Volatility Neutral
2022-03-19,0.0093178306222092,0.043279492794978,0.0708128150854354,1,Low-Volatility Neutral
2022-03-20,-0.022346848712323,0.0434318869531363,0.0736033574649261,2,High-Volatility Bearish
2022-03-21,-0.0041172626245532,0.0434455723623475,0.0792379259108433,3,Moderate-Volatility Bullish
2022-03-22,0.0311800141632243,0.0429556118581966,0.0934897866143726,3,Moderate-Volatility Bullish
2022-03-23,0.0126100911530078,0.0423262121750808,0.0216762227278222,1,Low-Volatility Neutral
2022-03-24,0.024898646221148,0.042179349399143,0.1146998957011644,3,Moderate-Volatility Bullish
2022-03-25,0.0088213976205258,0.0417652447363263,0.1431566368588552,3,Moderate-Volatility Bullish
2022-03-26,0.003429583093865,0.0415757880103215,0.1438621920718932,3,Moderate-Volatility Bullish
2022-03-27,0.0521263122561272,0.0423247516349641,0.237012093692212,3,Moderate-Volatility Bullish
2022-03-28,0.0065678873583499,0.0422864295345974,0.18809832580791,3,Moderate-Volatility Bullish
2022-03-29,0.007166154611,0.0415088240798202,0.2065886193541699,3,Moderate-Volatility Bullish
2022-03-30,-0.0084917350321905,0.032548487286144,0.1438543770601033,3,Moderate-Volatility Bullish
2022-03-31,-0.0323821082297023,0.0328693478271419,0.1120181297313993,0,High-Volatility Transition
2022-04-01,0.0163151153882676,0.0329094618805238,0.107185749945613,3,Moderate-Volatility Bullish
2022-04-02,-0.0089170407983524,0.0322875662965966,0.0871827447708306,0,High-Volatility Transition
2022-04-03,0.0127453799892374,0.0284447369217832,0.1262064675191674,3,Moderate-Volatility Bullish
2022-04-04,0.0036403959498199,0.0284480355574298,0.1349793128867749,3,Moderate-Volatility Bullish
2022-04-05,-0.0228790728090081,0.0283750616077895,0.0754786005530321,0,High-Volatility Transition
2022-04-06,-0.0515684939224001,0.0301581509295681,0.0073154492419673,2,High-Volatility Bearish
2022-04-07,0.0068764592473051,0.0300608755944192,-0.0103975484625509,0,High-Volatility Transition
2022-04-08,-0.0279557707943397,0.0265966921174883,-0.0464740790652917,0,High-Volatility Transition
2022-04-09,0.0116930709513578,0.0240085535568663,-0.03862156006226,0,High-Volatility Transition
2022-04-10,-0.0134276800508243,0.0239348097059887,-0.0985213972981582,0,High-Volatility Transition
2022-04-11,-0.0636322595381245,0.0268572524680855,-0.1613923979812626,2,High-Volatility Bearish
2022-04-12,0.0153150838928612,0.0264470023187319,-0.1546072672331773,0,High-Volatility Transition
2022-04-13,0.0259063004651518,0.0254173120539651,-0.1252783647334563,0,High-Volatility Transition
2022-04-14,-0.0299080065317459,0.0260058825240677,-0.1230417894267587,2,High-Volatility Bearish
2022-04-15,0.0154736757264544,0.0247514641724889,-0.1237678510674411,0,High-Volatility Transition
2022-04-16,-0.0031805042860567,0.0247435817310673,-0.1186960882357525,0,High-Volatility Transition
2022-04-17,-0.0175025423561756,0.0246156186534717,-0.1450182150135976,0,High-Volatility Transition
2022-04-18,0.0279291746086074,0.0251245137942698,-0.1243270756208104,0,High-Volatility Transition
2022-04-19,0.0165710967533785,0.0249772282931367,-0.0889727562252976,0,High-Volatility Transition
2022-04-20,-0.003093074404708,0.0249713846258382,-0.0424091113537068,0,High-Volatility Transition
2022-04-21,-0.0204719840488541,0.0245635928463665,-0.0684188763835095,0,High-Volatility Transition
2022-04-22,-0.0194200388337162,0.0246396294225103,-0.0602384597606312,0,High-Volatility Transition
2022-04-23,-0.0063811726165236,0.0241074715967828,-0.077027621870876,0,High-Volatility Transition
2022-04-24,-0.0004416040475622,0.0240061365932437,-0.0648787005916801,0,High-Volatility Transition
2022-04-25,0.0250578500553089,0.0245431779199601,0.0236933496230877,0,High-Volatility Transition
2022-04-26,-0.0578582678716236,0.0242567550129472,-0.0500838203995713,2,High-Volatility Bearish
2022-04-27,0.029478882606909,0.0250320090651025,-0.0467758637393306,0,High-Volatility Transition
2022-04-28,0.013575224570606,0.0251732417969237,-0.0040487144705546,0,High-Volatility Transition
2022-04-29,-0.0292655738992938,0.0255395973622346,-0.0479278560411231,0,High-Volatility Transition
2022-04-30,-0.0231793134741956,0.0252688159949535,-0.0670289161851553,0,High-Volatility Transition
2022-05-01,0.0199979119644437,0.0253893723460733,-0.0314188092694988,0,High-Volatility Transition
2022-05-02,0.0015657861708791,0.0254175047434107,-0.0562600948322209,0,High-Volatility Transition
2022-05-03,-0.0202151202188917,0.0253147884452981,-0.0904108010914939,0,High-Volatility Transition
2022-05-04,0.0515998566242374,0.0274098929323893,-0.040508349776021,0,High-Volatility Transition
2022-05-05,-0.0786740206890179,0.030396602658721,-0.0975198566169365,2,High-Volatility Bearish
2022-05-06,-0.0146060614086839,0.0292484145943999,-0.0930892959193483,0,High-Volatility Transition
2022-05-07,-0.0149543552706363,0.0291986817602897,-0.1009143399933699,0,High-Volatility Transition
2022-05-08,-0.0406368487649226,0.0296113710797427,-0.1370692742845283,2,High-Volatility Bearish
2022-05-09,-0.1104636999935314,0.034911532752678,-0.2511562104778578,2,High-Volatility Bearish
2022-05-10,0.0239612584805093,0.035478297431025,-0.1861234854843222,1,Low-Volatility Neutral
2022-05-11,-0.0672583917327216,0.0356744268650844,-0.2626012034768613,2,High-Volatility Bearish
2022-05-12,0.0038497067986085,0.0354579282267095,-0.2696767366260398,1,Low-Volatility Neutral
2022-05-13,0.0081022298345081,0.0349805454790235,-0.2415634075483743,1,Low-Volatility Neutral
2022-05-14,0.0279397335374114,0.0354748768269203,-0.2018728518919922,1,Low-Volatility Neutral
2022-05-15,0.0399932571356789,0.0363245040863351,-0.18622691023882,1,Low-Volatility Neutral
2022-05-16,-0.0460690015571287,0.0369692787055319,-0.2249302175250428,2,High-Volatility Bearish
2022-05-17,0.01885078523519,0.0372876804120544,-0.1940266962855164,1,Low-Volatility Neutral
2022-05-18,-0.0560571198980821,0.0376366182306205,-0.276537784974844,2,High-Volatility Bearish
2022-05-19,0.0555030442824064,0.0392547007521772,-0.1711765569083168,1,Low-Volatility Neutral
2022-05-20,-0.036734890846488,0.0395403458060685,-0.1897893085073867,2,High-Volatility Bearish
2022-05-21,0.0079274130130611,0.0396399841442633,-0.1709688067337844,1,Low-Volatility Neutral
2022-05-22,0.0302897944828226,0.0402592856086697,-0.1096777308671053,1,Low-Volatility Neutral
2022-05-23,-0.0403912314422766,0.0406837838704988,-0.0395433482636713,2,High-Volatility Bearish
2022-05-24,0.0191304684010797,0.0409865985061341,-0.0440745396798535,1,Low-Volatility Neutral
2022-05-25,-0.0031435767133879,0.0405074070737438,0.0216338875174193,1,Low-Volatility Neutral
2022-05-26,-0.0099835299174566,0.0394700736654882,0.0075555814647607,0,High-Volatility Transition
2022-05-27,-0.021855519242508,0.0388980261325347,-0.0223859228761466,2,High-Volatility Bearish
2022-05-28,0.0065435572865377,0.0387738851907508,-0.042734589648172,1,Low-Volatility Neutral
2022-05-29,0.0219003582198853,0.0390190893312974,-0.059388261377528,1,Low-Volatility Neutral
2022-05-30,0.0774447096873045,0.0419081433288669,0.0624008898996417,1,Low-Volatility Neutral
2022-05-31,0.0020777630413166,0.0416683231410384,0.0449109159374938,1,Low-Volatility Neutral
2022-06-01,-0.0626953635789118,0.0429264350973892,0.0375626182481219,2,High-Volatility Bearish
2022-06-02,0.0224304979003586,0.0432002276154051,0.0050522072150402,1,Low-Volatility Neutral
2022-06-03,-0.0250462935836958,0.0419113082396322,0.0172478638069628,2,High-Volatility Bearish
2022-06-04,0.0043267488339528,0.0398241235052608,0.0136139037646074,1,Low-Volatility Neutral
2022-06-05,0.0024720363126611,0.039818738085487,-0.0137536064289599,1,Low-Volatility Neutral
2022-06-06,0.0489526300284133,0.0409834025617409,0.0780703368803681,1,Low-Volatility Neutral
2022-06-07,-0.0068596987731873,0.0403815119714288,0.050577067716216,1,Low-Volatility Neutral
2022-06-08,-0.030207305158321,0.0352977088044955,0.0220548735396419,2,High-Volatility Bearish
2022-06-09,-0.0033877082693644,0.0350233365940362,0.0288641457731322,0,High-Volatility Transition
2022-06-10,-0.0341456371568045,0.0333241470444872,0.015936749137871,2,High-Volatility Bearish
2022-06-11,-0.0248589944951643,0.0336414334024283,-0.0157588552309464,2,High-Volatility Bearish
2022-06-12,-0.0563510731378267,0.0351153336778675,-0.0911265540088337,2,High-Volatility Bearish
2022-06-13,-0.159747260276172,0.0448841069082769,-0.2912087310002664,2,High-Volatility Bearish
2022-06-14,-0.0124779140530416,0.0439352785146853,-0.3015042761359539,2,High-Volatility Bearish
2022-06-15,0.0164835541770984,0.0436678882721401,-0.2424987689361478,1,Low-Volatility Neutral
2022-06-16,-0.0970719443496029,0.0462341470336657,-0.3310360800838291,2,High-Volatility Bearish
2022-06-17,0.0044074954445947,0.0455687831548341,-0.3108263798333684,1,Low-Volatility Neutral
2022-06-18,-0.0710178097408561,0.0451339385816974,-0.3625281614031063,2,High-Volatility Bearish
2022-06-19,0.0807475952890373,0.0481255631945566,-0.3127527435456577,1,Low-Volatility Neutral
2022-06-20,0.002251010260589,0.0480618524028241,-0.3433504646806357,1,Low-Volatility Neutral
2022-06-21,0.0053914098304885,0.0475425162249351,-0.3352502146335745,1,Low-Volatility Neutral
2022-06-22,-0.0349371066631987,0.047438498032196,-0.3384922833271384,2,High-Volatility Bearish
2022-06-23,0.0549780380029665,0.048667199886513,-0.2997516498141087,1,Low-Volatility Neutral
2022-06-24,0.0069135989553137,0.0487514270338162,-0.2699835362625301,1,Low-Volatility Neutral
2022-06-25,0.0127489649153018,0.048924472691104,-0.2418292187000176,1,Low-Volatility Neutral
2022-06-26,-0.0220926194707933,0.0489266368218188,-0.2143044074662127,2,High-Volatility Bearish
2022-06-27,-0.0138779813254257,0.0488445188289739,-0.0779063403854052,1,Low-Volatility Neutral
2022-06-28,-0.0219355318787197,0.0485209413376732,-0.0867373423004187,2,High-Volatility Bearish
2022-06-29,-0.0087083727982888,0.0455541899955647,-0.1093711036510796,1,Low-Volatility Neutral
2022-06-30,-0.0158822375029873,0.0454529531043624,-0.0292873156336529,2,High-Volatility Bearish
2022-07-01,-0.0260483445839889,0.0446013825069809,-0.0587214550271389,2,High-Volatility Bearish
2022-07-02,-0.0014069651515379,0.0441507641849316,0.0118107846609947,1,Low-Volatility Neutral
2022-07-03,0.0028489545560892,0.0442084470784193,-0.0611189957498972,1,Low-Volatility Neutral
2022-07-04,0.0484107301310523,0.045526974733519,-0.0178778478695715,1,Low-Volatility Neutral
2022-07-05,-0.0020338071321012,0.0454856345137608,-0.0251312120738307,1,Low-Volatility Neutral
2022-07-06,0.0177379304287108,0.0443878857113312,0.0280790500948906,1,Low-Volatility Neutral
2022-07-07,0.0530138578205141,0.0459907764132331,0.0261649510108819,1,Low-Volatility Neutral
2022-07-08,0.0043225380457274,0.0459257639233181,0.0235243511678464,1,Low-Volatility Neutral
2022-07-09,-0.0063922234209801,0.0459144432512428,0.0041795055534024,1,Low-Volatility Neutral
2022-07-10,-0.0338899034934659,0.0459098211785193,-0.0079347202645371,2,High-Volatility Bearish
2022-07-11,-0.04265931997884,0.0462231203833162,-0.0368895212340337,2,High-Volatility Bearish
2022-07-12,-0.0323797974068269,0.0456070232709408,-0.0471741005240432,2,High-Volatility Bearish
2022-07-13,0.0459617111407861,0.0369115431734757,0.005374584922561,1,Low-Volatility Neutral
2022-07-14,0.0177045512129101,0.0370521662375108,0.0396868441367928,1,Low-Volatility Neutral
2022-07-15,0.012951348577769,0.036997370702649,0.0813187543863134,3,Moderate-Volatility Bullish
2022-07-16,0.0169889953319211,0.0324744874546907,0.1012386781005143,3,Moderate-Volatility Bullish
2022-07-17,-0.0193943614796041,0.0326986663059897,0.0768130656127774,0,High-Volatility Transition
2022-07-18,0.0821174009946776,0.0330179962943818,0.1114328787653236,3,Moderate-Volatility Bullish
2022-07-19,0.0401919693193753,0.0305985376795221,0.1584596384040419,3,Moderate-Volatility Bullish
2022-07-20,-0.0067424108943424,0.0306679748323918,0.1305944223113628,3,Moderate-Volatility Bullish
2022-07-21,-0.0028884421706671,0.0306965786978946,0.070573532657336,0,High-Volatility Transition
2022-07-22,-0.0194110767949181,0.0301400438562885,0.0452743096287258,0,High-Volatility Transition
2022-07-23,-0.0109839417117817,0.0287185897440113,0.0404438269377063,0,High-Volatility Transition
2022-07-24,0.0063958373633157,0.0287160051850832,0.0838292035522514,0,High-Volatility Transition
2022-07-25,-0.0551751001132353,0.030501407768294,0.0696597774555802,2,High-Volatility Bearish
2022-07-26,-0.0057086869928485,0.0302335349033143,0.0991434673924513,0,High-Volatility Transition
2022-07-27,0.0796052030234431,0.0333305722965083,0.1344975572498725,3,Moderate-Volatility Bullish
2022-07-28,0.0398306162434614,0.0335871764266739,0.1591628362827661,3,Moderate-Volatility Bullish
2022-07-29,-0.0016462880701044,0.0335055762350858,0.1424581466414203,3,Moderate-Volatility Bullish
2022-07-30,-0.0062351636515082,0.033332366157877,0.1163687496555121,3,Moderate-Volatility Bullish
2022-07-31,-0.0134979604487392,0.0329867025776793,0.1230814969493441,3,Moderate-Volatility Bullish
2022-08-01,-0.0009725914343493,0.0329830160970617,0.0368460912596058,0,High-Volatility Transition
2022-08-02,-0.014415336683737,0.0332066314348553,-0.0175855650630167,0,High-Volatility Transition
2022-08-03,-0.0057275961266136,0.0323013295804625,-0.0165818287839899,0,High-Volatility Transition
2022-08-04,-0.0094347365041087,0.0323815530184249,-0.0230382225055205,0,High-Volatility Transition
2022-08-05,0.0290910110856517,0.032609445448259,0.0252844587594449,0,High-Volatility Transition
2022-08-06,-0.0140852216543447,0.0314614060983271,0.0220694511761752,0,High-Volatility Transition
2022-08-07,0.0093466624986442,0.0314850765174173,0.0250662324769443,0,High-Volatility Transition
2022-08-08,0.0273385697825798,0.0317533471368062,0.1145875572621892,3,Moderate-Volatility Bullish
2022-08-09,-0.0270970973442586,0.0314989441799085,0.0906114290033595,0,High-Volatility Transition
2022-08-10,0.0338159839887097,0.0306791070067894,0.0443554036854323,0,High-Volatility Transition
2022-08-11,0.0004128472653517,0.0298174912415361,0.0047661096307607,0,High-Volatility Transition
2022-08-12,0.0185866020231928,0.0290113651107925,0.025128955005804,0,High-Volatility Transition
2022-08-13,0.0008708010561344,0.0289538933880951,0.032459190398133,0,High-Volatility Transition
2022-08-14,-0.0042881625394648,0.0289850572697605,0.0420980356431619,0,High-Volatility Transition
2022-08-15,-0.0074986152269698,0.0289969881847432,0.0352906582713894,0,High-Volatility Transition
2022-08-16,-0.010510085263709,0.0287865403137429,0.0393928632506674,0,High-Volatility Transition
2022-08-17,-0.0229153079611996,0.0252605197048594,0.0214251665240139,0,High-Volatility Transition
2022-08-18,-0.005281958173694,0.0242035302545802,0.0257073198096149,0,High-Volatility Transition
2022-08-19,-0.1005993139879252,0.0303851769016195,-0.1035565784301729,2,High-Volatility Bearish
2022-08-20,0.0138190436480118,0.0305419453723291,-0.0781846136179497,0,High-Volatility Transition
2022-08-21,0.0173891852033534,0.0305802050454509,-0.0708395443271125,0,High-Volatility Transition
2022-08-22,-0.006279006699941,0.0305409686503266,-0.1012444406308967,0,High-Volatility Transition
2022-08-23,0.0060367419811229,0.0305379745272984,-0.0706358133818252,0,High-Volatility Transition
2022-08-24,-0.006181150878381,0.0288117697098623,-0.1065918300119735,0,High-Volatility Transition
2022-08-25,0.0096230230275919,0.0288345630440505,-0.098366779428603,0,High-Volatility Transition
2022-08-26,-0.0620753995849602,0.0270590984736276,-0.1697672279945251,2,High-Volatility Bearish
2022-08-27,-0.0107739901071325,0.0257963412129088,-0.1794267037597311,0,High-Volatility Transition
2022-08-28,-0.021201944769558,0.0259438417172322,-0.1933654735064428,2,High-Volatility Bearish
2022-08-29,0.0347242764174429,0.0269925762549824,-0.1590497105953732,0,High-Volatility Transition
2022-08-30,-0.0246913829712814,0.0271946167810766,-0.171102149163678,2,High-Volatility Bearish
2022-08-31,0.0127775685119702,0.0273817925300044,-0.1408225338551598,0,High-Volatility Transition
2022-09-01,0.0038592451457939,0.0273601090685605,-0.1329269136137367,0,High-Volatility Transition
2022-09-02,-0.0078187529742566,0.0273672417083498,-0.043481209773468,0,High-Volatility Transition
2022-09-03,-0.0068946003642419,0.027354098106632,-0.0630241349492384,0,High-Volatility Transition
2022-09-04,0.0077967080850369,0.0267346319311281,-0.0718584332459296,0,High-Volatility Transition
2022-09-05,-0.0087228849400632,0.026687787874583,-0.0741410306691866,0,High-Volatility Transition
2022-09-06,-0.0491966923286369,0.0277557898542937,-0.1249725444983257,2,High-Volatility Bearish
2022-09-07,0.024029314602578,0.0276229307533836,-0.0983731428441015,0,High-Volatility Transition
2022-09-08,0.0020481649337233,0.0273890624084852,-0.1051377424429659,0,High-Volatility Transition
2022-09-09,0.1061218819071676,0.0334839349702389,0.0553372029464587,1,Low-Volatility Neutral
2022-09-10,0.0140023659125891,0.0336265040489915,0.0817693933656031,3,Moderate-Volatility Bullish
2022-09-11,0.004092001431295,0.0334124442528015,0.1097243087756845,3,Moderate-Volatility Bullish
2022-09-12,0.0276166242548017,0.0338799606997574,0.1021014718876645,3,Moderate-Volatility Bullish
2022-09-13,-0.0927000690608337,0.0376845422236937,0.0252514659184925,2,High-Volatility Bearish
2022-09-14,-0.0027402074343571,0.0376850419959379,0.0095425649402234,0,High-Volatility Transition
2022-09-15,-0.0266724228002328,0.0378792674398588,-0.0211619571520731,2,High-Volatility Bearish
2022-09-16,0.0036227746152976,0.0377729431374175,-0.0098742992704892,1,Low-Volatility Neutral
2022-09-17,0.0179537579802684,0.0380004473373667,0.014899504423318,1,Low-Volatility Neutral
2022-09-18,-0.0351791147852871,0.0339266705180909,-0.0283792054428346,2,High-Volatility Bearish
2022-09-19,0.006417415961943,0.03383555495031,-0.0135391259446285,0,High-Volatility Transition
2022-09-20,-0.0334289569457899,0.0340972417059113,0.0028199400179536,2,High-Volatility Bearish
2022-09-21,-0.0181775716588069,0.0341961965403715,-0.0385127704283417,2,High-Volatility Bearish
2022-09-22,0.0466992878992791,0.0354002360705756,0.0043309630565204,1,Low-Volatility Neutral
2022-09-23,-0.005970680514919,0.0353995710487372,-0.0974462759713715,0,High-Volatility Transition
2022-09-24,-0.0186876207631864,0.0354335240742237,-0.1265433177579691,2,High-Volatility Bearish
2022-09-25,-0.0071243586107314,0.0336932624885411,-0.1363003964073114,0,High-Volatility Transition
2022-09-26,0.0223684732650133,0.0339361136396405,-0.1407114051653313,1,Low-Volatility Neutral
2022-09-27,-0.0058329560390522,0.0337334665158491,-0.0584410148120932,0,High-Volatility Transition
2022-09-28,0.0165444678372135,0.0332418602205933,-0.0402334630650562,0,High-Volatility Transition
2022-09-29,0.0075324127196341,0.032967062049345,-0.0065051918207755,0,High-Volatility Transition
2022-09-30,-0.0072171538473359,0.0329049111848045,-0.0172357301475775,0,High-Volatility Transition
2022-10-01,-0.0061596674907298,0.0329097537289005,-0.0405155822929886,0,High-Volatility Transition
2022-10-02,-0.0138767063590429,0.0329724760766058,-0.0193309984413826,0,High-Volatility Transition
2022-10-03,0.0304279241559197,0.0334453730697622,0.0040652193943313,0,High-Volatility Transition
2022-10-04,0.0363472755244134,0.0340697701101513,0.0765481358515909,3,Moderate-Volatility Bullish
2022-10-05,-0.00866048612509,0.0340691492491692,0.086983424753448,0,High-Volatility Transition
2022-10-06,-0.0101818521418751,0.0328025259187778,0.0279131099833818,0,High-Volatility Transition
2022-10-07,-0.020475303035953,0.0327988638104785,0.0129140638260165,0,High-Volatility Transition
2022-10-08,-0.0066650766033169,0.0328274344379613,0.025323775881185,0,High-Volatility Transition
2022-10-09,0.0015377290838616,0.0261078069370031,0.034268948964097,0,High-Volatility Transition
2022-10-10,-0.0156811030304613,0.026010594632228,-0.004223528369414,0,High-Volatility Transition
2022-10-11,-0.0047052989457616,0.0259680022316089,-0.0030940457453549,0,High-Volatility Transition
2022-10-12,0.0055653255796452,0.0253438028989697,-0.0138610831308078,0,High-Volatility Transition
2022-10-13,0.0117687395525483,0.0193150384656074,-0.0097147085806955,0,High-Volatility Transition
2022-10-14,-0.0101763927558988,0.0193810297283441,-0.0126665028993647,0,High-Volatility Transition
2022-10-15,-0.0061515479500473,0.018819723351417,-0.0126584365186447,0,High-Volatility Transition
2022-10-16,0.0105130493026006,0.0189188442932582,0.0117614505717247,0,High-Volatility Transition
2022-10-17,0.0146700585002084,0.0188164866553961,-0.0037109571920659,0,High-Volatility Transition
2022-10-18,-0.011065647631146,0.0177839118878454,-0.049291214836373,0,High-Volatility Transition
2022-10-19,-0.0100794799914053,0.0178337807771419,-0.0506520502675424,0,High-Volatility Transition
2022-10-20,-0.0044826021726542,0.0167429609051104,-0.0451858226731095,0,High-Volatility Transition
2022-10-21,0.0062312445831922,0.0163975517543636,-0.0191530024969057,0,High-Volatility Transition
2022-10-22,0.0018631248583989,0.013975078387045,-0.0107320151734942,0,High-Volatility Transition
2022-10-23,0.0186804883537121,0.0143475283294768,0.0062007297693884,0,High-Volatility Transition
2022-10-24,-0.0113167812369114,0.0140669069469172,0.0106620723151205,0,High-Volatility Transition
2022-10-25,0.0387833012096094,0.0155890521463865,0.0548221373778157,0,High-Volatility Transition
2022-10-26,0.0335683106330508,0.0162071661506633,0.0841968262176136,0,High-Volatility Transition
2022-10-27,-0.0233314959115013,0.0168282110030757,0.046583918838756,0,High-Volatility Transition
2022-10-28,0.0152577210006827,0.01679179692618,0.0734765229883653,0,High-Volatility Transition
2022-10-29,0.0108337553414852,0.0168394841575259,0.0918227047243114,0,High-Volatility Transition
2022-10-30,-0.0087841704615604,0.0168720819028578,0.0709727585597304,0,High-Volatility Transition
2022-10-31,-0.0067761564627427,0.0168829134381359,0.0483365214823434,0,High-Volatility Transition
2022-11-01,-0.0005123007449325,0.016620507922481,0.0595237746485304,0,High-Volatility Transition
2022-11-02,-0.0159026205944438,0.0160863175397472,0.053291197600843,0,High-Volatility Transition
2022-11-03,0.002504246891926,0.014645805566886,0.0606835210647516,0,High-Volatility Transition
2022-11-04,0.0463751969796804,0.0168224142507182,0.1029998663448075,0,High-Volatility Transition
2022-11-05,0.006405611254872,0.0166895093713994,0.1080009106630035,0,High-Volatility Transition
2022-11-06,-0.0167368436315528,0.0165268951997813,0.0694780994954438,0,High-Volatility Transition
2022-11-07,-0.0154669979852274,0.0167698343121232,0.0649887283437455,0,High-Volatility Transition
2022-11-08,-0.1000613159494843,0.025086583565425,-0.0773585274250494,2,High-Volatility Bearish
2022-11-09,-0.1434902246687631,0.0360670965002632,-0.2354144063275015,2,High-Volatility Bearish
2022-11-10,0.1074248986235879,0.0415493664923774,-0.1330516751412527,1,Low-Volatility Neutral
2022-11-11,-0.0314144364766353,0.0418707377144813,-0.1729059386504463,2,High-Volatility Bearish
2022-11-12,-0.0138020064763657,0.0418193537162589,-0.1930636472634547,2,High-Volatility Bearish
2022-11-13,-0.0265382099183333,0.0420105383517098,-0.2075169877153119,2,High-Volatility Bearish
2022-11-14,0.0161944639882631,0.0421766761735652,-0.1891889676949402,1,Low-Volatility Neutral
2022-11-15,0.0160314639987833,0.0422526852775052,-0.1757682252685332,1,Low-Volatility Neutral
2022-11-16,-0.0127437818409466,0.0421425140555147,-0.1731225366137598,2,High-Volatility Bearish
2022-11-17,0.0010845070736082,0.042134745197325,-0.174293554954359,1,Low-Volatility Neutral
2022-11-18,0.0006148167681003,0.0421268336921044,-0.2104035860192242,1,Low-Volatility Neutral
2022-11-19,0.0008246325823211,0.0421343606250681,-0.2147822586906282,1,Low-Volatility Neutral
2022-11-20,-0.0251152599390952,0.0422738476448293,-0.2214731237821835,2,High-Volatility Bearish
2022-11-21,-0.0309693747513911,0.0425271833607419,-0.2337317448065826,2,High-Volatility Bearish
2022-11-22,0.0254942741881059,0.0426793233309084,-0.1268252803000401,1,Low-Volatility Neutral
2022-11-23,0.0260002157033485,0.0430427527833827,0.0459629026561994,1,Low-Volatility Neutral
2022-11-24,-0.0003757930043709,0.0422831990329045,-0.0558548589488259,1,Low-Volatility Neutral
2022-11-25,-0.0049759536156385,0.0416374798572743,-0.0300835011359209,1,Low-Volatility Neutral
2022-11-26,-0.0034839061881034,0.0415221487908789,-0.0199357460479564,1,Low-Volatility Neutral
2022-11-27,-0.0011937537130568,0.0413389925592383,0.0055806078713491,1,Low-Volatility Neutral
2022-11-28,-0.0138224289397337,0.0412249957482851,-0.0241227673256376,2,High-Volatility Bearish
2022-11-29,0.0140380854817543,0.0414095043758131,-0.0260373662133678,1,Low-Volatility Neutral
2022-11-30,0.0440002893169708,0.0424305387841267,0.0299426357154097,1,Low-Volatility Neutral
2022-12-01,-0.0117326973600236,0.042439186134238,0.0167559514508939,1,Low-Volatility Neutral
2022-12-02,0.0071625150279055,0.0424505533246602,0.0234092720517864,1,Low-Volatility Neutral
2022-12-03,-0.0105581026525951,0.0424422440207253,0.0117696736631389,1,Low-Volatility Neutral
2022-12-04,0.013144481522908,0.041477098467469,0.0514769790939622,1,Low-Volatility Neutral
2022-12-05,-0.0090867330482284,0.0414119653735738,0.0752214236895434,3,Moderate-Volatility Bullish
2022-12-06,0.0067557530907154,0.04143679514068,0.0555742546713406,1,Low-Volatility Neutral
2022-12-07,-0.0141242808714139,0.0414267941412076,0.0142931858004802,2,High-Volatility Bearish
2022-12-08,0.022871839541696,0.0376957917964663,0.0378819655763709,1,Low-Volatility Neutral
2022-12-09,-0.0058213603407883,0.0265850433875854,0.0370001452858981,0,High-Volatility Transition
2022-12-10,-0.00025843080632,0.0177978678080814,0.0403566574990936,0,High-Volatility Transition
2022-12-11,-0.0014321702613265,0.0168307509797206,0.0401083228053806,0,High-Volatility Transition
2022-12-12,0.0059777236188083,0.0166467943381769,0.0609912794587288,0,High-Volatility Transition
2022-12-13,0.0334108010083435,0.016832654791942,0.0812610134336424,0,High-Volatility Transition
2022-12-14,0.001930792225645,0.0166454836729206,0.0376900417346108,0,High-Volatility Transition
2022-12-15,-0.0253027616935732,0.0171849061348551,0.0234413454689281,0,High-Volatility Transition
2022-12-16,-0.041312204252233,0.0187017811573409,-0.0258168737171968,0,High-Volatility Transition
2022-12-17,0.0088666502727983,0.0187694003838617,-0.0066916814417714,0,High-Volatility Transition
2022-12-18,-0.0022098857704312,0.0187752880291908,-0.0217454285003811,0,High-Volatility Transition
2022-12-19,-0.0189937534411085,0.0191016524982829,-0.0315258889226014,0,High-Volatility Transition
2022-12-20,0.0283840688425822,0.0192088686366778,-0.0107199846031224,0,High-Volatility Transition
2022-12-21,-0.0052506761761861,0.01826451889067,-0.0018157387441413,0,High-Volatility Transition
2022-12-22,0.0007615052090579,0.0177304622519927,-0.0233924279135616,0,High-Volatility Transition
2022-12-23,-0.0019838380157674,0.0171197014832957,-0.0196227297816937,0,High-Volatility Transition
2022-12-24,0.0030245208161823,0.0171248705250852,-0.0164033666491559,0,High-Volatility Transition
2022-12-25,-0.0003424510242288,0.0170934682139778,-0.0153299852112746,0,High-Volatility Transition
2022-12-26,0.0046204977167716,0.0170877871035017,-0.0166584635837604,0,High-Volatility Transition
2022-12-27,-0.0119759573539699,0.0172492526174854,-0.0598462110481781,0,High-Volatility Transition
2022-12-28,-0.0098462553654299,0.0171488702420472,-0.070897109973861,0,High-Volatility Transition
2022-12-29,0.0054232979508825,0.0169913723197095,-0.04160835271383,0,High-Volatility Transition
2022-12-30,-0.0023888380529755,0.0148791053132282,-0.0026970103403385,0,High-Volatility Transition
2022-12-31,-0.0033181483870876,0.0147487331387401,-0.0147421464627581,0,High-Volatility Transition
2023-01-01,0.0046885633896178,0.0147099526298619,-0.0079303419407082,0,High-Volatility Transition
2023-01-02,0.0038129515588565,0.0146153012300727,0.0151335683148479,0,High-Volatility Transition
2023-01-03,-0.0005161216628667,0.0143920341878409,-0.0133942496489152,0,High-Volatility Transition
2023-01-04,0.0109941502937851,0.0144595639123814,0.0027175875998104,0,High-Volatility Transition
2023-01-05,-0.0015715814888571,0.0144028682723292,0.0003799406647337,0,High-Volatility Transition
2023-01-06,0.0068441068167415,0.0142213236995663,0.0092287942846778,0,High-Volatility Transition
2023-01-07,0.0001834226481807,0.0135680073404932,0.0063701223190077,0,High-Volatility Transition
2023-01-08,0.0080251123142494,0.0136145366629275,0.014793872781438,0,High-Volatility Transition
2023-01-09,0.0061675305628166,0.0136606695267176,0.016356571787407,0,High-Volatility Transition
2023-01-10,0.014522576515372,0.0139024634232137,0.043614976318445,0,High-Volatility Transition
2023-01-11,0.0280061510201732,0.0147441222239242,0.0835111423510106,0,High-Volatility Transition
2023-01-12,0.0521157959882461,0.0164387192902686,0.1338300895952167,3,Moderate-Volatility Bullish
2023-01-13,0.0551144166026911,0.0190748580612758,0.1991851325871205,3,Moderate-Volatility Bullish
2023-01-14,0.0535784742383091,0.0203095029142497,0.2676418661339199,3,Moderate-Volatility Bullish
2023-01-15,-0.0045527574136173,0.0183377101153296,0.2559818497114852,3,Moderate-Volatility Bullish
2023-01-16,0.0138325160235708,0.0183706189949737,0.2685184394119395,3,Moderate-Volatility Bullish
2023-01-17,-0.0003832509199314,0.0183389379121101,0.2686870754361168,3,Moderate-Volatility Bullish
2023-01-18,-0.022339524368838,0.0185178433475798,0.226856959793041,3,Moderate-Volatility Bullish
2023-01-19,0.0192380456799503,0.0182414229676489,0.2524275820323607,3,Moderate-Volatility Bullish
2023-01-20,0.0753912540413792,0.0218708027232873,0.3376943450521048,3,Moderate-Volatility Bullish
2023-01-21,0.0044571265663226,0.0218259502615788,0.3434102061974426,3,Moderate-Volatility Bullish
2023-01-22,-0.0025116307944748,0.0218364540692532,0.3293677304104625,3,Moderate-Volatility Bullish
2023-01-23,0.009419529327844,0.0217937185007086,0.3336643331990101,3,Moderate-Volatility Bullish
2023-01-24,-0.0129919457039084,0.0221315987730249,0.2974944757918889,3,Moderate-Volatility Bullish
2023-01-25,0.0212661537590752,0.0221971501948125,0.2889876111155942,3,Moderate-Volatility Bullish
2023-01-26,-0.0036803594082767,0.021955414649061,0.2206295907073521,3,Moderate-Volatility Bullish
2023-01-27,0.0019950339114214,0.021672977395776,0.1591774018899119,3,Moderate-Volatility Bullish
2023-01-28,-0.002064180955322,0.0217865246174187,0.0979577490033627,0,High-Volatility Transition
2023-01-29,0.032281432079158,0.0219645407055615,0.1385850992552686,3,Moderate-Volatility Bullish
2023-01-30,-0.0393036709232834,0.0237546728748039,0.078910478711214,0,High-Volatility Transition
2023-01-31,0.0130973167697252,0.0237264043383327,0.0934603807138878,0,High-Volatility Transition
2023-02-01,0.0252594828886516,0.0238144865254421,0.146697296693105,3,Moderate-Volatility Bullish
2023-02-02,-0.0106179769268196,0.0240685398804022,0.1131076749572406,0,High-Volatility Transition
2023-02-03,-0.0009606745041729,0.0241797793453687,0.0340779103553323,0,High-Volatility Transition
2023-02-04,-0.0050097230122172,0.0242510668446318,0.0243318895736495,0,High-Volatility Transition
2023-02-05,-0.0161230969003104,0.0247510984016286,0.0103541237906126,0,High-Volatility Transition
2023-02-06,-0.0085188833332865,0.0249259110162515,-0.0076008975655718,0,High-Volatility Transition
2023-02-07,0.0221519867201869,0.0250175196390263,0.0277349913786795,0,High-Volatility Transition
2023-02-08,-0.0139652903201216,0.0254082742934143,-0.0077196134211712,0,High-Volatility Transition
2023-02-09,-0.0488399631774345,0.0275582261649539,-0.0526961322612424,2,High-Volatility Bearish
2023-02-10,-0.0076930733873835,0.0274280740048209,-0.0618554406456364,0,High-Volatility Transition
2023-02-11,0.0101468543416451,0.0260658670066414,-0.0503760287342568,0,High-Volatility Transition
2023-02-12,-0.0037799985140054,0.0243421001656964,-0.0835499267287505,0,High-Volatility Transition
2023-02-13,0.0009132665684197,0.0224131577353248,-0.0451852383298283,0,High-Volatility Transition
2023-02-14,0.0189243031456558,0.0226022535081059,-0.0396934731107382,0,High-Volatility Transition
2023-02-15,0.0939226611603778,0.0280760892960962,0.0246197074565082,1,Low-Volatility Neutral
2023-02-16,-0.028154173176657,0.0287100000810059,0.006458944624375,0,High-Volatility Transition
2023-02-17,0.0398809645364834,0.0289829687735018,0.0476039044638567,0,High-Volatility Transition
2023-02-18,0.003080558848008,0.0288810799245615,0.0561219885708124,0,High-Volatility Transition
2023-02-19,-0.0127280238459127,0.0258613633720703,0.0597663584043326,0,High-Volatility Transition
2023-02-20,0.020614650916729,0.0260674673811445,0.0909063760815076,0,High-Volatility Transition
2023-02-21,-0.0158199111364509,0.0262803936751068,0.0503803231834061,0,High-Volatility Transition
2023-02-22,-0.0101287520442335,0.0263517455601884,0.0544672222292228,0,High-Volatility Transition
2023-02-23,-0.0099778048506349,0.0262978908937154,0.0975502687768745,0,High-Volatility Transition
2023-02-24,-0.0312920128967053,0.0267314250358553,0.0714484431152093,0,High-Volatility Transition
2023-02-25,-0.0009807668166905,0.0267215706360722,0.059645533157681,0,High-Volatility Transition
2023-02-26,0.0166486147743025,0.026882459711001,0.0813747584164308,0,High-Volatility Transition
2023-02-27,-0.001627326956935,0.0268808429192266,0.0786299314654064,0,High-Volatility Transition
2023-02-28,-0.0159639347011842,0.02638637167394,0.0416973571009431,0,High-Volatility Transition
2023-03-01,0.0215660621974789,0.0256341261624981,-0.0272048428301855,0,High-Volatility Transition
2023-03-02,-0.0072350503021632,0.0255847788310953,-0.0062652854818089,0,High-Volatility Transition
2023-03-03,-0.0474021291675925,0.026607328301995,-0.0896750632951246,2,High-Volatility Bearish
2023-03-04,-0.0004172164631153,0.026553662608482,-0.0928493966630876,0,High-Volatility Transition
2023-03-05,0.0036756935285233,0.0265691466439873,-0.0777769116006074,0,High-Volatility Transition
2023-03-06,-0.0002565512632864,0.0265594310699959,-0.0966360417490657,0,High-Volatility Transition
2023-03-07,-0.0093620396174306,0.0264549778229853,-0.0907084595480942,0,High-Volatility Transition
2023-03-08,-0.0225785174062863,0.0267204811526827,-0.1021447613375484,0,High-Volatility Transition
2023-03-09,-0.0623931115860858,0.0285649550767074,-0.1496804206077162,2,High-Volatility Bearish
2023-03-10,-0.0086321837790565,0.028517616831111,-0.1297899101329992,0,High-Volatility Transition
2023-03-11,0.022051846825845,0.0275840439389845,-0.1097270203286894,0,High-Volatility Transition
2023-03-12,0.0742297700996441,0.0308155923736084,-0.0593035544630629,1,Low-Volatility Neutral
2023-03-13,0.0917518788869382,0.0349536649703271,0.0286811123814838,1,Low-Volatility Neutral
2023-03-14,0.0226692948830899,0.0350852597924633,0.0690671053192248,3,Moderate-Volatility Bullish
2023-03-15,-0.0149564443223711,0.0352655642052758,0.0308463658398912,0,High-Volatility Transition
2023-03-16,0.0277662130627542,0.0354285402339173,0.0671902407425171,3,Moderate-Volatility Bullish
2023-03-17,0.0946457745317153,0.0354915973620667,0.2263257387185611,3,Moderate-Volatility Bullish
2023-03-18,-0.016702594648891,0.0351871982992336,0.2063462245023226,3,Moderate-Volatility Bullish
2023-03-19,0.0397834937525938,0.035183871235921,0.2497452116016887,3,Moderate-Volatility Bullish
2023-03-20,-0.0096808941778383,0.0352848898256539,0.2379641617285073,3,Moderate-Volatility Bullish
2023-03-21,0.0147144668377081,0.0351763822671327,0.2680516945337072,3,Moderate-Volatility Bullish
2023-03-22,-0.0308200086815363,0.0356638867880368,0.2573596469747223,3,Moderate-Volatility Bullish
2023-03-23,0.0375917790254027,0.0359836649276371,0.3914424574953814,3,Moderate-Volatility Bullish
2023-03-24,-0.0296706540307385,0.0364512362582753,0.3619137394252965,3,Moderate-Volatility Bullish
2023-03-25,5.17171735541222e-05,0.0363558999902455,0.3325979283579365,3,Moderate-Volatility Bullish
2023-03-26,0.0181716083138161,0.0357587500143016,0.2630569490044978,3,Moderate-Volatility Bullish
2023-03-27,-0.0305219451176532,0.0363841821545337,0.1215973315978344,3,Moderate-Volatility Bullish
2023-03-28,0.0047252289443948,0.0363278361374694,0.1019174442915897,3,Moderate-Volatility Bullish
2023-03-29,0.0396180637553154,0.0368256362244178,0.1629671330264863,3,Moderate-Volatility Bullish
2023-03-30,-0.0111074503792854,0.0367323063212559,0.1189797044178901,3,Moderate-Volatility Bullish
2023-03-31,0.0158710429685844,0.0366693220104876,0.0384538138595313,1,Low-Volatility Neutral
2023-04-01,-0.0023684272611504,0.0366155756899698,0.0535920321760789,0,High-Volatility Transition
2023-04-02,-0.007452264985615,0.0352699908151914,0.0057289728571068,0,High-Volatility Transition
2023-04-03,-0.0145070184705049,0.0354838772941099,0.000827751625275,0,High-Volatility Transition
2023-04-04,0.0135971982612757,0.0354896054949823,-0.0002742267478107,0,High-Volatility Transition
2023-04-05,0.0003512673846499,0.035484779926601,0.0318794788049958,0,High-Volatility Transition
2023-04-06,-0.004749940528704,0.0354158681946462,-0.0102291349951616,0,High-Volatility Transition
2023-04-07,-0.0042176813895504,0.0350188137129675,0.0157338134126785,0,High-Volatility Transition
2023-04-08,0.0007854922772632,0.0323778621758327,0.0164790950530961,0,High-Volatility Transition
2023-04-09,0.0137848392136818,0.0321647527836887,0.0120996181076566,0,High-Volatility Transition
2023-04-10,0.0465862182541065,0.0327399288606728,0.092597719440143,3,Moderate-Volatility Bullish
2023-04-11,0.0196296667585718,0.0306504555221163,0.1088056878440184,3,Moderate-Volatility Bullish
2023-04-12,-0.0031753158035832,0.0266485894643429,0.0631643659862803,0,High-Volatility Transition
2023-04-13,0.0086271348395248,0.0264991408885363,0.0843811380109109,0,High-Volatility Transition
2023-04-14,0.0028498510889198,0.0261830009601481,0.0704818001309102,0,High-Volatility Transition
2023-04-15,-0.0054846413001793,0.0260121369180074,0.0671380302410553,0,High-Volatility Transition
2023-04-16,-0.0001035877568033,0.02002965116588,0.0750389630286536,0,High-Volatility Transition
2023-04-17,-0.0287085713961738,0.0205609313920193,0.0595469980763383,0,High-Volatility Transition
2023-04-18,0.032348662229154,0.0201446050878593,0.0791485295237255,0,High-Volatility Transition
2023-04-19,-0.0518092051895368,0.0223940145990537,0.0228793977567816,2,High-Volatility Bearish
2023-04-20,-0.020008250880993,0.0225832941796626,0.0071974983633502,0,High-Volatility Transition
2023-04-21,-0.0343085225183388,0.0227575263144183,-0.023238290003385,0,High-Volatility Transition
2023-04-22,0.0198185879798462,0.0219685739387862,-0.0046620823660408,0,High-Volatility Transition
2023-04-23,-0.0081285246472544,0.021320642620316,-0.0261767086555964,0,High-Volatility Transition
2023-04-24,-0.0023936791297725,0.0213264520425038,-0.0717513245335398,0,High-Volatility Transition
2023-04-25,0.0284195514729537,0.021702056045765,-0.063749204636846,0,High-Volatility Transition
2023-04-26,0.0040661703978821,0.0208954978692802,-0.0569477606886569,0,High-Volatility Transition
2023-04-27,0.0369805083318428,0.0218612943595769,-0.0304377537293304,0,High-Volatility Transition
2023-04-28,-0.0045303099370805,0.0207573429765277,-0.0375729449989294,0,High-Volatility Transition
2023-04-29,-0.0031279011203009,0.0206429463777984,-0.0352922456704762,0,High-Volatility Transition
2023-04-30,0.0006946806679244,0.0204669079059511,-0.0345220701503505,0,High-Volatility Transition
2023-05-01,-0.0402216016424802,0.0218117287946886,-0.0459661911228564,0,High-Volatility Transition
2023-05-02,0.0209660330268972,0.0220987001773406,-0.0564853243287022,0,High-Volatility Transition
2023-05-03,0.0113586256468158,0.0219851431023731,0.0063709866064132,0,High-Volatility Transition
2023-05-04,-0.005467695268338,0.0219036791425814,0.0213029422181496,0,High-Volatility Transition
2023-05-05,0.0238034078202153,0.0222937320471656,0.082761375699943,0,High-Volatility Transition
2023-05-06,-0.021323001096775,0.0226641398874553,0.0390805445088522,0,High-Volatility Transition
2023-05-07,-0.0155561458290186,0.0228523438447091,0.0312993986106822,0,High-Volatility Transition
2023-05-08,-0.0267336374092599,0.0234019370583994,0.0061373844867662,0,High-Volatility Transition
2023-05-09,-0.0012817829272578,0.0232562722304723,-0.0229204284130323,0,High-Volatility Transition
2023-05-10,-0.0013384371045779,0.0214861040079534,-0.0281797745983607,0,High-Volatility Transition
2023-05-11,-0.0224810761501332,0.0213903233433801,-0.0839049979460695,0,High-Volatility Transition
2023-05-12,-0.0072515965245228,0.0214008603658218,-0.086409300253611,0,High-Volatility Transition
2023-05-13,-0.0007801573211611,0.0212829449182247,-0.084257693339653,0,High-Volatility Transition
2023-05-14,0.0054719279936015,0.0213173634638277,-0.0798860027830663,0,High-Volatility Transition
2023-05-15,0.0097307268012798,0.0214589825486449,-0.0319980354425465,0,High-Volatility Transition
2023-05-16,-0.0057384153414947,0.0214538261386254,-0.0573171524815221,0,High-Volatility Transition
2023-05-17,0.0133948672826562,0.0211282682946565,-0.0554191807681923,0,High-Volatility Transition
2023-05-18,-0.0206795076227598,0.0203435033245245,-0.0698669630145589,0,High-Volatility Transition
2023-05-19,0.0021585968530852,0.0182430419470664,-0.0895314353205232,0,High-Volatility Transition
2023-05-20,0.0089050161152013,0.0180295287024349,-0.0614101455845453,0,High-Volatility Transition
2023-05-21,-0.0138505529163128,0.0170962614926721,-0.0597839967728626,0,High-Volatility Transition
2023-05-22,0.0036425134576618,0.0166833092424027,-0.0304393648619256,0,High-Volatility Transition
2023-05-23,0.0139453037543169,0.0168460127880453,-0.0156568330307126,0,High-Volatility Transition
2023-05-24,-0.0327230276510641,0.0178553800096249,-0.0465914443148336,0,High-Volatility Transition
2023-05-25,0.0053688873014257,0.0170073959827527,-0.0194283963344821,0,High-Volatility Transition
2023-05-26,0.0091812238848294,0.0170966109043431,-0.0031971367271792,0,High-Volatility Transition
2023-05-27,0.0055788344051805,0.0155218301032622,0.0031464734470862,0,High-Volatility Transition
2023-05-28,0.0453058267244435,0.0178417420011265,0.0428882443737299,0,High-Volatility Transition
2023-05-29,-0.0120973437068298,0.017948235858703,0.0203433841193696,0,High-Volatility Transition
2023-05-30,-0.0015690671469931,0.0179430112027986,0.024622104037741,0,High-Volatility Transition
2023-05-31,-0.0174242045550767,0.0166935030552145,-0.0065384072795722,0,High-Volatility Transition
2023-06-01,-0.0146837092476463,0.0163473841555807,-0.0004560313365226,0,High-Volatility Transition
2023-06-02,0.0160185542694759,0.0165011359806361,0.0133677655006128,0,High-Volatility Transition
2023-06-03,-0.0064023326039167,0.0165088887017155,-0.0020072931218138,0,High-Volatility Transition
2023-06-04,0.001622799291266,0.0157956161789727,0.0136518878469413,0,High-Volatility Transition
2023-06-05,-0.0501111922380486,0.0177217892521418,-0.0406379061052001,0,High-Volatility Transition
2023-06-06,0.0574021716302086,0.0207781712268052,0.0004795699609716,0,High-Volatility Transition
2023-06-07,-0.0327762495700458,0.0210611129087982,0.000424521154748,0,High-Volatility Transition
2023-06-08,0.0061572444403654,0.021106888827622,0.0012090011831082,0,High-Volatility Transition
2023-06-09,-0.0010503081775867,0.0211068895671547,-0.0089417049084605,0,High-Volatility Transition
2023-06-10,-0.0237585293118016,0.0211525608685961,-0.0378554376492965,0,High-Volatility Transition
2023-06-11,0.0034399794195076,0.0211377358920631,-0.0763905689982462,0,High-Volatility Transition
2023-06-12,-0.0014521096700444,0.021137985377763,-0.0664381324004059,0,High-Volatility Transition
2023-06-13,0.0006265231396582,0.0211061088697041,-0.0643851918303127,0,High-Volatility Transition
2023-06-14,-0.0306362533909141,0.0216734899200339,-0.0769657872351418,0,High-Volatility Transition
2023-06-15,0.0179790877276557,0.0219782020662675,-0.0463676134550495,0,High-Volatility Transition
2023-06-16,0.029365685552642,0.0225405714618064,-0.0338400305623866,0,High-Volatility Transition
2023-06-17,0.0069590029007406,0.02227529902132,-0.0208476615921006,0,High-Volatility Transition
2023-06-18,-0.0065808541458755,0.0223010280899157,-0.02886727381753,0,High-Volatility Transition
2023-06-19,0.0195478525476706,0.0225384307409592,0.0423496702218562,0,High-Volatility Transition
2023-06-20,0.0549870534961889,0.0245081820519351,0.0399689321658134,0,High-Volatility Transition
2023-06-21,0.0600056234027324,0.0266864992156627,0.1397289569966264,3,Moderate-Volatility Bullish
2023-06-22,-0.0038303689299371,0.0266570942664193,0.1284154448867454,0,High-Volatility Transition
2023-06-23,0.0261828074379983,0.0260611449989832,0.1591780233474791,3,Moderate-Volatility Bullish
2023-06-24,-0.0047815994828226,0.0261279759578764,0.1817110140765581,3,Moderate-Volatility Bullish
2023-06-25,-0.0022401478377375,0.0261497628343039,0.1750217560452742,3,Moderate-Volatility Bullish
2023-06-26,-0.0068611897530509,0.0262342720830602,0.1686567265466654,3,Moderate-Volatility Bullish
2023-06-27,0.0137765980749888,0.0251442666726217,0.1840150277433465,3,Moderate-Volatility Bullish
2023-06-28,-0.0196140103892863,0.0253392751104726,0.1974779836244777,3,Moderate-Volatility Bullish
2023-06-29,0.0119358682246701,0.0253750569116176,0.1903691712802195,3,Moderate-Volatility Bullish
2023-06-30,0.0010477918298796,0.0250731358790105,0.1576220648278914,3,Moderate-Volatility Bullish
2023-07-01,0.0037019798257575,0.0248222319135586,0.1538777199574523,3,Moderate-Volatility Bullish
2023-07-02,0.0010033124506771,0.0247371383719789,0.1626868926986153,3,Moderate-Volatility Bullish
2023-07-03,0.017493679292688,0.0247690689155088,0.1603443245563429,3,Moderate-Volatility Bullish
2023-07-04,-0.0121598433108826,0.0249606577109572,0.0864917399549933,0,High-Volatility Transition
2023-07-05,-0.0085586975402272,0.0228914137932134,0.0162142181046724,0,High-Volatility Transition
2023-07-06,-0.0198212241714321,0.0211793821563746,-9.839969577718488e-05,0,High-Volatility Transition
2023-07-07,0.0144746679434417,0.0201322754449983,-0.0115066861456546,0,High-Volatility Transition
2023-07-08,-0.0016387902600796,0.0201659260349532,-0.0083851141351423,0,High-Volatility Transition
2023-07-09,-0.0040045052860514,0.0202019094658531,-0.0101386053243729,0,High-Volatility Transition
2023-07-10,0.0080618620074273,0.0194868803854675,0.0047351995013298,0,High-Volatility Transition
2023-07-11,0.0067888891036589,0.019483590928051,-0.0021901893670834,0,High-Volatility Transition
2023-07-12,-0.0074884900280502,0.0195911428480923,0.0101508307042812,0,High-Volatility Transition
2023-07-13,0.0356809343747637,0.02032075810175,0.0338540109648306,0,High-Volatility Transition
2023-07-14,-0.0362809345920698,0.0207008927868496,-0.0046980480382621,0,High-Volatility Transition
2023-07-15,-0.0012613447789694,0.0206310616842293,-0.0096198343519268,0,High-Volatility Transition
2023-07-16,-0.00154060357853,0.0201837942455374,-0.0121367530744361,0,High-Volatility Transition
2023-07-17,-0.0034131272874816,0.0202348882805615,-0.0324347325621201,0,High-Volatility Transition
2023-07-18,-0.0095975333493794,0.0202991798615647,-0.0299250126379272,0,High-Volatility Transition
2023-07-19,0.0019212301525,0.0200993227821305,-0.0196709353679416,0,High-Volatility Transition
2023-07-20,-0.0040752996439197,0.0176566966132449,-0.0039225965500818,0,High-Volatility Transition
2023-07-21,0.0039181140710413,0.0138416339303171,-0.0142877097489321,0,High-Volatility Transition
2023-07-22,-0.0045786411360546,0.0138493729073959,-0.0171903136478844,0,High-Volatility Transition
2023-07-23,0.0105044471413182,0.0131003337970009,-0.0028734426779646,0,High-Volatility Transition
2023-07-24,-0.030169086020877,0.0141579396059634,-0.0406896670857679,0,High-Volatility Transition
2023-07-25,0.0017299501204297,0.0141686867263894,-0.0455100345855673,0,High-Volatility Transition
2023-07-26,0.0043651529788248,0.0141650162598403,-0.034110485875057,0,High-Volatility Transition
2023-07-27,-0.0049151196567127,0.0139046774070882,-0.0719708940397824,0,High-Volatility Transition
2023-07-28,0.0037163327075591,0.0135062275812925,-0.0334548684206205,0,High-Volatility Transition
2023-07-29,0.0012848855280773,0.0132990632626485,-0.0309907137648549,0,High-Volatility Transition
2023-07-30,-0.0027799026821164,0.0132958399202322,-0.0321934590583562,0,High-Volatility Transition
2023-07-31,-0.0015438698273756,0.0132628600114417,-0.0303781836958877,0,High-Volatility Transition
2023-08-01,0.0152452752829999,0.0136034570664102,-0.0060566275211688,0,High-Volatility Transition
2023-08-02,-0.0176498908284369,0.0134725564906746,-0.0254719122816513,0,High-Volatility Transition
2023-08-03,0.0009166006009861,0.0133476947529106,-0.0205872588555343,0,High-Volatility Transition
2023-08-04,-0.0035843942133476,0.0132902031928654,-0.0279066329173043,0,High-Volatility Transition
2023-08-05,-0.0010994270766331,0.012833122346012,-0.0245089552607946,0,High-Volatility Transition
2023-08-06,-9.347950838400898e-06,0.0125029508479185,-0.034658453353194,0,High-Volatility Transition
2023-08-07,0.0047766457759308,0.0125531921132828,0.000125513929335,0,High-Volatility Transition
2023-08-08,0.0200446358531494,0.013120941195679,0.0184108656637902,0,High-Volatility Transition
2023-08-09,-0.0068535082702468,0.0130730116457779,0.007035315167668,0,High-Volatility Transition
2023-08-10,-0.0044619647140478,0.0130070856648746,0.0074939122577464,0,High-Volatility Transition
2023-08-11,-0.0010831598801986,0.0129534400649794,0.002676356334303,0,High-Volatility Transition
2023-08-12,0.0006207965516027,0.0109548690757242,0.0020113444831932,0,High-Volatility Transition
2023-08-13,-0.0045230806453818,0.0088866858758701,0.0002597912409922,0,High-Volatility Transition
2023-08-14,0.0042867761250493,0.0089415588387356,0.0061009699637513,0,High-Volatility Transition
2023-08-15,-0.008096168172366,0.0090360552915332,-0.0170302373144618,0,High-Volatility Transition
2023-08-16,-0.0160631736342917,0.0094308685768925,-0.0154425192400033,0,High-Volatility Transition
2023-08-17,-0.070979171519405,0.0157613973824294,-0.0861632168821895,2,High-Volatility Bearish
2023-08-18,-0.0230641103114871,0.016113709069681,-0.1040285343177973,0,High-Volatility Transition
2023-08-19,0.0017907574452629,0.0161542126025911,-0.1014361613305671,0,High-Volatility Transition
2023-08-20,0.0035782561476065,0.0161483868530219,-0.0982124398850528,0,High-Volatility Transition
2023-08-21,-0.0024988315741878,0.0161515533130808,-0.1047421845758924,0,High-Volatility Transition
2023-08-22,-0.0035401882238949,0.0159118976390171,-0.1254417670630027,0,High-Volatility Transition
2023-08-23,0.0153653064237893,0.0155651631864929,-0.1058760257765113,0,High-Volatility Transition
2023-08-24,-0.0101873198847262,0.0155879202778365,-0.1110181470592783,0,High-Volatility Transition
2023-08-25,-0.0043843529759125,0.0155161226999141,-0.1139560300113675,0,High-Volatility Transition
2023-08-26,-0.0015051281432193,0.0155205887105203,-0.1158385241220123,0,High-Volatility Transition
2023-08-27,0.0031232321991347,0.0155111346937312,-0.1090472313072923,0,High-Volatility Transition
2023-08-28,0.0006307866874213,0.0155042534121834,-0.1122906414459123,0,High-Volatility Transition
2023-08-29,0.0621019247664413,0.019626454489616,-0.0494665025980872,0,High-Volatility Transition
2023-08-30,-0.0155127083050838,0.0197895724026327,-0.0489347248248097,0,High-Volatility Transition
2023-08-31,-0.0500340578984273,0.0213457844107819,-0.0274926111080591,2,High-Volatility Bearish
2023-09-01,-0.0050420602257421,0.0211967270941706,-0.009552255905267,0,High-Volatility Transition
2023-09-02,0.0026384615075991,0.0212123843584717,-0.0087141501731461,0,High-Volatility Transition
2023-09-03,0.0038953327054152,0.021258736064685,-0.0084009573522154,0,High-Volatility Transition
2023-09-04,-0.0060513290120692,0.0212583881435902,-0.0119324349784233,0,High-Volatility Transition
2023-09-05,-0.0012565113521479,0.0212521380254808,-0.0096679913758849,0,High-Volatility Transition
2023-09-06,-0.0010374752516241,0.0211982097555898,-0.025666371092884,0,High-Volatility Transition
2023-09-07,0.018908652030005,0.0211548654694099,0.0029745874155056,0,High-Volatility Transition
2023-09-08,-0.0127491816139658,0.0212098462501598,-0.0054520685707978,0,High-Volatility Transition
2023-09-09,-0.0003851113886439,0.0212209752646745,-0.004336479119289,0,High-Volatility Transition
2023-09-10,-0.002450261102484,0.021215884927258,-0.0098685252190778,0,High-Volatility Transition
2023-09-11,-0.025920036896742,0.0215635974706109,-0.0361407591556975,0,High-Volatility Transition
2023-09-12,0.0266541615686504,0.0223235387864032,-0.0683096624678396,0,High-Volatility Transition
2023-09-13,0.0152895603671128,0.0225523348564913,-0.0391592850703338,0,High-Volatility Transition
2023-09-14,0.011870739692642,0.0227079223951949,0.023454170148274,0,High-Volatility Transition
2023-09-15,0.0026006171627044,0.0225900399364914,0.0313157386946572,0,High-Volatility Transition
2023-09-16,-0.0015187558753523,0.0184932495761523,0.0270396173599878,0,High-Volatility Transition
2023-09-17,-0.0012832501161511,0.0179750645326268,0.0217416450054444,0,High-Volatility Transition
2023-09-18,0.0082947235523982,0.0180269517313705,0.0364888445081956,0,High-Volatility Transition
2023-09-19,0.0170752461346723,0.0182607708023306,0.0555134112275672,0,High-Volatility Transition
2023-09-20,-0.0029072446550022,0.0182639577280832,0.053537794893345,0,High-Volatility Transition
2023-09-21,-0.0208010776017831,0.0186925490865203,0.0124784703810501,0,High-Volatility Transition
2023-09-22,0.000449251424063,0.0184903552233032,0.0260141687516186,0,High-Volatility Transition
2023-09-23,-6.686879658768241e-06,0.0183834037696494,0.0264025872440252,0,High-Volatility Transition
2023-09-24,-0.0121358859454664,0.0185112094905389,0.0164368181096468,0,High-Volatility Transition
2023-09-25,0.001586417817688,0.0185086634096983,0.0451393624247367,0,High-Volatility Transition
2023-09-26,-0.0030887894396227,0.0185134483114807,0.0148608811044834,0,High-Volatility Transition
2023-09-27,0.005167086436411,0.0185345268218972,0.0047426811216584,0,High-Volatility Transition
2023-09-28,0.0253799288809688,0.0152451330986197,0.018156705692605,0,High-Volatility Transition
2023-09-29,-0.0040643924784561,0.0150041238279675,0.0113882835078495,0,High-Volatility Transition
2023-09-30,0.0020881352448591,0.0117104960379763,0.0150417997259419,0,High-Volatility Transition
2023-10-01,0.0376682419133327,0.0133807536811944,0.0546299938522707,0,High-Volatility Transition
2023-10-02,-0.0161867099209362,0.0138225657829175,0.0290235382888486,0,High-Volatility Transition
2023-10-03,-0.0036615970105057,0.0138588403754305,0.008043084986806,0,High-Volatility Transition
2023-10-04,0.0134676013477212,0.0139298175770169,0.0245977637689802,0,High-Volatility Transition
2023-10-05,-0.0137946321616435,0.01423331399529,0.0319290507687191,0,High-Volatility Transition
2023-10-06,0.0193568444762239,0.0145591163560527,0.0514315837786292,0,High-Volatility Transition
2023-10-07,0.0007958817661306,0.0142414540395433,0.0522754354436971,0,High-Volatility Transition
2023-10-08,-0.0012067000343434,0.013976371013513,0.0639172328326822,0,High-Volatility Transition
2023-10-09,-0.0125795947441215,0.014241334667396,0.0488696397174801,0,High-Volatility Transition
2023-10-10,-0.0069845002171304,0.0143163031601367,0.0447708867730216,0,High-Volatility Transition
2023-10-11,-0.0189003267351682,0.0138944807794199,0.0197552123235633,0,High-Volatility Transition
2023-10-12,-0.0043359541366684,0.0131526355936869,-0.0097976643639132,0,High-Volatility Transition
2023-10-13,0.0039457699163931,0.0128957796832177,-0.0018336138245991,0,High-Volatility Transition
2023-10-14,-2.486633255627257e-05,0.0127278563959081,-0.0039383460076583,0,High-Volatility Transition
2023-10-15,0.0110918234702426,0.0128702609703898,-0.0294491501764416,0,High-Volatility Transition
2023-10-16,0.050067446958242,0.0156917463908858,0.035911857762638,0,High-Volatility Transition
2023-10-17,-0.0036367703063566,0.0157170846623663,0.035937670555902,0,High-Volatility Transition
2023-10-18,-0.0030759792019486,0.0157072293217036,0.0190272944624889,0,High-Volatility Transition
2023-10-19,0.0138188407410837,0.0156105903409668,0.0475597720786435,0,High-Volatility Transition
2023-10-20,0.0335358308702053,0.0166083458365677,0.0621310537997343,0,High-Volatility Transition
2023-10-21,0.0079325975626527,0.015997907950055,0.0697051531817705,0,High-Volatility Transition
2023-10-22,0.0025230073950464,0.0159861148286326,0.0736996606111013,0,High-Volatility Transition
2023-10-23,0.1030989052134629,0.024089420532127,0.1994859675208455,3,Moderate-Volatility Bullish
2023-10-24,0.0246414554013447,0.0239862741065636,0.2376876773452065,3,Moderate-Volatility Bullish
2023-10-25,0.017736456610143,0.0239995376841269,0.2839061162252874,3,Moderate-Volatility Bullish
2023-10-26,-0.0100331471996967,0.0241567148067747,0.2765596010534998,3,Moderate-Volatility Bullish
2023-10-27,-0.0072269285056373,0.0243321314477802,0.2623530414287642,3,Moderate-Volatility Bullish
2023-10-28,0.0053015185391298,0.0241332522595057,0.2690769867712184,3,Moderate-Volatility Bullish
2023-10-29,0.0131684322930936,0.0240399851900526,0.2716834527779963,3,Moderate-Volatility Bullish
2023-10-30,-0.0010457086417764,0.0240761272430844,0.2097829011666716,3,Moderate-Volatility Bullish
2023-10-31,0.0047943953114624,0.0234433002307334,0.2200200111857537,3,Moderate-Volatility Bullish
2023-11-01,0.0221956130016252,0.0231561708240767,0.2509469901326595,3,Moderate-Volatility Bullish
2023-11-02,-0.0140815572242178,0.0234245571384843,0.2165208012953277,3,Moderate-Volatility Bullish
2023-11-03,-0.0058937701457594,0.0235451475467577,0.1701102866426234,3,Moderate-Volatility Bullish
2023-11-04,0.0100733567827611,0.023194214552724,0.1725954968548253,3,Moderate-Volatility Bullish
2023-11-05,-0.0009360829177728,0.0231626101437985,0.168549590981238,3,Moderate-Volatility Bullish
2023-11-06,-0.0003419285416157,0.0231754451900308,0.0589712536227537,0,High-Volatility Transition
2023-11-07,0.0115930902796088,0.0231219146183335,0.0454857133902637,0,High-Volatility Transition
2023-11-08,0.0059732946920896,0.0227923436107032,0.033401821092071,0,High-Volatility Transition
2023-11-09,0.0291078273278926,0.0228810477750898,0.0742601127022535,0,High-Volatility Transition
2023-11-10,0.0169198930317326,0.0222447726077892,0.1003889108847932,0,High-Volatility Transition
2023-11-11,-0.0047145338500075,0.0222540127844514,0.0894254807331467,0,High-Volatility Transition
2023-11-12,-0.0022492093215127,0.0223523349884415,0.0728474162254035,0,High-Volatility Transition
2023-11-13,-0.0149013958212123,0.0227667693543495,0.0579668172639895,0,High-Volatility Transition
2023-11-14,-0.0264288381218549,0.0237436035060555,0.0250912906345859,0,High-Volatility Transition
2023-11-15,0.0659284455874031,0.02483501353962,0.0689480096698202,3,Moderate-Volatility Bullish
2023-11-16,-0.0455592920556572,0.026724299448352,0.0348193631843689,2,High-Volatility Bearish
2023-11-17,0.0122228427460457,0.0266437026178347,0.0536779330763454,0,High-Volatility Transition
2023-11-18,-0.0003000399946588,0.0266785883200768,0.0428567197436555,0,High-Volatility Transition
2023-11-19,0.021889527372586,0.0263838407575244,0.066682864063901,0,High-Volatility Transition
2023-11-20,0.0024182537251242,0.0264038611552197,0.0696281102532596,0,High-Volatility Transition
2023-11-21,-0.0443777900607883,0.0280670158839093,0.0104461846915078,2,High-Volatility Bearish
2023-11-22,0.0451928245212653,0.0226485239021064,0.0498400975223798,0,High-Volatility Transition
2023-11-23,-0.0038127124992917,0.0223642939820006,0.0162563448534296,0,High-Volatility Transition
2023-11-24,0.0115490622757274,0.0222559853278964,0.0108890186064702,0,High-Volatility Transition
2023-11-25,0.0020283973558654,0.0221169326698426,0.0177376618762281,0,High-Volatility Transition
2023-11-26,-0.0084047309321361,0.0221378796858154,0.0114588333048526,0,High-Volatility Transition
2023-11-27,-0.0060020917896475,0.0222036119769936,0.0205962735923612,0,High-Volatility Transition
2023-11-28,0.0154859979488453,0.0222434859622666,0.0645356661884473,0,High-Volatility Transition
2023-11-29,0.0007244373065387,0.0222339683687695,-0.0005831442540079,0,High-Volatility Transition
2023-11-30,-0.0038497596002547,0.0222704042823144,0.0430918681739453,0,High-Volatility Transition
2023-12-01,0.0258799479577476,0.0223894743925413,0.0571654642118251,0,High-Volatility Transition
2023-12-02,0.0203568745759425,0.0223572332048226,0.0790097950659516,0,High-Volatility Transition
2023-12-03,0.0127179646111132,0.0223222661705439,0.0693255720745138,0,High-Volatility Transition
2023-12-04,0.0500697251679325,0.0237858869902939,0.1201575843322892,3,Moderate-Volatility Bullish
2023-12-05,0.0500368245555349,0.0250406646583941,0.230828145914373,3,Moderate-Volatility Bullish
2023-12-06,-0.0075816290559757,0.0251581584402305,0.1686804911236199,3,Moderate-Volatility Bullish
2023-12-07,-0.0103729856622278,0.0253606982769537,0.1609842844382281,3,Moderate-Volatility Bullish
2023-12-08,0.0201867341482688,0.0254734055798031,0.1708979917136752,3,Moderate-Volatility Bullish
2023-12-09,-0.0099762529131086,0.0253277498853676,0.1568702247080113,3,Moderate-Volatility Bullish
2023-12-10,0.0012284421841561,0.0252600129185708,0.1681090148629627,3,Moderate-Volatility Bullish
2023-12-11,-0.0579233579205116,0.027757165697376,0.1070930926667497,2,High-Volatility Bearish
2023-12-12,0.0050041573451182,0.027733583651971,0.095665684160616,0,High-Volatility Transition
2023-12-13,0.0347529986315475,0.0280395927853452,0.1329226207709755,3,Moderate-Volatility Bullish
2023-12-14,0.0031062756659134,0.0273808569621397,0.1408337263294705,3,Moderate-Volatility Bullish
2023-12-15,-0.0254326780209833,0.0255948282159584,0.0837713240283029,0,High-Volatility Transition
2023-12-16,0.0074018880907409,0.0238461887321206,0.0700111944053503,0,High-Volatility Transition
2023-12-17,-0.0207256320126656,0.0242794549366199,0.0346755688717772,0,High-Volatility Transition
2023-12-18,0.0304335845227197,0.0247197619608996,0.0153272965565434,0,High-Volatility Transition
2023-12-19,-0.0082820837151126,0.0246393935024027,-0.0410638490564967,0,High-Volatility Transition
2023-12-20,0.0326876134052842,0.0251697340830482,-0.002153210662652,0,High-Volatility Transition
2023-12-21,0.0049688697318006,0.023350996375779,0.0133160731438874,0,High-Volatility Transition
2023-12-22,0.0029348640929083,0.0222177252851951,-0.0038196105831523,0,High-Volatility Transition
2023-12-23,-0.005872083923035,0.0222510936218395,0.0003100809265657,0,High-Volatility Transition
2023-12-24,-0.0165393996404319,0.0225794079571883,-0.0174414636207225,0,High-Volatility Transition
2023-12-25,0.0138790638610564,0.0226358297835705,0.0574463738469985,0,High-Volatility Transition
2023-12-26,-0.0250552532009955,0.023174320595625,0.0258184303706903,0,High-Volatility Transition
2023-12-27,0.0216943649202225,0.0232939277446206,0.0128725513500418,0,High-Volatility Transition
2023-12-28,-0.018760276947869,0.023619370320651,-0.0092068947390068,0,High-Volatility Transition
2023-12-29,-0.0123968967987939,0.0238077679387796,0.0040459220396313,0,High-Volatility Transition
2023-12-30,0.0013658151137276,0.0237688476590636,-0.001970042918693,0,High-Volatility Transition
2023-12-31,0.0025686222238776,0.0234069382322437,0.0217703553965615,0,High-Volatility Transition
2024-01-01,0.0450049945064126,0.0244391741585135,0.0362192582480374,0,High-Volatility Transition
2024-01-02,0.0179009390513014,0.0245208377675342,0.0635771913701321,0,High-Volatility Transition
2024-01-03,-0.0469281203624218,0.0246599588093075,-0.018419994816991,2,High-Volatility Bearish
2024-01-04,0.0310805785653249,0.0235786825196892,0.0070840103956162,0,High-Volatility Transition
2024-01-05,-0.0003900067727314,0.0235318251884045,0.0037453845233921,0,High-Volatility Transition
2024-01-06,-0.0039285670375933,0.0234576432909937,0.0057077035287809,0,High-Volatility Transition
2024-01-07,-0.0010479313368322,0.0231710979029201,0.021549608131981,0,High-Volatility Transition
2024-01-08,0.0688937833577922,0.0262580618641227,0.0769805437796307,3,Moderate-Volatility Bullish
2024-01-09,-0.0176871306119723,0.0265209215778973,0.0851197995668071,0,High-Volatility Transition
2024-01-10,0.0105775840049726,0.024005316509321,0.0733129035979467,0,High-Volatility Transition
2024-01-11,-0.0055587338924432,0.0240731194078832,0.0877531939530076,0,High-Volatility Transition
2024-01-12,-0.075814646870802,0.0274350838008292,0.017904425788408,2,High-Volatility Bearish
2024-01-13,-0.0002516769882185,0.0274302411851033,0.0162602191015019,0,High-Volatility Transition
2024-01-14,-0.0244177193838242,0.0273981125601296,-0.0110946619780167,0,High-Volatility Transition
2024-01-15,0.0171235190790146,0.0275426335185544,-0.037479358727821,0,High-Volatility Transition
2024-01-16,0.0151246009395882,0.0273634154314,-0.0401046463537123,0,High-Volatility Transition
2024-01-17,-0.0095537826722856,0.0268891858497402,-0.0024627288227793,0,High-Volatility Transition
2024-01-18,-0.0346397256326677,0.0276052147110655,-0.0660450077187919,2,High-Volatility Bearish
2024-01-19,0.0086362064423022,0.0269516212096753,-0.0576116417553738,0,High-Volatility Transition
2024-01-20,0.0011336255217606,0.0269302605207047,-0.0528222750721635,0,High-Volatility Transition
2024-01-21,-0.0028752933279206,0.0269191677749334,-0.054554927346116,0,High-Volatility Transition
2024-01-22,-0.0490643746672181,0.0282785914580814,-0.1588898584874866,2,High-Volatility Bearish
2024-01-23,0.0085600134310392,0.0282353889182085,-0.1364156145594085,0,High-Volatility Transition
2024-01-24,0.0058105217009309,0.028115507943103,-0.1404892855326731,0,High-Volatility Transition
2024-01-25,-0.0035747525934159,0.0277910879989376,-0.1387745003141438,0,High-Volatility Transition
2024-01-26,0.0471545932209109,0.0288972994894628,-0.0241825032808706,0,High-Volatility Transition
2024-01-27,0.0072502697074174,0.0287315974166894,-0.0168601295628507,0,High-Volatility Transition
2024-01-28,-0.00200524282617,0.0286394563881034,0.0057259707967731,0,High-Volatility Transition
2024-01-29,0.0297998013588187,0.0291404111205541,0.0182602068682129,0,High-Volatility Transition
2024-01-30,-0.007753530092744,0.029185770892559,-0.0046885921424488,0,High-Volatility Transition
2024-01-31,-0.008614235820219,0.0280132229898441,-0.0037444301236351,0,High-Volatility Transition
2024-02-01,0.0115814418427713,0.0278909679149365,0.0439559950609136,0,High-Volatility Transition
2024-02-02,0.0025556346111748,0.0265131421701234,0.037662497587831,0,High-Volatility Transition
2024-02-03,-0.0044831659668692,0.0258912291281082,0.0318407633697999,0,High-Volatility Transition
2024-02-04,-0.0095056194721141,0.0259423376453346,0.0249795947073074,0,High-Volatility Transition
2024-02-05,0.0017632602500394,0.0259401306643472,0.0797648895785458,0,High-Volatility Transition
2024-02-06,0.0099863386864791,0.0260130954945322,0.0812919141595658,0,High-Volatility Transition
2024-02-07,0.0286308500811809,0.0232057166314208,0.1058248018393464,0,High-Volatility Transition
2024-02-08,0.0221882487848668,0.023397870154305,0.134416375535493,3,Moderate-Volatility Bullish
2024-02-09,0.0407410374279104,0.0245051381497986,0.1274683634997424,3,Moderate-Volatility Bullish
2024-02-10,0.0132368016624795,0.0245807044533144,0.1341694045313555,3,Moderate-Volatility Bullish
2024-02-11,0.0109404783388815,0.0198434479187658,0.1488815468141211,3,Moderate-Volatility Bullish
2024-02-12,0.0344619935076904,0.0205746085080321,0.1540828553796043,3,Moderate-Volatility Bullish
2024-02-13,-0.0043192339224062,0.0198880018447924,0.1580772886687982,0,High-Volatility Transition
2024-02-14,0.0419009169499291,0.0208563606373879,0.2170860552563871,3,Moderate-Volatility Bullish
2024-02-15,0.0021583350882306,0.0208129688090449,0.2057486271920174,3,Moderate-Volatility Bullish
2024-02-16,0.0042675126182003,0.0205994423427814,0.2078074601242088,3,Moderate-Volatility Bullish
2024-02-17,-0.0095323062691773,0.0193257341894833,0.2016816075862511,3,Moderate-Volatility Bullish
2024-02-18,0.0088951631921632,0.0193262241295724,0.2240056939491332,3,Moderate-Volatility Bullish
2024-02-19,-0.0065883646202773,0.0194677332561512,0.213801250643393,3,Moderate-Volatility Bullish
2024-02-20,0.0097670688329889,0.0193730700395672,0.2135377322053702,3,Moderate-Volatility Bullish
2024-02-21,-0.0085243641205989,0.0164592838216645,0.169703489455919,0,High-Volatility Transition
2024-02-22,-0.0103050826511981,0.0168415034151378,0.1325209419065858,0,High-Volatility Transition
2024-02-23,-0.0111689648747954,0.0172194163420341,0.0760331485093683,0,High-Volatility Transition
2024-02-24,0.0165409048276792,0.0171434227425245,0.0795420267163347,0,High-Volatility Transition
2024-02-25,0.0031439452297428,0.0155481688204712,0.071216427599134,0,High-Volatility Transition
2024-02-26,0.0539143528448111,0.0177308644036463,0.0913599292533879,0,High-Volatility Transition
2024-02-27,0.0470076269538002,0.0189201429064184,0.1476190046147871,3,Moderate-Volatility Bullish
2024-02-28,0.0949353199412474,0.0242164426311955,0.206034625314506,3,Moderate-Volatility Bullish
2024-02-29,-0.0209008984686548,0.0247112798867077,0.1782842857432949,3,Moderate-Volatility Bullish
2024-03-01,0.0202987390010944,0.024435572618911,0.1970933599101085,3,Moderate-Volatility Bullish
2024-03-02,-0.0065788115486197,0.0246985182845908,0.2006629956901424,3,Moderate-Volatility Bullish
2024-03-03,0.0183383238953576,0.0246471162451438,0.2119010846733493,3,Moderate-Volatility Bullish
2024-03-04,0.0817359164921911,0.0274057297141856,0.3196512742936666,3,Moderate-Volatility Bullish
2024-03-05,-0.0662840245576039,0.0309527343460972,0.2202611026372349,2,High-Volatility Bearish
2024-03-06,0.036137337494942,0.031119085573212,0.2752286028831656,3,Moderate-Volatility Bullish
2024-03-07,0.0123841969275335,0.0311083965717711,0.3044638932644885,3,Moderate-Volatility Bullish
2024-03-08,0.0205394012137098,0.0310233196418362,0.346293505410137,3,Moderate-Volatility Bullish
2024-03-09,0.0029105240064184,0.0310684351696216,0.3282416069682921,3,Moderate-Volatility Bullish
2024-03-10,0.0076045948285881,0.0306839335104428,0.3341478584284809,3,Moderate-Volatility Bullish
2024-03-11,0.0449743070742958,0.0312264797097115,0.3228306741745705,3,Moderate-Volatility Bullish
2024-03-12,-0.0089099054795025,0.0315089040900976,0.2521822612856088,3,Moderate-Volatility Bullish
2024-03-13,0.0224144102395678,0.0313103481605621,0.1692464064941023,3,Moderate-Volatility Bullish
2024-03-14,-0.0230819028918976,0.0318555274803753,0.1666418370685602,3,Moderate-Volatility Bullish
2024-03-15,-0.0279119802196445,0.0321894462762695,0.1115161764280845,0,High-Volatility Transition
2024-03-16,-0.058911152052589,0.0345637347389067,0.0529627212605121,2,High-Volatility Bearish
2024-03-17,0.0470872279639511,0.0352710496733818,0.0826891133160805,3,Moderate-Volatility Bullish
2024-03-18,-0.0123120859035869,0.0353268268492457,-0.0114417616697725,0,High-Volatility Transition
2024-03-19,-0.0834335698143234,0.0391975239267735,-0.0295985938254124,2,High-Volatility Bearish
2024-03-20,0.0969250463889783,0.0424289944759798,0.0273325446002332,1,Low-Volatility Neutral
2024-03-21,-0.035667063539995,0.0432386906523187,-0.0214282162227533,2,High-Volatility Bearish
2024-03-22,-0.026150443438534,0.0435952979686937,-0.066198035507821,2,High-Volatility Bearish
2024-03-23,0.0044441346713488,0.0434665593591619,-0.0647701028883112,1,Low-Volatility Neutral
2024-03-24,0.0495138879911882,0.0439370866813597,-0.0258710901866573,1,Low-Volatility Neutral
2024-03-25,0.0405246402092314,0.0442704207580969,-0.030019086077995,1,Low-Volatility Neutral
2024-03-26,0.0004148646391046,0.0442902524397023,-0.0208929237928851,1,Low-Volatility Neutral
2024-03-27,-0.0076083533712275,0.0436576334238147,-0.0496439859886294,1,Low-Volatility Neutral
2024-03-28,0.0185674608370216,0.0431095275988952,-0.0091270548183539,1,Low-Volatility Neutral
2024-03-29,-0.0120450288304576,0.039987642464981,0.0070465143792275,2,High-Volatility Bearish
2024-03-30,-0.0035414711944022,0.0397321752121294,0.0662968648983564,3,Moderate-Volatility Bullish
2024-03-31,0.024242032647795,0.0397907402534567,0.0430325565455791,1,Low-Volatility Neutral
2024-04-01,-0.022871394296192,0.040067422528931,0.0318815621161616,2,High-Volatility Bearish
2024-04-02,-0.0610479859894921,0.0417208039549274,0.0570835228746087,2,High-Volatility Bearish
2024-04-03,0.0081568302105263,0.0389433379661001,-0.0284605341109749,1,Low-Volatility Neutral
2024-04-04,0.0383146426091676,0.0374998251161319,0.0460740426520756,1,Low-Volatility Neutral
2024-04-05,-0.0097973208750877,0.0370374079598028,0.0636399766453406,0,High-Volatility Transition
2024-04-06,0.0156029711565459,0.0370745960197404,0.0754564472371945,3,Moderate-Volatility Bullish
2024-04-07,0.0067702707269166,0.0369173471810789,0.031656265752139,0,High-Volatility Transition
2024-04-08,0.032709358784746,0.0373639013256908,0.0239075938431629,1,Low-Volatility Neutral
2024-04-09,-0.0347940311582283,0.0379483806712393,-0.0121281119944615,2,High-Volatility Bearish
2024-04-10,0.0209558550176423,0.0372298042959157,0.0163060032727864,1,Low-Volatility Neutral
2024-04-11,-0.0074697443313405,0.0372189103304755,-0.009673393221292,0,High-Volatility Transition
2024-04-12,-0.0408894843058877,0.0376957586805261,-0.0385870912631638,2,High-Volatility Bearish
2024-04-13,-0.0502172927069198,0.0385325998063599,-0.0836213160008655,2,High-Volatility Bearish
2024-04-14,0.0300408910426832,0.0386937202020666,-0.0784331377624975,1,Low-Volatility Neutral
2024-04-15,-0.0351773717855853,0.037700482148467,-0.0900393695271453,2,High-Volatility Bearish
2024-04-16,0.0060803307977836,0.0366522558337376,-0.024983728179272,0,High-Volatility Transition
2024-04-17,-0.0397288489105271,0.0372637553394799,-0.0712952889713203,2,High-Volatility Bearish
2024-04-18,0.0364912407749862,0.034629621785534,-0.072926202958286,1,Low-Volatility Neutral
2024-04-19,0.0052086610311106,0.0295895850441613,-0.0588769048525558,0,High-Volatility Transition
2024-04-20,0.0180264212686844,0.0290794149446474,-0.0566311799627654,0,High-Volatility Transition
2024-04-21,-0.0010431180502996,0.028654348303602,-0.0639525198608264,0,High-Volatility Transition
2024-04-22,0.0294337582058501,0.0291175721684165,-0.0669215233289715,0,High-Volatility Transition
2024-04-23,-0.0064395749824405,0.0277160117042402,-0.0395108631907138,0,High-Volatility Transition
2024-04-24,-0.0320804467601734,0.0272174262168703,-0.0894060584273881,2,High-Volatility Bearish
2024-04-25,0.0031863484195515,0.0272322127490313,-0.0796296577137786,0,High-Volatility Transition
2024-04-26,-0.0112650044825576,0.0272646525225516,-0.0512017631292661,0,High-Volatility Transition
2024-04-27,-0.0052729668026479,0.0269757140075325,-0.0063040229957871,0,High-Volatility Transition
2024-04-28,-0.0048236250639039,0.0269269981128896,-0.039938347318819,0,High-Volatility Transition
2024-04-29,0.0115330909160229,0.0270576795268875,0.0065416197833234,0,High-Volatility Transition
2024-04-30,-0.0501912493092746,0.0279163040699938,-0.0497557609077514,2,High-Volatility Bearish
2024-05-01,-0.0392969544937571,0.0284347567256141,-0.049328376224825,2,High-Volatility Bearish
2024-05-02,0.0149246695523317,0.0266503366664694,-0.0691092740046982,0,High-Volatility Transition
2024-05-03,0.0637040529416774,0.0292568727472991,-0.0149386127738734,1,Low-Volatility Neutral
2024-05-04,0.015926845790239,0.0284901240142585,-0.016970201237762,0,High-Volatility Transition
2024-05-05,0.0021858966532419,0.0284600027448743,-0.0137926690223298,0,High-Volatility Transition
2024-05-06,-0.0135743903874885,0.0283526527892086,-0.0549948844115459,0,High-Volatility Transition
2024-05-07,-0.0130954288575765,0.0283605910214956,-0.0613254666310436,0,High-Volatility Transition
2024-05-08,-0.0183986264197131,0.0276576294852802,-0.0480570330295816,0,High-Volatility Transition
2024-05-09,0.0304311517670996,0.0277874499940734,-0.022203911150431,0,High-Volatility Transition
2024-05-10,-0.0357999205739,0.0280525276437532,-0.0464673842783464,2,High-Volatility Bearish
2024-05-11,1.5356984674586016e-05,0.0280592840309104,-0.0413980647108461,0,High-Volatility Transition
2024-05-12,0.0107689361885321,0.0273139575997644,-0.02637855684355,0,High-Volatility Transition
2024-05-13,0.0236467477886836,0.0261806325322641,-0.0147189124956014,0,High-Volatility Transition
2024-05-14,-0.0214408439392201,0.0258180098009556,0.0151052290998505,0,High-Volatility Transition
2024-05-15,0.0765960925054549,0.0287446309936439,0.1375610062263013,3,Moderate-Volatility Bullish
2024-05-16,-0.0156322522862183,0.028907510881414,0.1033118015349112,0,High-Volatility Transition
2024-05-17,0.0279050869543215,0.0282404880954494,0.0661798365420485,0,High-Volatility Transition
2024-05-18,-0.0016564833198177,0.0275489021558796,0.0477267451269447,0,High-Volatility Transition
2024-05-19,-0.0098958699868109,0.0276283438355116,0.0350959646705062,0,High-Volatility Transition
2024-05-20,0.0780017424143035,0.0308402019055051,0.1311904745854515,3,Moderate-Volatility Bullish
2024-05-21,-0.0183582532317723,0.0310913246598337,0.1251582228606318,3,Moderate-Volatility Bullish
2024-05-22,-0.0144603004229696,0.0308379391903215,0.1296725195994181,3,Moderate-Volatility Bullish
2024-05-23,-0.0172559769765087,0.0309976485285882,0.0773926183290905,0,High-Volatility Transition
2024-05-24,0.0087817297881169,0.0303758737640535,0.1272079440460873,3,Moderate-Volatility Bullish
2024-05-25,0.0107965247275187,0.0304129267960235,0.1393603753472134,3,Moderate-Volatility Bullish
2024-05-26,-0.0107968144970229,0.0304055655727329,0.1150509996669588,0,High-Volatility Transition
2024-05-27,0.0127916713605302,0.0304181831332002,0.103226643414354,3,Moderate-Volatility Bullish
2024-05-28,-0.0158274081078272,0.0305871940607761,0.109555225526057,0,High-Volatility Transition
2024-05-29,-0.0105148573836674,0.0306418543050226,0.0197774431963069,0,High-Volatility Transition
2024-05-30,0.0116442828412868,0.0290231913900329,0.0480351703680725,0,High-Volatility Transition
2024-05-31,-0.0127781500011598,0.0280332568232898,0.0065552091198046,0,High-Volatility Transition
2024-06-01,0.0031933460054698,0.027975957732813,0.0114449298313119,0,High-Volatility Transition
2024-06-02,0.0006596674454519,0.0256798226579524,0.0222279823344508,0,High-Volatility Transition
2024-06-03,0.0155447201720899,0.0256731785614082,-0.0369976323535988,0,High-Volatility Transition
2024-06-04,0.0256229922248316,0.0260087978126844,0.0061484987539928,0,High-Volatility Transition
2024-06-05,0.0072987246080176,0.0258129731368173,0.0283625306987984,0,High-Volatility Transition
2024-06-06,-0.0045813636623915,0.0256619451370617,0.0416254935029207,0,High-Volatility Transition
2024-06-07,-0.0199920127345761,0.0257126647004445,0.0119149398022491,0,High-Volatility Transition
2024-06-08,-0.0005308786729295,0.0252528050159921,0.0005750029804734,0,High-Volatility Transition
2024-06-09,0.0049378101278765,0.0241397443712406,0.0164905118584097,0,High-Volatility Transition
2024-06-10,-0.001948526199214,0.0241558696304013,0.0016964812733528,0,High-Volatility Transition
2024-06-11,-0.0313649611377125,0.0250038747474208,-0.0141177288823182,0,High-Volatility Transition
2024-06-12,0.0135025816557405,0.0247875306918269,0.0098122588727209,0,High-Volatility Transition
2024-06-13,-0.0217579605058895,0.0247983816049925,-0.0235294951192011,0,High-Volatility Transition
2024-06-14,-0.0111645430991574,0.020645539960103,-0.0219334612122537,0,High-Volatility Transition
2024-06-15,0.0027253941690672,0.0204350017379738,-0.0223896923413498,0,High-Volatility Transition
2024-06-16,0.0067689999395688,0.0198192181139422,-0.0164210832193196,0,High-Volatility Transition
2024-06-17,-0.002232174783037,0.0198211353941824,-0.0336384235652228,0,High-Volatility Transition
2024-06-18,-0.0202969582732819,0.020088641469752,-0.0769050781640077,0,High-Volatility Transition
2024-06-19,-0.0027701435671353,0.0135780871290499,-0.086132252639719,0,High-Volatility Transition
2024-06-20,-0.002026478192569,0.0132682179009396,-0.0837866792861191,0,High-Volatility Transition
2024-06-21,-0.0112983528214036,0.0131824973938878,-0.0756589424495747,0,High-Volatility Transition
2024-06-22,0.0024397531859308,0.0129061633397707,-0.0729116069537406,0,High-Volatility Transition
2024-06-23,-0.0166807508939937,0.0130248544468008,-0.0928554450656611,0,High-Volatility Transition
2024-06-24,-0.0459535643123367,0.0149828231697994,-0.1328523107202729,0,High-Volatility Transition
2024-06-25,0.0253366304154398,0.0158854175378416,-0.0820915472530022,0,High-Volatility Transition
2024-06-26,-0.0160726325920611,0.0157501931820204,-0.1088772107937013,0,High-Volatility Transition
2024-06-27,0.0130489519734049,0.0159012024606996,-0.0771700957036071,0,High-Volatility Transition
2024-06-28,-0.0208533108817551,0.0161724915354503,-0.0862121305367705,0,High-Volatility Transition
2024-06-29,0.0094038611043745,0.0161044479736008,-0.0801260155270353,0,High-Volatility Transition
2024-06-30,0.0294135516205669,0.0170984020110615,-0.0594359327149365,0,High-Volatility Transition
2024-07-01,0.0027710949321257,0.0170938794563071,-0.0547195091201042,0,High-Volatility Transition
2024-07-02,-0.0130936978852905,0.0171949242919644,-0.0477693403184487,0,High-Volatility Transition
2024-07-03,-0.0299068707008841,0.0175226803990456,-0.0736815444241302,0,High-Volatility Transition
2024-07-04,-0.0531163442635422,0.0187395350598216,-0.1211031290657054,2,High-Volatility Bearish
2024-07-05,-0.005534237213954,0.0185489627368061,-0.1159791736383549,0,High-Volatility Transition
2024-07-06,0.0289639123404199,0.0196978149400945,-0.0925883324234314,0,High-Volatility Transition
2024-07-07,-0.0420974391429121,0.0206216680608738,-0.1160429729068687,2,High-Volatility Bearish
2024-07-08,0.0153268027159116,0.0209925678563428,-0.0592645929127941,0,High-Volatility Transition
2024-07-09,0.0229984421181268,0.0215811544033352,-0.0614098557020773,0,High-Volatility Transition
2024-07-10,-0.004598069730556,0.0215700605452856,-0.0504640156241579,0,High-Volatility Transition
2024-07-11,-0.0068854320153477,0.0210312699407671,-0.0691486160936751,0,High-Volatility Transition
2024-07-12,0.0096704440195969,0.0209256255722808,-0.0401304109486136,0,High-Volatility Transition
2024-07-13,0.02301382724082,0.0213008015386545,-0.027188323934898,0,High-Volatility Transition
2024-07-14,0.0262669009152312,0.0219386549028286,-0.03016195736126,0,High-Volatility Transition
2024-07-15,0.0671575521272613,0.025356404277607,0.032109916981907,0,High-Volatility Transition
2024-07-16,0.0034992378705562,0.025331714351994,0.0494628647832906,0,High-Volatility Transition
2024-07-17,-0.0150291601434634,0.0254697773866195,0.0655578192484234,0,High-Volatility Transition
2024-07-18,-0.002257162928356,0.0252075604796277,0.1227912481115831,0,High-Volatility Transition
2024-07-19,0.0427687342301363,0.0263965012843838,0.1773272166936172,3,Moderate-Volatility Bullish
2024-07-20,0.0067979482134701,0.0264082122153079,0.1519652068719563,3,Moderate-Volatility Bullish
2024-07-21,0.014753144342986,0.0264006088992237,0.2203332192797389,3,Moderate-Volatility Bullish
2024-07-22,-0.0083526875222309,0.0264732697043721,0.1918725616117653,3,Moderate-Volatility Bullish
2024-07-23,-0.0245257378644009,0.0267021737593998,0.1365032044336696,0,High-Volatility Transition
2024-07-24,-0.0084264929535705,0.0252280134441951,0.1321320904860541,0,High-Volatility Transition
2024-07-25,0.0061967344887139,0.0248837114407149,0.1470455163784823,3,Moderate-Volatility Bullish
2024-07-26,0.0324555480531172,0.025218104272729,0.1729307461350537,3,Moderate-Volatility Bullish
2024-07-27,-0.0014537411892032,0.025177518169496,0.1448775932542745,3,Moderate-Volatility Bullish
2024-07-28,0.0065257260077553,0.0247566096506013,0.1228548340715249,0,High-Volatility Transition
2024-07-29,-0.0210377976893241,0.0251659242809121,0.0300563764428687,0,High-Volatility Transition
2024-07-30,-0.0092621854754424,0.024775430564065,0.0169572279891772,0,High-Volatility Transition
2024-07-31,-0.0238933739923268,0.0252254586561131,0.0078051536543102,0,High-Volatility Transition
2024-08-01,0.0114246141823064,0.025142403161386,0.0216249125851228,0,High-Volatility Transition
2024-08-02,-0.0603210586964005,0.0270185313431844,-0.0793745681528065,2,High-Volatility Bearish
2024-08-03,-0.0119673021500665,0.0251549261211075,-0.0965336880639138,0,High-Volatility Transition
2024-08-04,-0.0422398356545057,0.0264155299976846,-0.1472763122495423,2,High-Volatility Bearish
2024-08-05,-0.070986478913151,0.0289703529212785,-0.2011354987774699,2,High-Volatility Bearish
2024-08-06,0.0378367150532277,0.0288451278674537,-0.1500637772786512,0,High-Volatility Transition
2024-08-07,-0.0179685509402894,0.0288960760457238,-0.1582428388051914,2,High-Volatility Bearish
2024-08-08,0.121442560994049,0.0363070803841329,-0.0618312759034549,1,Low-Volatility Neutral
2024-08-09,-0.0134503581037733,0.0364041705193053,-0.103544922063735,2,High-Volatility Bearish
2024-08-10,0.0010791573012765,0.0363632002775069,-0.101270986636455,1,Low-Volatility Neutral
2024-08-11,-0.0365296323680974,0.0370281647409828,-0.1397152099218577,2,High-Volatility Bearish
2024-08-12,0.0108146598485863,0.0368459434964011,-0.1117241550253602,1,Low-Volatility Neutral
2024-08-13,0.0211449923907958,0.036735141642244,-0.0844616833436987,1,Low-Volatility Neutral
2024-08-14,-0.0308911115194338,0.0349206913394942,-0.0910252048538168,2,High-Volatility Bearish
2024-08-15,-0.0200413108132939,0.0350402064203316,-0.1193038648012851,2,High-Volatility Bearish
2024-08-16,0.0231759129469639,0.0353005306988468,-0.0410479233356889,1,Low-Volatility Neutral
2024-08-17,0.0099308272507905,0.0353703871285424,-0.0197943183591405,0,High-Volatility Transition
2024-08-18,-0.0167287323244552,0.0344390480912963,0.0063146485408671,0,High-Volatility Transition
2024-08-19,0.0172609412502557,0.0346028391467961,0.1019049382306069,3,Moderate-Volatility Bullish
2024-08-20,-0.0080792109215798,0.0344389623059356,0.0531545087639864,0,High-Volatility Transition
2024-08-21,0.0366428757006145,0.0352240278393331,0.1117211363928378,3,Moderate-Volatility Bullish
2024-08-22,-0.0129673046461273,0.0350401272939593,-0.0215235733847666,0,High-Volatility Transition
2024-08-23,0.0614826718213559,0.0368970660804582,0.052796258322501,1,Low-Volatility Neutral
2024-08-24,0.0013205019089592,0.0368795015230252,0.0530500711185037,0,High-Volatility Transition
2024-08-25,0.0024081210374646,0.036367186615248,0.0956081044223235,3,Moderate-Volatility Bullish
2024-08-26,-0.0225835970701276,0.0365767280992643,0.0594081931950734,0,High-Volatility Transition
2024-08-27,-0.0536973901889672,0.0377336923335409,-0.0182385992722761,2,High-Volatility Bearish
2024-08-28,-0.008007978437422,0.0376042685436761,0.0049432919008181,0,High-Volatility Transition
2024-08-29,0.0061082363977882,0.0376271212447547,0.0317595366527578,0,High-Volatility Transition
2024-08-30,-0.0045245219909738,0.0374208465578908,0.0038267173252097,0,High-Volatility Transition
2024-08-31,-0.0025300989402683,0.0373310224997754,-0.0085588939421015,0,High-Volatility Transition
2024-09-01,-0.0278855856940782,0.03605438720465,-0.0198084477616227,2,High-Volatility Bearish
2024-09-02,0.031172733823612,0.0364876800336758,-0.0064036063842108,1,Low-Volatility Neutral
2024-09-03,-0.0284450427036115,0.0360241545199624,-0.0268038411957153,2,High-Volatility Bearish
2024-09-04,0.0094115617770285,0.0334425017439179,-0.0523684890902147,0,High-Volatility Transition
2024-09-05,-0.0312403432880655,0.0333317235101304,-0.0699120895187339,2,High-Volatility Bearish
2024-09-06,-0.0393823921886807,0.0339661980234006,-0.1582916543633333,2,High-Volatility Bearish
2024-09-07,0.003539165966313,0.0250723248994801,-0.1564266490531668,0,High-Volatility Transition
2024-09-08,0.0129642216026828,0.025194326463533,-0.1475431963557599,0,High-Volatility Transition
2024-09-09,0.0397138319111138,0.0263785597909074,-0.0932102968613225,0,High-Volatility Transition
2024-09-10,0.0110343898722757,0.0256433991373798,-0.0311813950947997,0,High-Volatility Transition
2024-09-11,-0.0053000155169341,0.0255713148004815,-0.0285366915067309,0,High-Volatility Transition
2024-09-12,0.0136692794995481,0.0253855045142163,-0.0212360098488664,0,High-Volatility Transition
2024-09-13,0.0420508295579824,0.02591953320162,0.0245574606401524,0,High-Volatility Transition
2024-09-14,-0.0093473258820168,0.0256877107002327,0.0175551032591176,0,High-Volatility Transition
2024-09-15,-0.0137035829819472,0.0255066079494156,0.032400032026548,0,High-Volatility Transition
2024-09-16,-0.0167333671885179,0.0256300646715755,-0.0155630866604615,0,High-Volatility Transition
2024-09-17,0.0363626062794542,0.0262890736656621,0.050103854202276,0,High-Volatility Transition
2024-09-18,0.0222379889456469,0.0264083318138652,0.0634473516570699,0,High-Volatility Transition
2024-09-19,0.0209372919744741,0.0265753608224183,0.1207248896420936,3,Moderate-Volatility Bullish
2024-09-20,0.0040120384115518,0.0257853650445567,0.1713519217202725,3,Moderate-Volatility Bullish
2024-09-21,0.003194394254405,0.0256432267770301,0.1709494969609863,3,Moderate-Volatility Bullish
2024-09-22,0.0040046018631125,0.0230581228367482,0.1605925050719612,3,Moderate-Volatility Bullish
2024-09-23,-0.0050104731353185,0.0230748257444308,0.1106684859444757,0,High-Volatility Transition
2024-09-24,0.0153508767871859,0.023245357632224,0.1154103483721109,0,High-Volatility Transition
2024-09-25,-0.0180215978029444,0.0231053629562168,0.1011449570472509,0,High-Volatility Transition
2024-09-26,0.0322738915701519,0.0214357911438942,0.1213550740683371,3,Moderate-Volatility Bullish
2024-09-27,0.0093530990407064,0.0213551984266494,0.086168915211173,0,High-Volatility Transition
2024-09-28,0.0014741358273548,0.0213550023911277,0.098033755061661,0,High-Volatility Transition
2024-09-29,-0.0038299097931742,0.0213461660912202,0.1090260148535993,0,High-Volatility Transition
2024-09-30,-0.0351305550949797,0.0224748043461004,0.0882758344777254,0,High-Volatility Transition
2024-10-01,-0.0393575219684348,0.0231006939480602,0.0087627516470316,0,High-Volatility Transition
2024-10-02,-0.003356881996554,0.0224608661945031,-0.0164947252995408,0,High-Volatility Transition
2024-10-03,0.0020882627636797,0.0217571036347572,-0.0346526668279053,0,High-Volatility Transition
2024-10-04,0.0215287538766344,0.0220083759198558,-0.0178105235933433,0,High-Volatility Transition
2024-10-05,0.0003620681473552,0.0210735720761277,-0.0205835463614416,0,High-Volatility Transition
2024-10-06,0.0117410936137447,0.0194882118439117,-0.0130365218757498,0,High-Volatility Transition
2024-10-07,-0.0092693835185588,0.0196669267612084,-0.017261077905106,0,High-Volatility Transition
2024-10-08,-0.0016821501344571,0.0196401488965748,-0.0337470227146039,0,High-Volatility Transition
2024-10-09,-0.0249447622324054,0.0191682072745778,-0.0405593194282954,0,High-Volatility Transition
2024-10-10,-0.0050774330134892,0.0191378246913759,-0.075275280542331,0,High-Volatility Transition
2024-10-11,0.0360117436685496,0.0200825326731004,-0.0508518080250985,0,High-Volatility Transition
2024-10-12,0.0119774604475944,0.0200540092254551,-0.0408972707920526,0,High-Volatility Transition
2024-10-13,-0.0054064265153874,0.0186914778830331,-0.0424151255296936,0,High-Volatility Transition
2024-10-14,0.0508302324332601,0.0206270197698499,0.0428966753250854,0,High-Volatility Transition
2024-10-15,0.0150649924579224,0.0204722528597931,0.1019790713840016,0,High-Volatility Transition
2024-10-16,0.0085262517331365,0.0200904236582437,0.1151181423674136,0,High-Volatility Transition
2024-10-17,-0.0031485616380424,0.019255385090758,0.1092906338377284,0,High-Volatility Transition
2024-10-18,0.0151180356869842,0.0190643845608939,0.1023291561338799,0,High-Volatility Transition
2024-10-19,-0.0008192879217548,0.0187961684497143,0.1010273842252673,0,High-Volatility Transition
2024-10-20,0.0093467406744582,0.0188319729214154,0.0984217293098992,0,High-Volatility Transition
2024-10-21,-0.023678423698328,0.0194564055493467,0.0824464454449795,0,High-Volatility Transition
2024-10-22,-9.56734161845496e-05,0.0194577704310917,0.0841666151130935,0,High-Volatility Transition
2024-10-23,-0.0137944112100539,0.0196333495731932,0.0965647212479861,0,High-Volatility Transition
2024-10-24,0.0260244203411819,0.0199813577968885,0.1308439669760843,3,Moderate-Volatility Bullish
2024-10-25,-0.0222801808446562,0.020143972958312,0.0672162411688819,0,High-Volatility Transition
2024-10-26,0.0055862509670021,0.0193336885503354,0.0604761675753615,0,High-Volatility Transition
2024-10-27,0.0136477761815534,0.0194126032065601,0.0807925343717619,0,High-Volatility Transition
2024-10-28,0.029125296867722,0.0200690200012928,0.0584687264014354,0,High-Volatility Transition
2024-10-29,0.0402349390541754,0.0211956366347085,0.0847149288764286,0,High-Volatility Transition
2024-10-30,-0.0052385938755442,0.0199778662051215,0.0699102239916953,0,High-Volatility Transition
2024-10-31,-0.0293663961649603,0.0192906577306436,0.0417708963729626,0,High-Volatility Transition
2024-11-01,-0.0104353313875292,0.0194387198366909,0.0155466020675745,0,High-Volatility Transition
2024-11-02,-0.0027804900426771,0.019481834736028,0.0135532768103967,0,High-Volatility Transition
2024-11-03,-0.0079111271168753,0.0193390978098394,-0.0037765145742553,0,High-Volatility Transition
2024-11-04,-0.0135233381858542,0.0195836062679635,0.0065855781312604,0,High-Volatility Transition
2024-11-05,0.0228287902369077,0.0198545497190145,0.0296632205477449,0,High-Volatility Transition
2024-11-06,0.0905356867699389,0.0252660794348381,0.1385906753373182,3,Moderate-Volatility Bullish
2024-11-07,0.0035138086897459,0.0252235429193522,0.1136104000004585,0,High-Volatility Transition
2024-11-08,0.0084397388095418,0.0244916069324194,0.1485999965534337,3,Moderate-Volatility Bullish
2024-11-09,0.0030490452928257,0.0243854483300371,0.145701951332736,3,Moderate-Volatility Bullish
2024-11-10,0.0481293935149595,0.0249526951220618,0.1846757025629819,3,Moderate-Volatility Bullish
2024-11-11,0.1022352276001543,0.0302335588712601,0.2688360655609463,3,Moderate-Volatility Bullish
2024-11-12,-0.0084065320919269,0.0302973020641543,0.2095051869728519,3,Moderate-Volatility Bullish
2024-11-13,0.0298826363806257,0.0295974939201027,0.2522082008877191,3,Moderate-Volatility Bullish
2024-11-14,-0.036802617869276,0.0308402861604015,0.2426147788539339,3,Moderate-Volatility Bullish
2024-11-15,0.0437313390738136,0.0314744888637451,0.3106328754690368,3,Moderate-Volatility Bullish
2024-11-16,-0.0055732238866227,0.0315136697290083,0.3069624210186754,3,Moderate-Volatility Bullish
2024-11-17,-0.0078692246938162,0.0316729868048822,0.3070176226178314,3,Moderate-Volatility Bullish
2024-11-18,0.0077553838088482,0.0316144367361562,0.3352105497396103,3,Moderate-Volatility Bullish
2024-11-19,0.0198928198367862,0.0316669267263175,0.3313779057141544,3,Moderate-Volatility Bullish
2024-11-20,0.0216116659849128,0.0310686398679897,0.2472321784725613,3,Moderate-Volatility Bullish
2024-11-21,0.044151545428309,0.0315342571184653,0.2977393986839198,3,Moderate-Volatility Bullish
2024-11-22,0.0050042014957245,0.0311636785269416,0.293318279646056,3,Moderate-Volatility Bullish
2024-11-23,-0.0123273899849751,0.0314320812838179,0.2734921057277419,3,Moderate-Volatility Bullish
2024-11-24,0.0024191617876467,0.0308052233326574,0.2179535246938653,3,Moderate-Volatility Bullish
2024-11-25,-0.0501105193312582,0.0328986491769753,0.0496137413145743,2,High-Volatility Bearish
2024-11-26,-0.0119973040407334,0.0331737031458246,0.0458128655510969,0,High-Volatility Transition
2024-11-27,0.0432374527151537,0.0335423831931086,0.059374254243701,3,Moderate-Volatility Bullish
2024-11-28,-0.0032310787967048,0.0331792464697062,0.0962979677302806,3,Moderate-Volatility Bullish
2024-11-29,0.018912786163713,0.0330973122992952,0.0702294498092859,3,Moderate-Volatility Bullish
2024-11-30,-0.0103883944585503,0.0324847578466046,0.0650472307905329,0,High-Volatility Transition
2024-12-01,0.0086131935423485,0.0322338476438104,0.0827410211013324,0,High-Volatility Transition
2024-12-02,-0.014540372554583,0.032487374495716,0.0587862693837797,0,High-Volatility Transition
2024-12-03,0.0014276215513644,0.0323406097714193,0.0396169037153537,0,High-Volatility Transition
2024-12-04,0.028815675297684,0.0321256356184077,0.0469478789826138,0,High-Volatility Transition
2024-12-05,-0.0220207885039295,0.032695687015612,-0.0194016705258036,0,High-Volatility Transition
2024-12-06,0.0344447421731697,0.0294710477730056,0.009323925809171,0,High-Volatility Transition
2024-12-07,2.627082989481444e-05,0.0295032880643648,0.0219483980334134,0,High-Volatility Transition
2024-12-08,0.0131368681317951,0.029509287559902,0.0328749078673455,0,High-Volatility Transition
2024-12-09,-0.037568614800964,0.0307348057943814,0.0465125138729289,2,High-Volatility Bearish
2024-12-10,-0.0077724307831654,0.0299282947555442,0.0509875854002179,0,High-Volatility Transition
2024-12-11,0.0465226953429465,0.0251305410859111,0.0542972338487579,0,High-Volatility Transition
2024-12-12,-0.0111692932003557,0.0251852265713727,0.0459008670385205,0,High-Volatility Transition
2024-12-13,0.0141564908339413,0.0248017447831507,0.0410185910705946,0,High-Volatility Transition
2024-12-14,-0.0008504799301751,0.0235974087280844,0.0510519680929351,0,High-Volatility Transition
2024-12-15,0.028861012936449,0.0229080030556614,0.0721517420796473,0,High-Volatility Transition
2024-12-16,0.0165967889848814,0.0229199003765853,0.1060280786217053,0,High-Volatility Transition
2024-12-17,0.0010457710706697,0.0227977220715259,0.1056063433465896,0,High-Volatility Transition
2024-12-18,-0.0574621060198967,0.0255502823441567,0.0128887996651261,2,High-Volatility Bearish
2024-12-19,-0.0254952688793256,0.0258966456982037,0.0092902955092848,0,High-Volatility Transition
2024-12-20,0.0027179605287093,0.0256350727061432,-0.0216649904678326,0,High-Volatility Transition
2024-12-21,-0.0054339734346358,0.024357280419321,-0.0270067982586963,0,High-Volatility Transition
2024-12-22,-0.0218029830213748,0.0246517077786278,-0.0605622227144027,0,High-Volatility Transition
2024-12-23,-0.0044024561027654,0.0245689185026097,-0.0281884422166963,0,High-Volatility Transition
2024-12-24,0.0421376059533464,0.0257870509414047,0.0206946487744308,0,High-Volatility Transition
2024-12-25,0.0063146152104343,0.0239576884575525,-0.0185211010715862,0,High-Volatility Transition
2024-12-26,-0.0352840692865005,0.0248034875422617,-0.0424565874174105,0,High-Volatility Transition
2024-12-27,-0.017022260795415,0.023736669275308,-0.0718948531141464,0,High-Volatility Transition
2024-12-28,0.0106097998672873,0.0238132702884153,-0.0612494547517136,0,High-Volatility Transition
2024-12-29,-0.0171672516085114,0.0237415917705372,-0.1032464377213491,0,High-Volatility Transition
2024-12-30,-0.0094837322393019,0.0237299569377864,-0.1262524127227301,0,High-Volatility Transition
2024-12-31,0.0084840775653842,0.0237281521116088,-0.1197599999470042,0,High-Volatility Transition
2025-01-01,0.0106021956130217,0.0236800362222689,-0.0561944698440499,0,High-Volatility Transition
2025-01-02,0.0261292471476068,0.0241643265889602,-0.0061962480172439,0,High-Volatility Transition
2025-01-03,0.0125977299556827,0.0236877812991831,0.0035956898074995,0,High-Volatility Transition
2025-01-04,0.0013128146911018,0.0233183556280654,0.0104037320110101,0,High-Volatility Transition
2025-01-05,0.0008014800420892,0.0224381766236675,0.0337524372748785,0,High-Volatility Transition
2025-01-06,0.0382762192459422,0.0235178419206873,0.0780667135924826,0,High-Volatility Transition
2025-01-07,-0.0505043052595688,0.0251939828559906,-0.0177691531795156,2,High-Volatility Bearish
2025-01-08,-0.0193884366295112,0.024496568695092,-0.0428570630568271,0,High-Volatility Transition
2025-01-09,-0.0269296032220764,0.0249374438729366,-0.0345681793233731,0,High-Volatility Transition
2025-01-10,0.0239761810251548,0.023762477313265,0.0056984500753416,0,High-Volatility Transition
2025-01-11,-0.0014240475784673,0.0236982829950534,-0.0062769154180741,0,High-Volatility Transition
2025-01-12,-0.0008264678561502,0.0235118952451634,0.0102449333516763,0,High-Volatility Transition
2025-01-13,0.000297242056733,0.0235149328560803,0.020220720774281,0,High-Volatility Transition
2025-01-14,0.0213457220401691,0.0232122239660062,0.0332320478624439,0,High-Volatility Transition
2025-01-15,0.0411299996325777,0.024307690354823,0.0644434439991166,0,High-Volatility Transition
2025-01-16,-0.007438333563293,0.0243264577295724,0.0296224978873558,0,High-Volatility Transition
2025-01-17,0.0471659856883341,0.0235557736289525,0.0647719484165596,0,High-Volatility Transition
2025-01-18,-0.0005166350425891,0.0229958019853837,0.0628265555993576,0,High-Volatility Transition
2025-01-19,-0.0317835673771925,0.0238341745354974,0.0282220367179302,0,High-Volatility Transition
2025-01-20,0.0091706229080479,0.0238390864176185,-0.0006017146034419,0,High-Volatility Transition
2025-01-21,0.0404796765356885,0.0244107099879493,0.0951641070937165,3,Moderate-Volatility Bullish
2025-01-22,-0.0234882998268456,0.0248802360322782,0.0905853083262593,0,High-Volatility Transition
2025-01-23,0.0029627830760259,0.0237761517371786,0.1240877120942405,0,High-Volatility Transition
2025-01-24,0.0082657856802432,0.0237909876186082,0.1068413515962087,0,High-Volatility Transition
2025-01-25,-0.0010001569662844,0.0227343495388133,0.1073112003412939,0,High-Volatility Transition
2025-01-26,-0.0194065344994488,0.0228115939572019,0.0867202666992985,0,High-Volatility Transition
2025-01-27,-0.0057927348866652,0.0228229908047105,0.0801041319246842,0,High-Volatility Transition
2025-01-28,-0.0073976691606418,0.0225998972016742,0.0497071224385048,0,High-Volatility Transition
2025-01-29,0.023395602825692,0.0227741763776423,0.03182662466502,0,High-Volatility Transition
2025-01-30,0.0099523798797513,0.0227856833329841,0.0499053010427537,0,High-Volatility Transition
2025-01-31,-0.0222492430508784,0.023245464313937,-0.0196915132373519,0,High-Volatility Transition
2025-02-01,-0.0170803846216345,0.0230992363547829,-0.0359374907635926,0,High-Volatility Transition
2025-02-02,-0.0294759621967042,0.0236741864996245,-0.0336397858644905,0,High-Volatility Transition
2025-02-03,0.0380436508117398,0.0246665984369999,-0.0059915916004225,0,High-Volatility Transition
2025-02-04,-0.0348462784056634,0.0255372932593101,-0.0779532399352839,2,High-Volatility Bearish
2025-02-05,-0.0128369432180627,0.0245945199613494,-0.0678959627416969,0,High-Volatility Transition
2025-02-06,-0.0002292432377489,0.0227897315202989,-0.0708624742257815,0,High-Volatility Transition
2025-02-07,-0.0006647556256734,0.0224910264539688,-0.079092150537971,0,High-Volatility Transition
2025-02-08,-0.0004830959709924,0.0218782376986622,-0.078615508291693,0,High-Volatility Transition
2025-02-09,0.0001828376500454,0.0214680842890745,-0.0602089572225063,0,High-Volatility Transition
2025-02-10,0.0097146116762192,0.0215236764019447,-0.0455503785654857,0,High-Volatility Transition
2025-02-11,-0.0173457247097439,0.021787518002526,-0.0551160601661131,0,High-Volatility Transition
2025-02-12,0.0223340688567765,0.0221431315171496,-0.0560961566176192,0,High-Volatility Transition
2025-02-13,-0.0128924871841327,0.0219614434989721,-0.0774470225126302,0,High-Volatility Transition
2025-02-14,0.0091602788033979,0.0206462682928946,-0.0478106886083392,0,High-Volatility Transition
2025-02-15,0.0007320640697474,0.0206095829296932,-0.0305551338424315,0,High-Volatility Transition
2025-02-16,-0.0144016729802401,0.0186704039403746,-0.0154976064421291,0,High-Volatility Transition
2025-02-17,-0.00417622362353,0.0186683910238549,-0.0555398218198084,0,High-Volatility Transition
2025-02-18,-0.0024415545387781,0.0178427776213429,-0.0238298769763672,0,High-Volatility Transition
2025-02-19,0.0114723435043504,0.0178961229445012,0.0002087043374356,0,High-Volatility Transition
2025-02-20,0.0175745580328421,0.0164683933905377,0.0180203045274718,0,High-Volatility Transition
2025-02-21,-0.0224580717618472,0.0164239465922963,-0.004180491906463,0,High-Volatility Transition
2025-02-22,0.0047043783073406,0.0164465436977195,0.0009877929552279,0,High-Volatility Transition
2025-02-23,-0.0031460239332733,0.016324745902884,-0.002343747723043,0,High-Volatility Transition
2025-02-24,-0.0504368151357187,0.0184976041065872,-0.0617768254940844,2,High-Volatility Bearish
2025-02-25,-0.0293377120214919,0.018861639441383,-0.0732265903678387,0,High-Volatility Transition
2025-02-26,-0.0494629004695273,0.0205591721320772,-0.1383124796977346,2,High-Volatility Bearish
2025-02-27,0.0042349227090945,0.0206440884566139,-0.1233612457455234,0,High-Volatility Transition
2025-02-28,-0.0039102977908145,0.0199034778560968,-0.1347154123963596,0,High-Volatility Transition
2025-03-01,0.0196615753427511,0.0202586690673376,-0.1183479800500949,0,High-Volatility Transition
2025-03-02,0.0955045297961285,0.0272649225967768,-0.0200330549671643,1,Low-Volatility Neutral
2025-03-03,-0.0868204011194161,0.0312419081958581,-0.1013612618915762,2,High-Volatility Bearish
2025-03-04,0.0134376855754954,0.0310518936049585,-0.0870566360690623,0,High-Volatility Transition
2025-03-05,0.0389965785120813,0.0310961046731817,-0.0622135764847294,1,Low-Volatility Neutral
2025-03-06,-0.0073031330841799,0.0305332649751906,-0.0851406050683163,0,High-Volatility Transition
2025-03-07,-0.0357824911826653,0.0310872655973993,-0.0976106280279615,2,High-Volatility Bearish
2025-03-08,-0.00677957125701,0.0310892696498191,-0.1079250988901187,0,High-Volatility Transition
2025-03-09,-0.0644603432710168,0.0330218850512493,-0.1627946852819535,2,High-Volatility Bearish
2025-03-10,-0.0256701289036189,0.0332105198942214,-0.1409585382282618,2,High-Volatility Bearish
2025-03-11,0.0551394455444913,0.0350456579458777,-0.0661957893087215,1,Low-Volatility Neutral
2025-03-12,0.0103804668952023,0.0350551619801248,-0.007405881524235,0,High-Volatility Transition
2025-03-13,-0.0317197970748182,0.0353346216286401,-0.0429438244715688,2,High-Volatility Bearish
2025-03-14,0.0358025962030881,0.0357757707668843,-0.0047871500669691,1,Low-Volatility Neutral
2025-03-15,0.0044541123525254,0.0357752966387498,-0.0196299792455288,0,High-Volatility Transition
2025-03-16,-0.0209077171575404,0.0358178994039635,-0.1238076196458675,2,High-Volatility Bearish
2025-03-17,0.0181158350835366,0.0360520741926745,-0.0231216968583038,1,Low-Volatility Neutral
2025-03-18,-0.0161424490284424,0.0360702489652918,-0.0516347392583291,2,High-Volatility Bearish
2025-03-19,0.0499976010505509,0.0374120369748504,-0.0415933321700965,1,Low-Volatility Neutral
2025-03-20,-0.0309372537911718,0.0377685270116309,-0.064411072034887,2,High-Volatility Bearish
2025-03-21,-0.0014727011460912,0.0376650626195316,-0.0311199739315154,0,High-Volatility Transition
2025-03-22,-0.0025077306278807,0.0374469995824564,-0.0269528213636315,0,High-Volatility Transition
2025-03-23,0.0265039339053942,0.037709134457103,0.0676583825832735,3,Moderate-Volatility Bullish
2025-03-24,0.0167863523789464,0.0378584262091632,0.1141816592280853,3,Moderate-Volatility Bullish
2025-03-25,-0.0003109860024155,0.0378605357768121,0.055628399669142,0,High-Volatility Transition
2025-03-26,-0.0065257711020474,0.036776597263271,0.0379650485393407,0,High-Volatility Transition
2025-03-27,0.0031785494123917,0.0363908197528105,0.0753749468271594,3,Moderate-Volatility Bullish
2025-03-28,-0.0323932899165662,0.0357171892569923,0.00457366897887,2,High-Volatility Bearish
2025-03-29,-0.0208120566039186,0.035921888935815,-0.020695507320452,2,High-Volatility Bearish
2025-03-30,-0.0031848691098436,0.0359195608308227,-0.0029688179977672,0,High-Volatility Transition
2025-03-31,0.0026038970780313,0.0357289467478948,-0.0181595117791929,0,High-Volatility Transition
2025-04-01,0.0317418810684309,0.0314445531557832,0.0296266479082671,0,High-Volatility Transition
2025-04-02,-0.0315074208005501,0.0277589991399256,-0.0502970989196067,2,High-Volatility Bearish
2025-04-03,0.0074815041355174,0.027673027949495,-0.0126458673542365,0,High-Volatility Transition
2025-04-04,0.0089163820199409,0.0266923965275599,-0.0023730343429048,0,High-Volatility Transition
2025-04-05,-0.0040433257264926,0.0266777218304496,-0.003908836800472,0,High-Volatility Transition
2025-04-06,-0.0633533964272636,0.0283022568240536,-0.0911039168548955,2,High-Volatility Bearish
2025-04-07,0.0130519502961308,0.0284434919985661,-0.0944420649506274,0,High-Volatility Transition
2025-04-08,-0.037399763343434,0.026788219631501,-0.1280385496095255,2,High-Volatility Bearish
2025-04-09,0.0826253916648998,0.0304623504140669,-0.0497915504130829,1,Low-Volatility Neutral
2025-04-10,-0.0356990599146636,0.0295101503727239,-0.0866163339014716,2,High-Volatility Bearish
2025-04-11,0.0474554622745788,0.030749538010521,-0.0112421707733011,1,Low-Volatility Neutral
2025-04-12,0.0225679172717334,0.0303939394752975,0.0325617680828482,0,High-Volatility Transition
2025-04-13,-0.0187851695788582,0.0299395388456909,0.0164020275896188,0,High-Volatility Transition
2025-04-14,0.0102457346314681,0.0299857749526004,0.0241490343651362,0,High-Volatility Transition
2025-04-15,-0.0103308935439746,0.0297867936073468,-0.0176141161698949,0,High-Volatility Transition
2025-04-16,0.0043609345644122,0.0296174377846288,0.0187687810701304,0,High-Volatility Transition
2025-04-17,0.0102563744993067,0.0295008214962174,0.0215747395780943,0,High-Volatility Transition
2025-04-18,-0.005241078764249,0.0280433597558962,0.0072396523781619,0,High-Volatility Transition
2025-04-19,0.0072540383394437,0.0274778601855412,0.0186650018421472,0,High-Volatility Transition
2025-04-20,0.0013036230231544,0.0274749116604182,0.088983777980701,0,High-Volatility Transition
2025-04-21,0.0275270995296317,0.0278939498030653,0.1045438908599314,3,Moderate-Volatility Bullish
2025-04-22,0.0676766270145201,0.0300782244388393,0.2251146954616549,3,Moderate-Volatility Bullish
2025-04-23,0.0027527134594511,0.0299682686160611,0.1347296069640604,3,Moderate-Volatility Bullish
2025-04-24,0.0026114175645013,0.0299628466816674,0.1798110034922968,3,Moderate-Volatility Bullish
2025-04-25,0.0082677425315635,0.0299255937847664,0.135671558313231,3,Moderate-Volatility Bullish
2025-04-26,-0.0007767095032226,0.0299348782111807,0.1097448416424302,3,Moderate-Volatility Bullish
2025-04-27,-0.0094254080977105,0.0292804576958666,0.1203306447720558,0,High-Volatility Transition
2025-04-28,0.0130543255265145,0.0289442498818622,0.1234452834589452,3,Moderate-Volatility Bullish
2025-04-29,-0.0073064863193083,0.0289945068677954,0.1268785077655803,3,Moderate-Volatility Bullish
2025-04-30,-0.0008217291810309,0.0290107226127486,0.1210636336633248,3,Moderate-Volatility Bullish
2025-05-01,0.0242552661450776,0.0288025638279102,0.136597956169773,3,Moderate-Volatility Bullish
2025-05-02,0.0043291974532626,0.0279864576892661,0.1475328230572108,3,Moderate-Volatility Bullish
2025-05-03,-0.0105074058270356,0.0281405975205256,0.1272977687510155,0,High-Volatility Transition
2025-05-04,-0.0164333171747127,0.0284033030668896,0.107328987404597,0,High-Volatility Transition
2025-05-05,0.0045811763897039,0.0283593919716098,0.082600991571464,0,High-Volatility Transition
2025-05-06,0.0216829979441366,0.025431433107845,0.0359644471555768,0,High-Volatility Transition
2025-05-07,0.0023743581586117,0.0254248687431516,0.0355735605144325,0,High-Volatility Transition
2025-05-08,0.0639904374645787,0.0260394945668916,0.0989704948254466,3,Moderate-Volatility Bullish
2025-05-09,-0.0026211308184007,0.0222717557124875,0.087102069377801,0,High-Volatility Transition
2025-05-10,0.0167569417589277,0.0207614753976456,0.1061777542143262,0,High-Volatility Transition
2025-05-11,-0.0056350471937813,0.0196351755849516,0.1104104621261234,0,High-Volatility Transition
2025-05-12,-0.0124238928127439,0.019754252526705,0.0824837463643184,0,High-Volatility Transition
2025-05-13,0.013197358248725,0.0192016751218599,0.1048421864840505,0,High-Volatility Transition
2025-05-14,-0.0060516422404043,0.0193512285616651,0.0990592058604793,0,High-Volatility Transition
2025-05-15,0.0019821105262978,0.019100910547483,0.0751593856344969,0,High-Volatility Transition
2025-05-16,-0.002461347024402,0.019178372756965,0.06788993887616,0,High-Volatility Transition
2025-05-17,-0.0028814878109744,0.0192545645615253,0.0761200571933697,0,High-Volatility Transition
2025-05-18,0.0315426651965986,0.0196353395964611,0.1286105672877366,3,Moderate-Volatility Bullish
2025-05-19,-0.007889709931436,0.0198467452497463,0.1145999781822697,0,High-Volatility Transition
2025-05-20,0.0112200465304801,0.0198239010257184,0.1031854734475816,0,High-Volatility Transition
2025-05-21,0.0270340184497199,0.0198071376109618,0.1303252129988581,3,Moderate-Volatility Bullish
2025-05-22,0.0181914486386793,0.0164129368069941,0.0816708736580591,0,High-Volatility Transition
2025-05-23,-0.0392706682020235,0.0183823625785068,0.0419239546628373,0,High-Volatility Transition
2025-05-24,0.0046916740734872,0.0183781919707762,0.0295600445634063,0,High-Volatility Transition
2025-05-25,0.0115430098190454,0.0184094815545874,0.0473461110309814,0,High-Volatility Transition
2025-05-26,0.0037141753716718,0.0183802679359091,0.0644608861146356,0,High-Volatility Transition
2025-05-27,-0.0040727802177084,0.0182608627643535,0.046316951228073,0,High-Volatility Transition
2025-05-28,-0.0109391846531444,0.0184292971358555,0.0411718967226022,0,High-Volatility Transition
2025-05-29,-0.0200419633794435,0.018849949922743,0.0182864114817979,0,High-Volatility Transition
2025-05-30,-0.0155543369783418,0.0191682555009688,0.004921101058994,0,High-Volatility Transition
2025-05-31,0.0061493483571777,0.0187724189537158,0.0140226047565428,0,High-Volatility Transition
2025-06-01,0.009690618169351,0.0188122359423255,-0.0074582999054171,0,High-Volatility Transition
2025-06-02,0.0021715582000447,0.0186387313276698,0.0026073432758839,0,High-Volatility Transition
2025-06-03,-0.0042411787466475,0.018319878456451,-0.0127221965726159,0,High-Volatility Transition
2025-06-04,-0.0066439151364365,0.0184194459051374,-0.0450964662634126,0,High-Volatility Transition
2025-06-05,-0.030134359325224,0.0190741361675285,-0.0904184780099313,0,High-Volatility Transition
2025-06-06,0.0277072529315731,0.0196533374559346,-0.0270063624139452,0,High-Volatility Transition
2025-06-07,0.0117374960746787,0.0160038362026168,-0.0201828361962672,0,High-Volatility Transition
2025-06-08,0.0016855786016509,0.0159906372880765,-0.0297311007822145,0,High-Volatility Transition
2025-06-09,0.0425399179579173,0.0174880340875363,0.0078009092708664,0,High-Volatility Transition
2025-06-10,-0.0003342625487465,0.0174361334757143,0.0115839984678145,0,High-Volatility Transition
2025-06-11,-0.0142449552984263,0.0174913856901396,0.00820294784334,0,High-Volatility Transition
2025-06-12,-0.0253717539991695,0.0180486398825425,0.0027195389488872,0,High-Volatility Transition
2025-06-13,0.0015285141831733,0.018003638456861,0.0201194923277565,0,High-Volatility Transition
2025-06-14,-0.0058304915798971,0.0180449241730536,0.0079733151675462,0,High-Volatility Transition
2025-06-15,0.0007548627203146,0.0180349976691644,-0.0009472421610164,0,High-Volatility Transition
2025-06-16,0.011792615001237,0.0181300268558189,0.0086438735036711,0,High-Volatility Transition
2025-06-17,-0.0205590569411744,0.0176218776767544,-0.0078851569384312,0,High-Volatility Transition
2025-06-18,0.0026979724986506,0.0175733349168283,0.001445057600151,0,High-Volatility Transition
2025-06-19,-0.0018977187896134,0.0174452126513537,0.0306011003773192,0,High-Volatility Transition
2025-06-20,-0.0131317460557932,0.0167867291593431,-0.0103528942302194,0,High-Volatility Transition
2025-06-21,-0.0101848743639132,0.0164134910227422,-0.031796609166494,0,High-Volatility Transition
2025-06-22,-0.0124222359199532,0.0150301018220319,-0.0454328580542295,0,High-Volatility Transition
2025-06-23,0.0454575977108471,0.0173161829322657,-0.0427613812360347,0,High-Volatility Transition
2025-06-24,0.0044314192255339,0.0171931968567182,-0.0381979612165471,0,High-Volatility Transition
2025-06-25,0.0124062157498381,0.0173442024015842,-0.0121943908691616,0,High-Volatility Transition
2025-06-26,-0.0037374544661238,0.017341925169571,0.0097324130338118,0,High-Volatility Transition
2025-06-27,0.0012007263229245,0.0172308287542939,0.009401940139226,0,High-Volatility Transition
2025-06-28,0.0022343537784448,0.0168158850073753,0.0175903531640533,0,High-Volatility Transition
2025-06-29,0.0098564224957646,0.016609538238294,0.026845026582345,0,High-Volatility Transition
2025-06-30,-0.0115350629368401,0.0167524177736716,0.0031703034055998,0,High-Volatility Transition
2025-07-01,-0.0134134520130533,0.016866033427316,0.0104890281480771,0,High-Volatility Transition
2025-07-02,0.0299062484755399,0.0177191691076143,0.0379087149366714,0,High-Volatility Transition
2025-07-03,0.0072447287722909,0.0177244253277426,0.0474157826781105,0,High-Volatility Transition
2025-07-04,-0.0147165563432009,0.0179119548302697,0.0457337392027559,0,High-Volatility Transition
2025-07-05,0.0018220480395592,0.0169069640266411,0.0584189806545185,0,High-Volatility Transition
2025-07-06,0.0092477105755468,0.016272685290573,0.0816433620802896,0,High-Volatility Transition
2025-07-07,-0.0085342953523908,0.0162597656844939,0.0257826816797894,0,High-Volatility Transition
2025-07-08,0.0060057503829968,0.0162854955955011,0.0273904784946279,0,High-Volatility Transition
2025-07-09,0.0218106956047536,0.0148427864837632,0.036934150696382,0,High-Volatility Transition
2025-07-10,0.0418646606874946,0.0166578138731168,0.0843979349756918,0,High-Volatility Transition
2025-07-11,0.0131892917604998,0.0164975845730699,0.0973827194070555,0,High-Volatility Transition
2025-07-12,-0.0006957770402219,0.0156406984365461,0.0941744129726525,0,High-Volatility Transition
2025-07-13,0.0143133425480761,0.0157571843464711,0.0990034636904286,0,High-Volatility Transition
2025-07-14,0.0061585783252593,0.0156513124635595,0.1186757578742949,0,High-Volatility Transition
2025-07-15,-0.0172926221005188,0.0161350429146162,0.1142772248247887,0,High-Volatility Transition
2025-07-16,0.0081621945039229,0.0160864474037538,0.0907518756468444,0,High-Volatility Transition
2025-07-17,0.004643278306736,0.0154222436707386,0.0879347479978718,0,High-Volatility Transition
2025-07-18,-0.0107856389702077,0.015671132903754,0.0922752061971039,0,High-Volatility Transition
2025-07-19,-0.0005360022928398,0.0156552648943636,0.0897042506885037,0,High-Volatility Transition
2025-07-20,-0.0054196000256221,0.0154241805748786,0.0738676720757589,0,High-Volatility Transition
2025-07-21,0.0011828564931994,0.0151925322697077,0.0843924286888377,0,High-Volatility Transition
2025-07-22,0.021763326222183,0.0151432441334865,0.1013778146351886,0,High-Volatility Transition
2025-07-23,-0.010337504434577,0.0134452338285765,0.066726274524995,0,High-Volatility Transition
2025-07-24,-0.0032584822936673,0.0135101607590977,0.0205263754177622,0,High-Volatility Transition
2025-07-25,-0.0061850938387063,0.0135261859595596,0.0010116888016526,0,High-Volatility Transition
2025-07-26,0.0026478687246855,0.0134643524497014,0.0043610477025599,0,High-Volatility Transition
2025-07-27,0.0127270750996388,0.0135649429201512,0.0027903444793857,0,High-Volatility Transition
2025-07-28,-0.0127587682112196,0.013894357918886,-0.0160636740208862,0,High-Volatility Transition
2025-07-29,-1.974250866199068e-05,0.0138490121957839,0.0012308065812829,0,High-Volatility Transition
2025-07-30,-0.0007713643170961,0.0135991388144359,-0.0076413316051836,0,High-Volatility Transition
2025-07-31,-0.0175928327549105,0.0137958777130026,-0.0296055432212769,0,High-Volatility Transition
2025-08-01,-0.0210621547474024,0.0135198089561825,-0.0396865472362282,0,High-Volatility Transition
2025-08-02,-0.0069993935182635,0.0135585237015648,-0.0458967574674008,0,High-Volatility Transition
2025-08-03,0.015025363723748,0.0134603091581237,-0.0262838571857966,0,High-Volatility Transition
2025-08-04,0.0074787983634865,0.0134981125402861,-0.020160639839875,0,High-Volatility Transition
2025-08-05,-0.0080857067535434,0.0135539010997064,-0.0487849372889446,0,High-Volatility Transition
2025-08-06,0.0077671584153571,0.0134619397903679,-0.0313836231183762,0,High-Volatility Transition
2025-08-07,0.0214634561802344,0.013905192547788,-0.007359265701034,0,High-Volatility Transition
2025-08-08,-0.0068782400705657,0.0135205945791776,-0.008051592994883,0,High-Volatility Transition
2025-08-09,-0.0016142706587778,0.0111917677870154,-0.0122682502119755,0,High-Volatility Transition
2025-08-10,0.0240891826648066,0.0117887420320549,-0.0011865731614051,0,High-Volatility Transition
2025-08-11,-0.0048221283567536,0.0118280381032729,0.0068430980024092,0,High-Volatility Transition
2025-08-12,0.0121405153765801,0.0117464867583535,0.0190868114457134,0,High-Volatility Transition
2025-08-13,0.0263882795960923,0.0126376346111087,0.0467862126909313,0,High-Volatility Transition
2025-08-14,-0.0404112226723519,0.0143787097762834,0.0224724894631522,0,High-Volatility Transition
2025-08-15,-0.0081212401879706,0.0143776490895795,0.0359889033904308,0,High-Volatility Transition
2025-08-16,0.0007921746665282,0.0143493582243577,0.0441177787675102,0,High-Volatility Transition
2025-08-17,-0.0003258883482979,0.0142149148133291,0.0283265327675459,0,High-Volatility Transition
2025-08-18,-0.010223232791397,0.014335667872952,0.0102581939101789,0,High-Volatility Transition
2025-08-19,-0.0294285140564407,0.015266597359309,-0.0114793151726151,0,High-Volatility Transition
2025-08-20,0.0127940034305953,0.0154743609814275,-0.0065484735238376,0,High-Volatility Transition
2025-08-21,-0.0162390297451311,0.0151154178695556,-0.0432170317261698,0,High-Volatility Transition
2025-08-22,0.0396290079888053,0.016827834248218,0.0015884942826993,0,High-Volatility Transition
2025-08-23,-0.0128322527656131,0.0169741505566364,-0.0096654744761383,0,High-Volatility Transition
2025-08-24,-0.0166059336477717,0.0171951547162647,-0.0490192528254862,0,High-Volatility Transition
2025-08-25,-0.0293859004939791,0.0179355409539467,-0.0724921163668665,0,High-Volatility Transition
2025-08-26,0.0152400868989226,0.0180130212474366,-0.0696517231811558,0,High-Volatility Transition
2025-08-27,-0.0051930228625494,0.0179105307904252,-0.0982779369700102,0,High-Volatility Transition
2025-08-28,0.0118928039794263,0.0180824395022616,-0.0491280344997427,0,High-Volatility Transition
2025-08-29,-0.0367317599553232,0.0191971236429752,-0.0765557225070172,0,High-Volatility Transition
2025-08-30,0.0036641574761864,0.0190159097533708,-0.0739057056925666,0,High-Volatility Transition
2025-08-31,-0.0052510753417374,0.018682299765053,-0.0784683801880432,0,High-Volatility Transition
2025-09-01,0.0093672729309508,0.018750766844111,-0.0602286406130631,0,High-Volatility Transition
2025-09-02,0.0178488017370614,0.0188398833399775,-0.014451623695827,0,High-Volatility Transition
2025-09-03,0.0046998403434108,0.0188049819534187,-0.0223280420603662,0,High-Volatility Transition
2025-09-04,-0.0089471951854229,0.0188171255140503,-0.0150813404870004,0,High-Volatility Transition
2025-09-05,-0.0006558419928113,0.0187469618881285,-0.0532462052009363,0,High-Volatility Transition
2025-09-06,-0.0038525555367432,0.0182586808439202,-0.0446341304533598,0,High-Volatility Transition
2025-09-07,0.0085545428120867,0.0183327566560445,-0.0201907650785367,0,High-Volatility Transition
2025-09-08,0.0081301778599391,0.0184159066866965,0.0176807227227573,0,High-Volatility Transition
2025-09-09,-0.0048262328231931,0.0177969471023058,-0.002433836405385,0,High-Volatility Transition
2025-09-10,0.0217412410137076,0.0183097596757564,0.0245751320696827,0,High-Volatility Transition
2025-09-11,0.0136209450438582,0.0183489211315162,0.0263249323967156,0,High-Volatility Transition
2025-09-12,0.0051428596550617,0.0176457131735662,0.0709407147449152,0,High-Volatility Transition
2025-09-13,-0.0013011908618274,0.0160743833517332,0.0656425344139153,0,High-Volatility Transition
2025-09-14,-0.0046817523505617,0.0160308012082729,0.0662524318263955,0,High-Volatility Transition
2025-09-15,0.0003224981011604,0.0160297801643723,0.0566979184037614,0,High-Volatility Transition
2025-09-16,0.0121123826414988,0.0161934203231764,0.0507425524328748,0,High-Volatility Transition
2025-09-17,-0.0032066883445814,0.0160917185452885,0.042473688638027,0,High-Volatility Transition
2025-09-18,0.0057414259447414,0.0151109386531666,0.0579244304917205,0,High-Volatility Transition
2025-09-19,-0.0123645068463384,0.0151525424968867,0.0455294187255168,0,High-Volatility Transition
2025-09-20,0.0002861257573012,0.014818950163774,0.0498732666886907,0,High-Volatility Transition
2025-09-21,-0.0035936756008188,0.0129205590545298,0.0372273569156373,0,High-Volatility Transition
2025-09-22,-0.0221808393149213,0.0133375261119058,0.0060414873521998,0,High-Volatility Transition
2025-09-23,-0.0065101332757383,0.0130460257150856,0.0043391979915816,0,High-Volatility Transition
2025-09-24,0.0117318098326555,0.0120083230218388,-0.0054997550438816,0,High-Volatility Transition
2025-09-25,-0.0377604815640906,0.0136338610113,-0.0559119348608535,0,High-Volatility Transition
2025-09-26,0.0060847628462732,0.0136622954937962,-0.0550272451346147,0,High-Volatility Transition
2025-09-27,-0.0002814877077529,0.0134650588611172,-0.0540623979856706,0,High-Volatility Transition
2025-09-28,0.0222524801647718,0.0122878241920677,-0.0284644514215234,0,High-Volatility Transition
2025-09-29,0.0203147390643254,0.0127697278793425,-0.0090475405469493,0,High-Volatility Transition
2025-09-30,-0.003009577997342,0.0127338510134543,-0.0238533509923288,0,High-Volatility Transition
2025-10-01,0.0402682917991483,0.0144931473847238,0.018721128277098,0,High-Volatility Transition
2025-10-02,0.0171289208453273,0.0144680423577641,0.0302555856973814,0,High-Volatility Transition
2025-10-03,0.0131360367486641,0.014587092517218,0.0568565712423423,0,High-Volatility Transition
2025-10-04,0.0012996069805488,0.0144138943096549,0.0579273691500998,0,High-Volatility Transition
2025-10-05,0.0088874254129824,0.0144253493871398,0.071179089895238,0,High-Volatility Transition
2025-10-06,0.0100317367949158,0.0143949583897871,0.1064672488390054,0,High-Volatility Transition
2025-10-07,-0.0264615748027157,0.0154161025810206,0.0842469752799861,0,High-Volatility Transition
2025-10-08,0.015672809406696,0.0155623128299978,0.0884704432249545,0,High-Volatility Transition
2025-10-09,-0.0133702162517275,0.0157930032102418,0.1160603336693577,0,High-Volatility Transition
2025-10-10,-0.0697685211783174,0.0202607727759009,0.0319154935875918,2,High-Volatility Bearish
2025-10-11,-0.0212559981103326,0.0204510764648318,0.0102654771192471,0,High-Volatility Transition
2025-10-12,0.039364372838716,0.0217301843230416,0.0271767145601864,0,High-Volatility Transition
2025-10-13,0.0008796796576793,0.0217294573389476,0.0076109475431305,0,High-Volatility Transition
2025-10-14,-0.0186726288806453,0.0219828548436867,-0.0082189553261864,0,High-Volatility Transition
2025-10-15,-0.02064646024028,0.0222893078369098,-0.0662944507440312,0,High-Volatility Transition
2025-10-16,-0.0234433185040173,0.0225051645893122,-0.1035390165506359,0,High-Volatility Transition
2025-10-17,-0.0158823635183403,0.0226410647116439,-0.1292155917566362,0,High-Volatility Transition
2025-10-18,0.0068610099724264,0.0226564398217362,-0.1243790942892213,0,High-Volatility Transition
2025-10-19,0.0136984055100004,0.0227724725132256,-0.1202036088546765,0,High-Volatility Transition
2025-10-20,0.0176891223946731,0.0230482609279556,-0.1135335806062051,0,High-Volatility Transition
2025-10-21,-0.0190981056464526,0.0232753084285521,-0.1068286905183317,0,High-Volatility Transition
2025-10-22,-0.0072670287925667,0.022981702793499,-0.1270017276755458,0,High-Volatility Transition
2025-10-23,0.0221113556675538,0.0233478749165299,-0.09560661727536,0,High-Volatility Transition
2025-10-24,0.0087598592511493,0.0233012480952735,-0.0192594400045433,0,High-Volatility Transition
2025-10-25,0.0054740450236843,0.0222239877789115,0.0075251302419607,0,High-Volatility Transition
2025-10-26,0.0253553831274302,0.0226496872585909,-0.0060547167801879,0,High-Volatility Transition
2025-10-27,-0.0030847352525406,0.0226637835519753,-0.0099916650276407,0,High-Volatility Transition
2025-10-28,-0.010192524628483,0.0224157718654071,-0.0014365445467974,0,High-Volatility Transition
2025-10-29,-0.0256812844086571,0.0225856051701625,-0.0065701262566337,0,High-Volatility Transition
2025-10-30,-0.0158988957185517,0.0227463775116519,0.0011046509654628,0,High-Volatility Transition
2025-10-31,0.0115471203791934,0.021499307013314,0.0290075996429963,0,High-Volatility Transition
2025-11-01,0.0046355361822478,0.0212267028077171,0.0267331750499111,0,High-Volatility Transition
2025-11-02,0.0052297689824543,0.0210699613820434,0.0181556434852872,0,High-Volatility Transition
2025-11-03,-0.036985858931644,0.0219354953005974,-0.0365444015184894,0,High-Volatility Transition
2025-11-04,-0.046523840630681,0.0230824094374298,-0.0634823430854584,2,High-Volatility Bearish
2025-11-05,0.0226528264854919,0.0235002674001823,-0.0352567541578041,0,High-Volatility Transition
2025-11-06,-0.0249350379808326,0.0234556195288697,-0.0796625718427772,0,High-Volatility Transition
2025-11-07,0.020445121741957,0.0236215803368879,-0.0690015762356408,0,High-Volatility Transition
2025-11-08,-0.010547196317199,0.023595167621783,-0.0838361217009685,0,High-Volatility Transition
2025-11-09,0.0238313744819302,0.0208311817644425,-0.0851978365699769,0,High-Volatility Transition
2025-11-10,0.0121940174486727,0.0206810006365959,-0.0711775516773355,0,High-Volatility Transition
2025-11-11,-0.0282945413045407,0.0197657452485724,-0.0881642484511933,0,High-Volatility Transition
2025-11-12,-0.0129545052533147,0.0198207089549771,-0.0762536363997107,0,High-Volatility Transition
2025-11-13,-0.0193353696735113,0.0198380026498188,-0.0794793520357264,0,High-Volatility Transition
2025-11-14,-0.05315783786249,0.0215889334489964,-0.1383616807845918,2,High-Volatility Bearish
2025-11-15,0.0121968892114379,0.0215248552860844,-0.1318765911372316,0,High-Volatility Transition
2025-11-16,-0.014359838208265,0.0214974195188706,-0.1487943119384217,0,High-Volatility Transition
2025-11-17,-0.0221200653755151,0.0216499141947551,-0.1356544757793305,0,High-Volatility Transition
2025-11-18,0.0092840050437665,0.0215344008220617,-0.0850635290093417,0,High-Volatility Transition
2025-11-19,-0.0159537467505658,0.0211870303378212,-0.1196036593046178,0,High-Volatility Transition
2025-11-20,-0.0528512689185111,0.022740900022394,-0.1448095158586718,2,High-Volatility Bearish
2025-11-21,-0.0177903401090984,0.0228227562648416,-0.1768529863355096,0,High-Volatility Transition
2025-11-22,-0.0051983141515926,0.0221324564081207,-0.1724031365148065,0,High-Volatility Transition
2025-11-23,0.0254777346356571,0.0227823018557848,-0.171072328987951,0,High-Volatility Transition
2025-11-24,0.0168832965336012,0.0231064884991746,-0.1672320838140141,0,High-Volatility Transition
2025-11-25,-0.0105207426881414,0.0222582198909387,-0.1519996395542487,0,High-Volatility Transition
2025-11-26,0.0363683055149117,0.0237209425547181,-0.1096249349106823,0,High-Volatility Transition
2025-11-27,0.0084735047298325,0.02388987463987,-0.084376417128722,0,High-Volatility Transition
2025-11-28,-0.0040106027389381,0.0236253231966131,-0.0368496282809854,0,High-Volatility Transition
2025-11-29,-0.0007425028351905,0.0235699681445864,-0.0491620354740537,0,High-Volatility Transition
2025-11-30,-0.0050350738776466,0.0233481337489494,-0.0401665214117089,0,High-Volatility Transition
2025-12-01,-0.0450552924720789,0.0243018006058209,-0.062678486354277,2,High-Volatility Bearish
2025-12-02,0.0582546493801656,0.0270530246396822,-0.0171994752491625,0,High-Volatility Transition
2025-12-03,0.0238379498677223,0.0269304584045519,0.0225418480758772,0,High-Volatility Transition
2025-12-04,-0.0148210437755016,0.0258019435339758,0.0635992822721638,0,High-Volatility Transition
2025-12-05,-0.0298873303732162,0.0257889825541196,0.0504998894561758,0,High-Volatility Transition
2025-12-06,-0.0012908122468182,0.0255083096362055,0.0546261694750065,0,High-Volatility Transition
2025-12-07,0.0126944715540502,0.0252916754975728,0.0414795517359714,0,High-Volatility Transition
2025-12-08,0.0025945560296725,0.025290821263447,0.0268451968344485,0,High-Volatility Transition
2025-12-09,0.0226335306163294,0.0252467484795724,0.0612514828133192,0,High-Volatility Transition
2025-12-10,-0.0072365222112718,0.025072259681428,0.0165997042554639,0,High-Volatility Transition
2025-12-11,0.0053291196187417,0.0247161564051337,0.0134299819385088,0,High-Volatility Transition
2025-12-12,-0.0242232138612067,0.0249528056837818,-0.007136568449378,0,High-Volatility Transition
2025-12-13,0.0003134678764229,0.0247842573456802,-0.0060873547008455,0,High-Volatility Transition
2025-12-14,-0.0235167393637523,0.0232595494465433,-0.0245494738676175,0,High-Volatility Transition
2025-12-15,-0.019908078936967,0.023321885876326,0.0011377334441955,0,High-Volatility Transition
2025-12-16,0.0164800593614091,0.0234866146108509,-0.0383821669799926,0,High-Volatility Transition
2025-12-17,-0.0193550710910589,0.0234104462828237,-0.0789502854223079,0,High-Volatility Transition
2025-12-18,-0.0079082921072796,0.0233360420708966,-0.0724875124299142,0,High-Volatility Transition
2025-12-19,0.0309009771371784,0.0239662192779754,-0.0143685783314322,0,High-Volatility Transition
2025-12-20,0.0027310777386615,0.0218743259788446,-0.0103993536634373,0,High-Volatility Transition
2025-12-21,0.0031439599746445,0.0215901735506769,-0.0197320721657128,0,High-Volatility Transition
2025-12-22,-0.0014864790528285,0.0215606034231506,-0.0237222272884221,0,High-Volatility Transition
2025-12-23,-0.0121597404791959,0.0212219142185155,-0.0569383268915885,0,High-Volatility Transition
2025-12-24,0.0022646365284737,0.0209982081947079,-0.0479128350619224,0,High-Volatility Transition
2025-12-25,-0.0043055622310417,0.0209217368580181,-0.0570372668011716,0,High-Volatility Transition
2025-12-26,0.0007644603322913,0.0197759713881873,-0.0328898942785881,0,High-Volatility Transition
2025-12-27,0.0057356055255037,0.0197369402554394,-0.0276477334125841,0,High-Volatility Transition
2025-12-28,0.0003835861092533,0.0197309668987745,-0.003848517816495,0,High-Volatility Transition
2025-12-29,-0.0079431738202667,0.019771955272603,0.0083124414874633,0,High-Volatility Transition
2025-12-30,0.0148269423496205,0.0199707324252073,0.0066726075970982,0,High-Volatility Transition
2025-12-31,-0.0104184474024646,0.0182341813504366,0.015846421692808,0,High-Volatility Transition
2026-01-01,0.0139775183396675,0.0148937516219118,0.0382562675281312,0,High-Volatility Transition
2026-01-02,0.013667122921255,0.014420362423767,0.0208994529065773,0,High-Volatility Transition
2026-01-03,0.007321078638514,0.0142650052570732,0.0255726195327357,0,High-Volatility Transition
2026-01-04,0.0089434456983095,0.0132269539445575,0.0315017722793784,0,High-Volatility Transition
2026-01-05,0.0270098258026907,0.0140537195939466,0.0609395198363658,0,High-Volatility Transition
2026-01-06,-0.0016352711961346,0.0139126069209822,0.0722427900565128,0,High-Volatility Transition
2026-01-07,-0.0258295272042513,0.0147630940501626,0.0421870907858881,0,High-Volatility Transition
2026-01-08,-0.0030767240465419,0.014158794919054,0.0434733079665525,0,High-Volatility Transition
2026-01-09,-0.0056469259849742,0.0141356981111887,0.0367883078948001,0,High-Volatility Transition
2026-01-10,-0.0013970698475367,0.0140940896918171,0.0294354068041466,0,High-Volatility Transition
2026-01-11,0.0048769647688045,0.0134021658900417,0.0340592762403799,0,High-Volatility Transition
2026-01-12,0.0040244574298022,0.013419487595055,0.0465336020876334,0,High-Volatility Transition
2026-01-13,0.0452752888512626,0.014976190686597,0.0779332589278418,0,High-Volatility Transition
2026-01-14,0.0168644233659869,0.0145603440330246,0.1076519958254211,0,High-Volatility Transition
2026-01-15,-0.0142179941990596,0.0147260063048947,0.0768516919015427,0,High-Volatility Transition
2026-01-16,-0.0002728413239239,0.0141311863548991,0.062042812592912,0,High-Volatility Transition
2026-01-17,-0.0044511362562938,0.0140484011964074,0.0496310836194366,0,High-Volatility Transition
2026-01-18,-0.0154100251462483,0.0134852307847905,0.0242955109454148,0,High-Volatility Transition
2026-01-19,-0.0115431464804904,0.0137127801456433,-0.0141555685390498,0,High-Volatility Transition
2026-01-20,-0.0458403323749921,0.0162157716732095,-0.0578062626674166,0,High-Volatility Transition
2026-01-21,0.0120716085109815,0.0163609090142869,-0.0211492157686321,0,High-Volatility Transition
2026-01-22,0.0009565349571438,0.0161863112436993,-0.0171890727626518,0,High-Volatility Transition
2026-01-23,0.0004630084862766,0.0161844125179344,-0.0111500605445844,0,High-Volatility Transition
2026-01-24,-0.0043924425059809,0.0161853725873052,-0.0141161784904798,0,High-Volatility Transition
2026-01-25,-0.0284872035092573,0.0170479635026896,-0.0468497318275593,0,High-Volatility Transition
2026-01-26,0.0195781267879311,0.017396215297788,-0.0320841710784554,0,High-Volatility Transition
2026-01-27,0.0094647870270239,0.0174761394149409,-0.0652443843992895,0,High-Volatility Transition
2026-01-28,0.0009202877056453,0.0174010479943205,-0.0799010780567092,0,High-Volatility Transition
2026-01-29,-0.0518361456337257,0.0196722038618043,-0.1150127156975416,2,High-Volatility Bearish
2026-01-30,-0.0051196968777286,0.019611216920709,-0.1193032918779951,0,High-Volatility Transition
2026-01-31,-0.0654656725543503,0.0226325212011543,-0.1732788456878004,2,High-Volatility Bearish
2026-02-01,-0.0209443967970198,0.0225949930533433,-0.1779258380768893,0,High-Volatility Transition
2026-02-02,0.0222712915376035,0.023035015112717,-0.1498032390017271,0,High-Volatility Transition
2026-02-03,-0.0388266193494505,0.023719720076757,-0.1435537230148172,2,High-Volatility Bearish
2026-02-04,-0.034559317366405,0.0234250272106038,-0.1830142537956554,2,High-Volatility Bearish
2026-02-05,-0.1412989238135854,0.0337182901392221,-0.2991238730214508,2,High-Volatility Bearish
2026-02-06,0.1252476912623226,0.0419670208771533,-0.2117057431870966,1,Low-Volatility Neutral
2026-02-07,-0.0180485412059895,0.0419992477794821,-0.2225182607244111,2,High-Volatility Bearish
2026-02-08,0.0141849002017571,0.0421962919672068,-0.1883686524725923,1,Low-Volatility Neutral
2026-02-09,-0.0020486141417196,0.0421931938860793,-0.2055845385554541,1,Low-Volatility Neutral
2026-02-10,-0.018921927121284,0.0421751738400753,-0.227923945445948,2,High-Volatility Bearish
2026-02-11,-0.0261940461479914,0.0422303757376152,-0.2488390254585272,2,High-Volatility Bearish
2026-02-12,-0.0114957809774772,0.040950633842342,-0.2168803007201759,2,High-Volatility Bearish
2026-02-13,0.0398055966238481,0.0417009723344695,-0.1815173709017847,1,Low-Volatility Neutral
2026-02-14,0.0132124562788098,0.0419163619910566,-0.1126095952870486,1,Low-Volatility Neutral
2026-02-15,-0.0140385673154274,0.0418864576708466,-0.1063503319740145,2,High-Volatility Bearish
2026-02-16,0.0007991015899351,0.0419215021040738,-0.1251209025430687,1,Low-Volatility Neutral
2026-02-17,-0.0195943587348234,0.0419475920810829,-0.107615317029253,2,High-Volatility Bearish
2026-02-18,-0.0158368888076062,0.041960399595293,-0.0903096360335962,2,High-Volatility Bearish
2026-02-19,0.0080120520683413,0.0415298321403527,0.0678673591524705,1,Low-Volatility Neutral
2026-02-20,0.0156501970757347,0.0415955617690013,-0.0361413738540973,1,Low-Volatility Neutral
2026-02-21,-2.435467576455963e-05,0.0415884862484007,-0.0184492898810701,1,Low-Volatility Neutral
2026-02-22,-0.0050640578037842,0.0415607864125554,-0.0370788596918906,1,Low-Volatility Neutral
2026-02-23,-0.0449701411089231,0.042081717071976,-0.0784937485098257,2,High-Volatility Bearish
2026-02-24,-0.0083058248802962,0.0419335277298954,-0.0685222642294524,1,Low-Volatility Neutral
2026-02-25,0.0605505528943264,0.0435368374726734,0.0144518256152905,1,Low-Volatility Neutral
2026-02-26,-0.0074507155850581,0.0434155785658918,0.0186030713996845,1,Low-Volatility Neutral
2026-02-27,-0.0233045014739839,0.043463179352294,-0.0432201578342337,2,High-Volatility Bearish
2026-02-28,0.0169100199576182,0.0429425514634628,-0.0397285363375921,1,Low-Volatility Neutral
2026-03-01,-0.018773664883674,0.0429961340808389,-0.0443402573661356,2,High-Volatility Bearish
2026-03-02,0.0462098832761679,0.0426178511159846,-0.0009776525535172,1,Low-Volatility Neutral
2026-03-03,-0.0070112272555694,0.0424976358410225,0.0118444172301794,1,Low-Volatility Neutral
2026-03-04,0.0646755560517786,0.0440474143045285,0.0946214151912374,1,Low-Volatility Neutral
2026-03-05,-0.0257108824218965,0.043729986805973,0.0580009737983373,2,High-Volatility Bearish
2026-03-06,-0.0381788517968906,0.0438299452448753,0.0019273509212385,2,High-Volatility Bearish
2026-03-07,-0.0126789391376752,0.0350892812058097,-0.0107519321655211,0,High-Volatility Transition
2026-03-08,-0.019366170194679,0.0266147708095185,-0.0249722818871456,0,High-Volatility Transition
2026-03-09,0.0368744827769154,0.0273446690997992,0.058586128485357,0,High-Volatility Transition
2026-03-10,0.0222878063572575,0.0275297139885121,0.0912433674412696,3,Moderate-Volatility Bullish
2026-03-11,0.0039750203504864,0.0275347098518897,0.0330305132973196,0,High-Volatility Transition
2026-03-12,0.0041105135916361,0.0272974236896713,0.0450632684443732,0,High-Volatility Transition
2026-03-13,0.0067354429926622,0.026817020746288,0.0772059808819536,0,High-Volatility Transition
2026-03-14,0.003471401940436,0.0266910813633387,0.0629705427224396,0,High-Volatility Transition
2026-03-15,0.0221203027116971,0.0260319577355309,0.1072713134755731,3,Moderate-Volatility Bullish
2026-03-16,0.0284541052380089,0.0264008934020087,0.088479229798704,0,High-Volatility Transition
2026-03-17,-0.0125380144202507,0.0263695211213077,0.0824209608621409,0,High-Volatility Transition
2026-03-18,-0.0362122396594321,0.0273121303595503,-0.0201483750752394,2,High-Volatility Bearish
2026-03-19,-0.0187069723844703,0.027288967087373,-0.0131044776251082,0,High-Volatility Transition
2026-03-20,0.0087222507237532,0.0271178476952163,0.0350193218552237,0,High-Volatility Transition
2026-03-21,-0.0256806025463252,0.0275691514368928,0.0213895378086266,0,High-Volatility Transition
2026-03-22,-0.012607965253281,0.0275420498335538,0.0284286176483266,0,High-Volatility Transition
2026-03-23,0.045244880148251,0.028738697809619,0.036730833915348,0,High-Volatility Transition
2026-03-24,-0.005598262529164,0.0287432579830865,0.0084507866806484,0,High-Volatility Transition
2026-03-25,0.0112315297786931,0.0273912344256921,0.0157396459581191,0,High-Volatility Transition
2026-03-26,-0.035314289032299,0.0282287325059795,-0.0241417560560526,2,High-Volatility Bearish
2026-03-27,-0.035662044616623,0.0268678862221701,-0.0652388864829328,2,High-Volatility Bearish
2026-03-28,-0.0002815819275042,0.0268354186902162,-0.0687348938157015,0,High-Volatility Transition
2026-03-29,-0.0055002278852636,0.0265020981356066,-0.0939002645563125,0,High-Volatility Transition
2026-03-30,0.0111670731548418,0.0263990718737306,-0.1091306721334588,0,High-Volatility Transition
2026-03-31,0.0231194147956335,0.0264697161712164,-0.0769612210934237,0,High-Volatility Transition
2026-04-01,-0.0022680682914228,0.0250951412719654,-0.0444522105209599,0,High-Volatility Transition
2026-04-02,-0.0174795775330772,0.025267640869887,-0.0432570176437452,0,High-Volatility Transition
2026-04-03,0.0006358522809097,0.0220863729597935,-0.0509267254916449,0,High-Volatility Transition
2026-04-04,0.0053699110594254,0.0216864275920797,-0.0206807787312786,0,High-Volatility Transition
2026-04-05,0.0251355305690601,0.0210642198822916,0.0167541302369467,0,High-Volatility Transition
2026-04-06,-0.0017695992030517,0.0209202953112117,-0.0289788525016023,0,High-Volatility Transition
2026-04-07,0.0447412531208666,0.0220149157727515,0.0201770695056637,0,High-Volatility Transition
2026-04-08,-0.0113613533715375,0.0212119006679363,-0.0026156744359044,0,High-Volatility Transition
2026-04-09,0.0090612810708508,0.0209004894761295,0.043264032867373,0,High-Volatility Transition
2026-04-10,0.016876904061948,0.0210940168881117,0.1001030229486326,0,High-Volatility Transition
2026-04-11,0.0010307967248304,0.0210884039415471,0.1015471813202173,0,High-Volatility Transition
2026-04-12,-0.031495312720733,0.0218948640732957,0.072753999831798,0,High-Volatility Transition
2026-04-13,0.0527357560965484,0.0239089130387102,0.1168544972444811,3,Moderate-Volatility Bullish
2026-04-14,-0.004068372317531,0.023616666573228,0.0871758479408426,0,High-Volatility Transition
2026-04-15,0.0084046269048743,0.0230877849467567,0.0988053208293957,0,High-Volatility Transition
2026-04-16,0.0046394535798768,0.0229729052311051,0.1235422204629739,0,High-Volatility Transition
2026-04-17,0.0262765954018477,0.0223247254619793,0.1523323716400995,3,Moderate-Volatility Bullish
2026-04-18,-0.0181605187880359,0.0223067150063126,0.12536232237409,0,High-Volatility Transition
2026-04-19,-0.0246923667756633,0.0228342169588876,0.0706627859686468,0,High-Volatility Transition
2026-04-20,0.0272985577048689,0.0226845129993361,0.1018401512674411,0,High-Volatility Transition
2026-04-21,0.0063296958930805,0.0224817582507697,0.0613292631409765,0,High-Volatility Transition
2026-04-22,0.0242339346915094,0.021462815870507,0.0995417293237213,0,High-Volatility Transition
2026-04-23,0.000842058194423,0.0214009194140133,0.0905855056485311,0,High-Volatility Transition
2026-04-24,-0.0103954453523936,0.0215025731131533,0.0613363124989427,0,High-Volatility Transition
2026-04-25,0.0020231423764509,0.020253844340196,0.0623884404435186,0,High-Volatility Transition
2026-04-26,0.0134711542933207,0.0188553950043908,0.1117138132483903,0,High-Volatility Transition
2026-04-27,-0.0164118287691947,0.0192622767429378,0.0386923310741287,0,High-Volatility Transition
2026-04-28,-0.0131316717641489,0.0194595657215985,0.0292398954171382,0,High-Volatility Transition
2026-04-29,-0.0075250033613407,0.0195566841596243,0.0129811332577898,0,High-Volatility Transition
2026-04-30,0.0069703675866772,0.0192448196057577,0.0153314012108563,0,High-Volatility Transition
2026-05-01,0.0245684606038341,0.0195687069238242,0.013641483594402,0,High-Volatility Transition
2026-05-02,0.0061173716726998,0.0191109709264063,0.0387057404063053,0,High-Volatility Transition
2026-05-03,-0.0015131909328128,0.0191342013864667,0.0633916366155458,0,High-Volatility Transition
2026-05-04,0.0164210441710659,0.0192373110219387,0.0521319528242427,0,High-Volatility Transition
2026-05-05,0.0137689749003031,0.0189550245659733,0.0599098244118709,0,High-Volatility Transition
2026-05-06,0.0061842923164892,0.0189052592963272,0.0412314808885556,0,High-Volatility Transition
2026-05-07,-0.0174085968313082,0.0178646000859661,0.0222443126295488,0,High-Volatility Transition
2026-05-08,0.0022093920105095,0.0176404029833368,0.0352648906425883,0,High-Volatility Transition
2026-05-09,0.0059561145630133,0.0176197226036926,0.0393283377312105,0,High-Volatility Transition
2026-05-10,0.0182802215081221,0.0176567686856637,0.0442601010213876,0,High-Volatility Transition
2026-05-11,-0.0049992471786796,0.0177270793981867,0.0563766595091876,0,High-Volatility Transition
2026-05-12,-0.0153044261941864,0.0168364859991042,0.0540508709505052,0,High-Volatility Transition
2026-05-13,-0.0149156611043906,0.0145149110456427,0.0462016765049597,0,High-Volatility Transition
2026-05-14,0.0223788764707975,0.0149196837978532,0.0622104969687065,0,High-Volatility Transition
2026-05-15,-0.0244977136379759,0.0157023436914765,0.0113416606441627,0,High-Volatility Transition
2026-05-16,-0.0118160267665125,0.015892041467357,-0.0066848574034815,0,High-Volatility Transition
2026-05-17,-0.0089859595569324,0.0152824447989554,-0.0141189207922535,0,High-Volatility Transition
2026-05-18,-0.0061369452011545,0.0149369144214385,-0.0359991199819298,0,High-Volatility Transition
2026-05-19,-0.0026413853862292,0.0141700092079356,-0.0516038604595979,0,High-Volatility Transition
2026-05-20,0.0092098871796708,0.0133925854357022,-0.0487520344969318,0,High-Volatility Transition
2026-05-21,0.0010508749979196,0.013351717972861,-0.0308813967474179,0,High-Volatility Transition
2026-05-22,-0.0264502397679237,0.0134642774555623,-0.0585947494063175,0,High-Volatility Transition
2026-05-23,0.0156994647862689,0.0138066609833194,-0.0494766169890495,0,High-Volatility Transition
2026-05-24,0.0040138815313457,0.0137041896171477,-0.0627936680831248,0,High-Volatility Transition
2026-05-25,0.0038815318365379,0.0137183751158091,-0.0544287273513552,0,High-Volatility Transition
2026-05-26,-0.0188172442493205,0.0138864069391711,-0.0578019727759673,0,High-Volatility Transition
2026-05-27,-0.0195320396460056,0.0140159077729038,-0.0622173741615028,0,High-Volatility Transition
2026-05-28,-0.0108702893888917,0.0139556552813646,-0.0927153537113862,0,High-Volatility Transition
2026-05-29,-0.0022306083103439,0.0139057337890573,-0.0720054045257271,0,High-Volatility Transition
2026-05-30,0.0052105676905831,0.0138747153476046,-0.0560158842911344,0,High-Volatility Transition
2026-05-31,-0.0023747383513729,0.0130047349845838,-0.0497184076169435,0,High-Volatility Transition
2026-06-01,-0.0307138306682805,0.0139241560533385,-0.0732175826237491,0,High-Volatility Transition
2026-06-02,-0.0647242267468118,0.0178849127702474,-0.1309072490593555,2,High-Volatility Bearish
2026-06-03,-0.040316966320718,0.018501174517656,-0.173557870997252,2,High-Volatility Bearish
2026-06-04,-0.0033241439086123,0.0180930144926948,-0.1771697752768912,0,High-Volatility Transition
2026-06-05,-0.0451228090411904,0.0191274617598248,-0.1929515616825674,2,High-Volatility Bearish
2026-06-06,-0.0009069515189049,0.0191277674159062,-0.206146589158495,0,High-Volatility Transition
2026-06-07,0.0389716814043434,0.0209539646698369,-0.178506165878324,0,High-Volatility Transition
2026-06-08,-0.0023550097882448,0.0208221580873493,-0.183609637083367,0,High-Volatility Transition
2026-06-09,-0.0229322407245384,0.0203872629649094,-0.1870335083714775,0,High-Volatility Transition
2026-06-10,-0.0031550982687325,0.0204035088948383,-0.1734543756374708,0,High-Volatility Transition
2026-06-11,0.0343659895373587,0.0218592206311909,-0.1356536220984482,0,High-Volatility Transition
2026-06-12,-0.0002809183837144,0.0218536571569357,-0.1339646472309595,0,High-Volatility Transition
2026-06-13,0.0138193388245533,0.0215084828790689,-0.1265477931055156,0,High-Volatility Transition
2026-06-14,0.0200100546578769,0.021821111167889,-0.106949204731265,0,High-Volatility Transition
2026-06-15,0.0088129364038296,0.0219533806935594,-0.0705312593555587,0,High-Volatility Transition
2026-06-16,-0.0103916815634451,0.0219631773626391,-0.0165360594457668,0,High-Volatility Transition
2026-06-17,-0.0180210940203756,0.0220861016998587,0.0063123036710874,0,High-Volatility Transition
2026-06-18,-0.0236263487711752,0.0223179519084866,-0.0141861948326975,0,High-Volatility Transition
2026-06-19,0.0102448238197976,0.0223436499857372,0.0429752677622881,0,High-Volatility Transition
2026-06-20,0.0109982790348774,0.0225300759643185,0.0554034005007553,0,High-Volatility Transition
2026-06-21,-0.0155999653884072,0.0222761921912187,-3.1316948083781604e-05,0,High-Volatility Transition
2026-06-22,0.0112997187563508,0.0221449376393952,0.01365521589089,0,High-Volatility Transition
2026-06-23,-0.0200788688361083,0.0222139354986367,0.0166154356608356,0,High-Volatility Transition
2026-06-24,-0.0266944245448158,0.0224173257373811,-0.007390748647036,0,High-Volatility Transition
2026-06-25,-0.0208780106302026,0.0224559719162177,-0.0604045814709405,0,High-Volatility Transition
2026-06-26,0.0049354594022048,0.0224549880465574,-0.0555019195541124,0,High-Volatility Transition
2026-06-27,-0.0012718522519159,0.0224643203066203,-0.0695612301802968,0,High-Volatility Transition
2026-06-28,-0.0068027552246986,0.0224495498556886,-0.0940194967715226,0,High-Volatility Transition
2026-06-29,0.0101799973609406,0.0225585091976865,-0.0927917859351782,0,High-Volatility Transition
2026-06-30,-0.0262647507295187,0.0228267990875834,-0.1073431780987276,0,High-Volatility Transition
2026-07-01,0.0246742927188376,0.0231082518656616,-0.068531419511662,0,High-Volatility Transition
2026-07-02,0.0246908364202711,0.0208606698822106,-0.0224364231474875,0,High-Volatility Transition
2026-07-03,0.0172219770261401,0.0198862395895524,-0.0156849796519881,0,High-Volatility Transition
2026-07-04,0.0086995352973819,0.0199501439560684,-0.0179230526889747,0,High-Volatility Transition
2026-07-05,0.0072846802157144,0.0180867212583493,0.004907587401421,0,High-Volatility Transition
2026-07-06,0.0070361559301554,0.018107414361215,0.0006709733156631,0,High-Volatility Transition
2026-07-07,-0.0109011785829999,0.0168237510505454,0.0100430012741372,0,High-Volatility Transition
2026-07-08,-0.0164275373449477,0.017090575730416,0.0206974122038681,0,High-Volatility Transition
2026-07-09,0.0150274762627715,0.0167593110452309,0.0581275158615004,0,High-Volatility Transition
2026-07-10,0.0147799597043933,0.0169263798601402,0.0684930936229311,0,High-Volatility Transition
2026-07-11,-0.005069823448876,0.0157836238067009,0.0644298197451687,0,High-Volatility Transition
2026-07-12,-0.0006866332556169,0.0157842654306172,0.0709845928673615,0,High-Volatility Transition
2026-07-13,-0.0238259111692953,0.016158886091501,0.0349318060397811,0,High-Volatility Transition
2026-07-14,0.0436540898996216,0.0177211399239626,0.1092448516676729,0,High-Volatility Transition
2026-07-15,-0.0037523532264722,0.0176482980619871,0.0784720384048862,0,High-Volatility Transition
2026-07-16,-0.0142645629989627,0.0177359456604446,0.0374720533115224,0,High-Volatility Transition
2026-07-17,0.0017272445360874,0.0174379999340033,0.0216688635505577,0,High-Volatility Transition
2026-07-18,0.0140398778305421,0.017038820540288,0.0270778694000708,0,High-Volatility Transition
2026-07-19,-0.0016327534538667,0.0169575850097454,0.0179852077585689,0,High-Volatility Transition
2026-07-20,0.0083353833493771,0.0169089183890752,0.0192985610939915,0,High-Volatility Transition
2026-07-21,0.0195477099761198,0.0169618935363452,0.0506771328030941,0,High-Volatility Transition
2026-07-22,-0.006079653635716,0.0169236834567168,0.0617310054957545,0,High-Volatility Transition
2026-07-23,-0.0159753652742934,0.0167612372450897,0.0293016586178065,0,High-Volatility Transition
2026-07-24,-0.0145486837439957,0.0161969992023167,-0.000446683431864,0,High-Volatility Transition
2026-07-25,0.003327947132145,0.0156219730007651,0.0079901090525447,0,High-Volatility Transition
2026-07-26,0.0159922142024842,0.0158085623245267,0.024813774008547,0,High-Volatility Transition
2026-07-27,-0.0247229095127391,0.0165855980331081,0.0238720810583425,0,High-Volatility Transition
2026-07-28,0.0022983927372384,0.0164987200202273,-0.0166997368716197,0,High-Volatility Transition
2026-07-29,0.0005762314378343,0.0164371982276384,-0.0124274071419878,0,High-Volatility Transition
2026-07-30,0.0127861688258623,0.0156353697551983,0.014673740249268,0,High-Volatility Transition
2026-07-31,-0.0295334628993114,0.016220568189482,-0.0169909859617115,0,High-Volatility Transition
2026-08-01,-0.0008027825816142,0.0156290495764157,-0.0313794427635033,0,High-Volatility Transition
2026-08-02,0.0114506320558198,0.0154545337135842,-0.0186858811439947,0,High-Volatility Transition
2026-08-03,-0.0003324022951387,0.0153793280864632,-0.0271213883895375,0,High-Volatility Transition
2026-08-04,0.0093767138844724,0.0154167400645265,-0.0368268140989134,0,High-Volatility Transition
2026-08-05,0.0084542786201808,0.0154400094499345,-0.0227424924671152,0,High-Volatility Transition
2026-08-06,-0.005191945798986,0.0153303599069333,-0.0120332304555417,0,High-Volatility Transition
2026-08-07,0.0096180796653062,0.0150670208086224,0.0121952207951447,0,High-Volatility Transition
2026-08-08,0.0003775589007839,0.014848818299186,0.0092187574405557,0,High-Volatility Transition
2026-08-09,-0.0009213630564047,0.014621242247308,-0.0075820597177624,0,High-Volatility Transition
2026-08-10,-0.0154338860686237,0.0148769536486306,0.0018702216939097,0,High-Volatility Transition
